n_trades,win_rate,avg_return,median_return,std_return,profit_factor,sharpe,sortino,expectancy,max_drawdown,avg_drawdown,cagr_annualized,reward_risk_ratio,ticker,signal_frequency,baseline_avg_return,excess_return_vs_baseline,p_value_vs_baseline,effect_size_vs_baseline,eligible,p_adjusted_vs_baseline,significant_vs_baseline
4370,0.5627002288329519,0.013279690220869245,0.00593769338726069,0.1104540465785855,1.4178477983935416,0.6035407293829751,0.8017611924778721,0.011854837510337342,-0.9999994651761689,-0.8160814493629411,0.19152973023057324,1.0545927707449319,VRT,4370,-0.022089875601970347,0.035369565822839594,0.013466596963065312,0.34037321803618903,True,0.9963579652345987,False
9253,0.52274937857992,0.002193848309448331,0.0033832663868196278,0.07412661606066814,1.0814023842468512,0.14857053638810608,0.22778862925718638,0.0021204132575830606,-0.9999999999842333,-0.9761684540179958,-0.014372617656795806,0.9845970850161532,LVS,9253,-0.016400995344723696,0.018594843654172025,0.031045531892804207,0.27872744853844517,True,0.9963579652345987,False
4039,0.5087893042832384,0.012634635913795282,0.003021663991861212,0.15275508996394976,1.2458400929358844,0.4152095287186468,0.7576339518616937,0.01263463591379526,-0.9999999999997058,-0.9596086632179979,0.0301263812986211,1.2027964692870043,MRNA,4039,-0.005846361962133562,0.018480997875928842,0.29782564334080436,0.1332369073325749,True,0.9963579652345987,False
9312,0.5221219931271478,0.00403037911102378,0.004115286723354039,0.08876058387062226,1.1365714062700683,0.22794287375711694,0.33595088884375884,0.003943914171608415,-0.9999999999984882,-0.9623523276159173,-0.0015687863569769564,1.0372207588688385,HAL,9312,-0.012278176493965396,0.016308555604989176,0.11400267277466544,0.20330842746538486,True,0.9963579652345987,False
4016,0.5087151394422311,0.002056807978277476,0.0012800895658952038,0.0764102471933521,1.0792777539993326,0.1351270868154592,0.19199265511086838,0.002017298850776162,-0.9999784073569259,-0.869809998097748,-0.023164451238343303,1.0407132527551077,DOW,4016,-0.012396747449572079,0.014453555427849554,0.16710253884852197,0.19417594413899614,True,0.9963579652345987,False
9169,0.5464063692878176,0.004100711187586129,0.00582158751418782,0.057228027231012564,1.207761742481296,0.3597084817023164,0.5264190029514432,0.004081709920293792,-0.9999999208095182,-0.7842354686634245,0.06343096898732108,1.0016467145728114,CMI,9169,-0.009706277546364077,0.013806988733950205,0.0671108761810726,0.2537615440190373,True,0.9963579652345987,False
7652,0.5075797177208573,0.0019213283260833282,0.001155427940273679,0.07415664562198072,1.071184446229016,0.13006240464078414,0.20849479565697795,0.0019141632492052536,-0.9999999742152872,-0.9139300701255552,-0.020538433321243416,1.0389165316541462,WDAY,7652,-0.011367351669720449,0.013288679995803777,0.2281533631425745,0.17796292953942125,True,0.9963579652345987,False
9224,0.5538811795316565,0.006893930317262707,0.008423093143283156,0.07730405584523924,1.2743963577851918,0.44767709992181204,0.6510936373553714,0.0068388606932591085,-0.999982478119727,-0.7801943018604938,0.10192545545922926,1.0242065854503812,VLO,9224,-0.00572108585275487,0.012615016170017576,0.19991541478642896,0.17359007083263636,True,0.9963579652345987,False
9327,0.5106679532539938,0.0025538133813241856,0.0016178850336974193,0.07376670829351598,1.100640648401266,0.17379169716072976,0.25678222206803614,0.002525983193061916,-0.9999999992166132,-0.9505890733096322,-0.0053588760496491245,1.0535000453624548,SLB,9327,-0.008648814066112467,0.011202627447436653,0.23409166914379742,0.16128388612357866,True,0.9963579652345987,False
9206,0.5229198348902889,0.0058134886394867295,0.004871435265708879,0.10027342740255436,1.1676966023948656,0.29103903309350393,0.44090861019880445,0.005478775625995219,-0.9999999999999805,-0.9191540159662989,0.01755143318920049,1.0551475322845172,FCX,9206,-0.0053573772297383125,0.011170865869225041,0.4242659169318554,0.11337206991491265,True,0.9963579652345987,False
9265,0.5242309767943875,0.004236054147188027,0.004921402636255623,0.08365315760647456,1.1447181579239287,0.25420227591589256,0.38073324723387225,0.004156151339669834,-0.9999999996234962,-0.8985813736360264,0.017444921907783836,1.0360677418640296,LULU,9265,-0.006731297500659123,0.010967351647847151,0.3428048067546031,0.13407401945789524,True,0.9963579652345987,False
8541,0.5643367287202904,0.010280264792730021,0.010013937166584164,0.09796790849530691,1.3998772596726228,0.526769637917187,0.7056989646495169,0.010245673093763882,-0.9999999999947058,-0.7504644409566841,0.13815075374560196,1.0792414723949102,TRGP,8541,-8.160227307968393e-05,0.010361867065809705,0.393764596497651,0.11307246427716663,True,0.9963579652345987,False
9230,0.5276273022751896,0.0017209354982384447,0.0033727187015506477,0.07434477058830609,1.0689459130353884,0.11620222336225107,0.17054049872848814,0.0016807966008195972,-0.9999999999041919,-0.9646865663698619,-0.025313334633639807,0.9554664393106872,AKAM,9230,-0.008588830113989785,0.01030976561222823,0.2971955269250623,0.14445016979912895,True,0.9963579652345987,False
9319,0.5469470973280395,0.005725352775844066,0.006414829010052525,0.0606832005573372,1.2792256289708495,0.4736243732723283,0.7169439256675784,0.005676671874458427,-0.9991559926316015,-0.723120076325478,0.10225057191569534,1.0571117028105195,CAT,9319,-0.004415905636655962,0.010141258412500027,0.14250170774482782,0.18622393597462225,True,0.9963579652345987,False
9278,0.526837680534598,0.0014627992372871423,0.0030113992020870395,0.045729904144129196,1.0871213987655706,0.1605775045788902,0.24443103084414228,0.001397526875140595,-0.9999994157657645,-0.8534757705175744,0.010444963997793294,0.972582217021653,EXPD,9278,-0.008606805438295992,0.010069604675583134,0.12836389332313058,0.22089002221140852,True,0.9963579652345987,False
9281,0.520310311388859,0.001201975263095934,0.0034455328029269205,0.07424686487876263,1.0448739710463366,0.08126764602038827,0.11531373657159383,0.0011356295389774278,-0.9999999999999335,-0.975363974454769,-0.03999241586789895,0.9609205436771134,BBY,9281,-0.008729609478702605,0.00993158474179854,0.46045200502715555,0.11780859097722095,True,0.9963579652345987,False
9288,0.5363910422049957,0.0035268980087255356,0.0035480347946890145,0.0599540547837706,1.1951488111492545,0.29530759100837956,0.41379142945649344,0.0034637209016319948,-0.9999992125580373,-0.7995256751864387,0.044607522523339084,1.0293824866803394,STZ,9288,-0.005807232035498824,0.00933413004422436,0.264857329416747,0.15856257079896355,True,0.9963579652345987,False
8197,0.5582530193973405,0.00586528793294562,0.006165087456537766,0.057208958590092174,1.3225682953419766,0.5146661025000528,0.7367585091632529,0.005825026457780387,-0.9984846809990864,-0.6599403482263877,0.1118408798397817,1.0442393468248605,HII,8197,-0.0033851482868214734,0.009250436219767094,0.3945840668562791,0.1374892678313929,True,0.9963579652345987,False
9130,0.5299014238773275,0.003679589131478344,0.003366994337881346,0.0516002764524299,1.2035148604571027,0.3579707728754459,0.5576503446705601,0.0036246598059063093,-0.9998240525512683,-0.7137742355928911,0.060752510541058256,1.0644564051045768,PCAR,9130,-0.0055179942287948355,0.00919758336027318,0.16764406513420568,0.18851186651425328,True,0.9963579652345987,False
9186,0.5401698236446767,0.006989184991671311,0.005723462624525721,0.07696983908959035,1.277232949029068,0.4558334877465628,0.6970742590845797,0.006827001559866347,-0.9999999999893702,-0.8431014057710803,0.10627570110464254,1.0803197676491332,FIX,9186,-0.0021982849340682438,0.009187469925739555,0.40181017597865093,0.12025297837367498,True,0.9963579652345987,False
8943,0.5545119087554512,0.004170372326341123,0.0054810518765398,0.0459383566369596,1.2762083509981668,0.4557216335082814,0.632313862536655,0.004170372326341125,-0.9998624873837407,-0.70000750173449,0.08092673799148362,1.025290193663379,AZO,8943,-0.004995259602852032,0.009165631929193155,0.14956804580327124,0.20447148232995038,True,0.9963579652345987,False
9503,0.5153109544354414,0.0011270564245704378,0.0016427399162616263,0.05744213795328033,1.0532566612218026,0.09849526062418991,0.15315442855201813,0.0010301278831300158,-0.9999939139832216,-0.8964106755046394,-0.013224341763072847,0.9861510703904361,BEN,9503,-0.007807759139378608,0.008934815563949046,0.3429320815785326,0.145452668331377,True,0.9963579652345987,False
9101,0.5562026150972421,0.00385667367359038,0.0057631637393043,0.04582462181321366,1.245213878417669,0.42248789891581334,0.6191302606974517,0.0037665991489690374,-0.9997747966625357,-0.7016278982422127,0.07298241539027689,0.9879057557734805,ROL,9101,-0.004949883565634009,0.008806557239224388,0.21488028908565054,0.18576602668437103,True,0.9963579652345987,False
9405,0.5334396597554493,0.0027303161585012286,0.003525328985064302,0.06014711141765844,1.1347389989624435,0.22787591980160143,0.3200225529316261,0.002730316158501226,-0.9999993444406723,-0.8332865559616242,0.02285252395636502,0.9924725388573253,FDX,9405,-0.005963382371280028,0.008693698529781257,0.3344972740259872,0.14200368291720372,True,0.9963579652345987,False
9353,0.5182294450978295,0.0024971802617186943,0.002686653921144977,0.06762503843002078,1.1089136471493442,0.1853713611882341,0.267647425028484,0.002446183653799148,-0.9999999986519545,-0.8924454873723667,0.0042420851598392,1.0286106370091708,COP,9353,-0.005870562326338669,0.008367742588057364,0.3256266887920824,0.13206860802373352,True,0.9963579652345987,False
9222,0.5209282151377141,0.004030116183050661,0.0035495199331012084,0.07599511035713637,1.1496655040352364,0.2662147943572219,0.4193973422815302,0.003907662846097677,-0.999999971043747,-0.8789655662327651,0.02863734903758309,1.0525039314627331,CF,9222,-0.004287923894648045,0.008318040077698706,0.43646731209317857,0.11090178616479174,True,0.9963579652345987,False
9539,0.5225914666107558,0.002427760646461923,0.003552577710214333,0.08370632474032338,1.0798760976921382,0.14559547034386042,0.22118148189575662,0.0023943532142880718,-0.9999999999998224,-0.9770453338519199,-0.02789965020383965,0.9854275563493552,ALB,9539,-0.005786321505354152,0.008214082151816075,0.5197808800109202,0.09537662089384934,True,0.9963579652345987,False
9162,0.5338354071163501,0.003532412321137283,0.003537432512024874,0.04972467243550648,1.2024658208907102,0.3566151017081399,0.5681864454288637,0.003479145427907039,-0.9999676022736053,-0.7325549003280297,0.059513285492150465,1.0468410274693607,FAST,9162,-0.004538956755682463,0.008071369076819747,0.22254595446783956,0.1692175321571905,True,0.9963579652345987,False
9365,0.5074212493326214,0.0014075675839033185,0.0014005658745649407,0.0718737972412883,1.05477169314404,0.09831028085049145,0.14423241127878098,0.0013852644252697853,-0.9999999999994565,-0.9728125504040698,-0.030681485516544673,1.0230308783040574,EOG,9365,-0.0065552916406586845,0.007962859224562004,0.3590076381068478,0.1203036634075063,True,0.9963579652345987,False
8932,0.5518360949395432,0.004915146404936581,0.005298418287826068,0.047317630968205626,1.3259188613540012,0.5214512777703908,0.7423763946724466,0.0049113780666763356,-0.9999935680794036,-0.6694589351349209,0.09979009433291161,1.0765525021583917,ORLY,8932,-0.002632248360103403,0.007547394765039984,0.20251189202216213,0.17093173138599893,True,0.9963579652345987,False
7768,0.49060247167868176,0.0006190636246967869,-0.0013976121726974045,0.11278282191368648,1.0167333544156698,0.027554504128021327,0.037694043655992264,0.000506528909763819,-1.0,-0.9825864904115944,-0.14880329241190884,1.0524830971319385,NCLH,7768,-0.006848639997300854,0.007467703621997641,0.6796632081659159,0.06223195437559583,True,0.9963579652345987,False
9276,0.5443078913324709,0.0022816912356225156,0.00512521768231089,0.06736258004048518,1.0967502108481413,0.1700350415846173,0.2342725669453189,0.0022649417181870926,-0.9999999765948464,-0.9215386598004109,-0.0009448638163275157,0.9175426600559613,CRL,9276,-0.004989487263421399,0.007271178499043915,0.4259099937515563,0.11132650955417393,True,0.9963579652345987,False
9285,0.5289176090468498,0.001804905921331186,0.003670304926226553,0.060381154847791885,1.0839686045142933,0.15005602060832562,0.2148344390737639,0.0017408299940684865,-0.9999999329370505,-0.9173176647130737,-0.0010983883632028448,0.9625711839313446,DD,9285,-0.005440607762828641,0.007245513684159826,0.2885506611257171,0.13384419545053486,True,0.9963579652345987,False
9318,0.5182442584245546,0.0010783803240453432,0.002512608500208069,0.08620314910756213,1.037498856335459,0.06279847452467048,0.0807856072725935,0.0009561440761668982,-0.999999999999917,-0.9796821272604849,-0.0706355254761563,0.96036858310613,PSKY,9318,-0.006120717259559033,0.0071990975836043756,0.45013644600519076,0.09382933250177626,True,0.9963579652345987,False
8738,0.5547035934996567,0.004656575616783409,0.0050521366525877465,0.05005236900921509,1.296946813494551,0.46702732632439264,0.703177692461374,0.004628313361869009,-0.9999052275891332,-0.6448799577008624,0.08974656234142155,1.0392699450408163,ERIE,8738,-0.002050402098270565,0.006706977715053974,0.36306698113932045,0.13274341604817996,True,0.9963579652345987,False
9311,0.5451616367737085,0.00357887401521291,0.005229813617162682,0.05155797830819059,1.2058183336594712,0.3484582902725416,0.5123039342598197,0.0034922203142306596,-0.9999941916242118,-0.748180091331427,0.05810189641948828,1.0010477655715153,CSX,9311,-0.0030924915624530726,0.006671365577665983,0.3103668400836254,0.13733618746770776,True,0.9963579652345987,False
9276,0.536222509702458,0.003189428071530676,0.0044747647769737275,0.05510389496140954,1.1661968785066539,0.2905566269125803,0.43119120082364193,0.0031849661646013404,-0.9999998738754612,-0.8252934873697036,0.04265628818999863,1.008406267482332,DE,9276,-0.003456666326782119,0.006646094398312795,0.3417905023346542,0.12827556307924629,True,0.9963579652345987,False
9051,0.5282289249806651,0.0039774354468257635,0.004375205234638635,0.06950487111425868,1.1724676504685987,0.2872686066283033,0.4028120609610983,0.0038579998825880937,-0.9999999924913816,-0.8158141517904303,0.038544134403169714,1.0417574940787717,LYB,9051,-0.0026010562666912793,0.006578491713517043,0.5865868945748911,0.08483562272433545,True,0.9963579652345987,False
9377,0.5082649034872561,0.0017338267263524011,0.0011362577389675277,0.08487957003807516,1.0671386263620035,0.10254223820111982,0.14262035958745176,0.0016664436122171764,-0.9999999999999998,-0.9628459493284693,-0.05128648928469172,1.029746232194472,OXY,9377,-0.0048296052320890934,0.006563431958441494,0.5656310139468527,0.07996059870747474,True,0.9963579652345987,False
8030,0.5339975093399751,0.00457932023642343,0.004187001931351186,0.06924062789380984,1.2027989613067038,0.3320016851715967,0.47766040021753936,0.004579320236423438,-0.9999842699074055,-0.7532689945491359,0.05585301089155122,1.049644056252259,PSX,8030,-0.0019799896014635965,0.006559309837887026,0.4657813817734131,0.09918819241607704,True,0.9963579652345987,False
9525,0.5376377952755905,0.001621510855132578,0.003268903175613014,0.04771853498254205,1.0986669308558101,0.17058193201993938,0.22637863038021092,0.0015615867434250266,-0.9999996204524289,-0.8537165839733022,0.011566084660199863,0.9414080243302666,GPC,9525,-0.0048521357326009,0.006473646587733478,0.26346445481463515,0.14716986653552006,True,0.9963579652345987,False
9070,0.5425578831312018,0.0047578674393803835,0.0067740225704714385,0.06842971000392259,1.1960891953449102,0.3490341400993299,0.5249634007474551,0.00469924508627715,-0.9999994585145899,-0.8615685332677996,0.061807494733043276,1.006017715816416,BX,9070,-0.0017114539842473355,0.006469321423627719,0.4348244571924175,0.10251674784599142,True,0.9963579652345987,False
8645,0.5082706766917293,0.0011271007516570459,0.00103733650941229,0.05691128417494821,1.059710387076478,0.0994179089569439,0.13229358190977464,0.0008659952732907247,-0.999999987132908,-0.9699502923331027,-0.013549675957907691,1.0112347867573217,KMI,8645,-0.005125188288607665,0.006252289040264711,0.4221364227222298,0.11226307329143626,True,0.9963579652345987,False
9204,0.532051282051282,0.005658499699131954,0.0040494214214072954,0.06059861256788902,1.289004671879938,0.4687474159361321,0.7179613888330064,0.005594649305209889,-0.9999967087776312,-0.7352497480131398,0.10076749133279339,1.1300177774924594,EME,9204,-0.0005383520356338886,0.0061968517347658425,0.3626163628903735,0.11428082293641693,True,0.9963579652345987,False
9077,0.541698799162719,0.004810870402456821,0.005364999760369971,0.07370285012790147,1.1990606291630557,0.32767223668446166,0.45224206827571684,0.0047992456477911685,-0.9999999786917095,-0.8109454031653959,0.05232102867273673,1.0139707333862082,ULTA,9077,-0.0013811596565841365,0.006192030059040958,0.572659370120874,0.08264809570938034,True,0.9963579652345987,False
9143,0.5173356666302089,0.00922873717032451,0.0036023020103770342,0.13556069894401768,1.2280146408550636,0.34175017741631925,0.5181761772360626,0.008895843530423539,-1.0,-0.975646709708362,-0.06521409057022504,1.1363678822457957,SMCI,9143,0.0031765147663414435,0.006052222403983067,0.6996114134229245,0.04925807646977194,True,0.9963579652345987,False
9230,0.5299024918743228,0.0035941485009039122,0.002813062561141666,0.05123664871563684,1.2076564182573786,0.35214017179261164,0.5424297652723631,0.0035941485009039036,-0.9999987281407298,-0.7254473887571012,0.05909894774482431,1.071359885262475,GWW,9230,-0.00240602860030496,0.006000177101208872,0.28877770964713484,0.13180006402922217,True,0.9963579652345987,False
9300,0.5396774193548387,0.0012279323492468495,0.004587049575809576,0.05409518809717385,1.0633304959751058,0.11395045822457459,0.1579537956117249,0.00119617640186016,-0.999999996760627,-0.8650833244348878,-0.006595071557240084,0.9054940306430767,CI,9300,-0.004762892243571685,0.005990824592818534,0.4846471619991183,0.1054383886164249,True,0.9963579652345987,False
8958,0.5144005358338914,0.004553634837534366,0.0020844868318481424,0.0720751393549974,1.1859269094115636,0.3171560356116468,0.5324462745772134,0.004553634837534359,-0.9999999998954391,-0.8629006940186883,0.05156831749153033,1.1195273558898227,REGN,8958,-0.0012661820354811408,0.0058198168730155065,0.43197708301260657,0.09313213662386559,True,0.9963579652345987,False
9398,0.5190466056607789,0.0016476253434393807,0.0015513786821348408,0.04861464844808093,1.0994969240793016,0.17013418476520414,0.24126672653174117,0.0016329578849838128,-0.9999981389274267,-0.8715441489861507,0.011463474285083024,1.0179024413985496,XOM,9398,-0.0041386525360595314,0.005786277879498912,0.27836474711138515,0.13423232448502037,True,0.9963579652345987,False
8257,0.5417221751241371,0.0060943186139033635,0.006460696097601026,0.07055057298586082,1.2570134108775821,0.433635551697422,0.6554123323469171,0.005961989791796185,-0.9999915584939797,-0.7848205249807897,0.09449169813316312,1.0574874726430452,APO,8257,0.0007258675537184134,0.0053684510601849506,0.6497520032020612,0.06974259803545788,True,0.9963579652345987,False
9153,0.5520594340653338,0.0037761745005098686,0.0053882751316916,0.06206469782738721,1.1920424988779206,0.30542717857877844,0.40134720524721085,0.0037039717229013953,-0.9999995766891423,-0.7652504353142463,0.046433668045483496,0.9636836746321602,IT,9153,-0.0014658037027923336,0.005241978203302202,0.6166941986765982,0.07755735113584872,True,0.9963579652345987,False
6227,0.5209571222097318,5.5725505960066574e-05,0.0033518988868802557,0.07402701279865961,1.0020193592899331,0.0037788883975622164,0.0053925884144733925,2.7944663331402192e-05,-0.9999999999878959,-0.9542621185589322,-0.06700740064869773,0.9204740106917388,PYPL,6227,-0.005169611235923422,0.005225336741883488,0.6518923736472346,0.06728249634421013,True,0.9963579652345987,False
9330,0.5506966773847802,0.002943463076419332,0.005865220160352513,0.052079993406212464,1.1612436052695305,0.2837186874903066,0.39525290461451923,0.0029041867611808436,-0.9999992911406193,-0.7841643853970159,0.040046839982444314,0.9454032699187322,DOV,9330,-0.0022709750660019185,0.00521443814242125,0.43840646160876345,0.10555646436798807,True,0.9963579652345987,False
9256,0.5220397579948142,0.001983653776246569,0.0023951255563336993,0.04970569805199663,1.1135229490824954,0.20033644665841777,0.2927911906786437,0.0018402970447527235,-0.9999997315924211,-0.8679504282882523,0.01875493707159595,1.0112042012777298,KR,9256,-0.0032010337612494223,0.005184687537495991,0.37381532219845265,0.11461591511517726,True,0.9963579652345987,False
9264,0.5268782383419689,0.0034612650979914585,0.0030379411642048604,0.04588584785043873,1.2136828440787728,0.3786660529624689,0.6183359950665809,0.003453870374312721,-0.999678671167706,-0.6962348176405591,0.06252699881443233,1.0893555705611766,AMGN,9264,-0.001680060324332936,0.005141325422324395,0.4222375948721467,0.11395018366735904,True,0.9963579652345987,False
9333,0.5485910211078967,0.003948703078646673,0.003962691013235098,0.04871782030467275,1.2657710818195471,0.40688052157031784,0.5566575413411055,0.003927513345253186,-0.999832727873658,-0.6712351289263047,0.07172119582003074,1.0400583869560223,CINF,9333,-0.0011486587645904848,0.005097361843237158,0.28134621999153303,0.12301573584328737,True,0.9963579652345987,False
9554,0.5014653548252042,0.0020626414343504294,0.000400258820211552,0.10720686883460237,1.0589641767022644,0.09658315680442182,0.1346078263116247,0.001989043151068598,-1.0,-0.9682796027198285,-0.12556406038971601,1.0505649617753836,APA,9554,-0.003023382843130318,0.005086024277480747,0.7091895792199902,0.05030834820528787,True,0.9963579652345987,False
9245,0.5136830719307733,0.001281278776159098,0.0013775337854435854,0.08596066612778205,1.0571796307549322,0.07482455289017512,0.08823231832231405,0.001130755098110895,-1.0,-0.9636429769325585,-0.1028547574303359,0.994180718246268,PCG,9245,-0.0037175431836705595,0.004998821959829657,0.8388060674347061,0.036941623281448586,True,0.9963579652345987,False
9332,0.531504500642949,0.0024393419656814175,0.002948939332923839,0.04663168467070602,1.1492483633948343,0.26259826486793736,0.4013539709041942,0.002435602734614694,-0.999895641557902,-0.7570392068032337,0.034604098426818025,1.0127751202416977,APD,9332,-0.002236722924987195,0.004676064890668612,0.477351180637744,0.10141016445711547,True,0.9963579652345987,False
9221,0.5246719444745689,0.00160360185175437,0.002628010186984442,0.04750109305022569,1.0955624271050983,0.16947015089782602,0.24413253956210074,0.0015575327422980186,-0.9999891103800236,-0.8287006629371195,0.011827653447970337,0.989810535112936,BF-B,9221,-0.002893944587642252,0.004497546439396622,0.4681470410064994,0.09935773042842064,True,0.9963579652345987,False
9309,0.5318508969814159,0.005128820598845199,0.005396842403212476,0.07387797166103816,1.1993685123630362,0.34850002634125143,0.5466077878313402,0.004998295404916166,-0.9999997927395182,-0.84969685716372,0.06181547017331748,1.0503861582722933,STLD,9309,0.000655381848648757,0.004473438750196442,0.6474971008748631,0.06307092191704948,True,0.9963579652345987,False
9411,0.5018595260864945,0.00045605183076905404,0.00045680535116843224,0.08820681288367584,1.014977204762565,0.025954480681804434,0.0411700716582754,0.00041051709350424515,-1.0,-0.9705701896753886,-0.08062819522578282,1.0059513647032747,EQT,9411,-0.003751419290573514,0.004207471121342568,0.651243457976813,0.054470270379199326,True,0.9963579652345987,False
8907,0.5414842258897496,0.0040045637128073575,0.0043418993649722015,0.04987004390664649,1.2425999133847658,0.4031027189572933,0.6174483036480427,0.003972165550419092,-0.9999997876785512,-0.7334143922328124,0.07200146443954648,1.0501424936670756,CASY,8907,-0.0002008384003064005,0.004205402113113758,0.5381888093159082,0.08649263749924553,True,0.9963579652345987,False
9206,0.5330219422116012,0.001977681876007769,0.0027274239989640847,0.04107133635478986,1.1414042117491638,0.2417229412595411,0.3361037481701641,0.0019385327698404637,-0.9999921995317504,-0.7934528642581262,0.028694184469261055,0.9971876616606208,HSY,9206,-0.002098316048242567,0.004075997924250336,0.5065634295026016,0.09749237904785006,True,0.9963579652345987,False
1901,0.4950026301946344,-0.00016174350844824377,-0.00014075483576858616,0.06080795476812025,0.9929975952621396,-0.013352627489550281,-0.02001493218143931,-0.0002826769139371993,-0.9963134197519243,-0.806319684835704,-0.050039754656305516,1.007771204543404,GEHC,1901,-0.0040074074913368255,0.0038456639828885818,0.530941981973316,0.073602386810307,True,0.9963579652345987,False
9317,0.5501770956316411,0.0033630142393256107,0.00527928604157446,0.05668980284655066,1.1745153979358505,0.2977995450425005,0.41236374705437867,0.003353813672382841,-0.9999997234463561,-0.8191585234675636,0.044567551459616106,0.9598214986252981,INTU,9317,-0.00047007913306431205,0.003833093372389923,0.5851195972331135,0.07256556819483422,True,0.9963579652345987,False
1211,0.48307184145334436,0.0016839823741747581,-0.0027373927587036606,0.06357463351511822,1.071458378141982,0.13297008507567,0.22984174309822422,0.001646276903259563,-0.9939860897756764,-0.7333433117123923,-0.008119338732896126,1.1447204894679295,SOLV,1211,-0.0020981480785184337,0.003782130452693192,0.6725615589213727,0.06042702840202147,True,0.9963579652345987,False
9293,0.5285698913160444,0.0031673172619596304,0.0030780045087466235,0.06065746819746939,1.1512454965714916,0.26212446610591,0.3989330059011633,0.00311460394270361,-0.9999896782452823,-0.799360331962199,0.0338566107099584,1.0242147434888882,STT,9293,-0.0005825399787415174,0.003749857240701148,0.6313573532076269,0.06520243966473731,True,0.9963579652345987,False
3492,0.5280641466208477,0.00563958403323983,0.004025164085487809,0.06769693227085595,1.244712247783575,0.4181945357299062,0.7235573719786274,0.005625591454260569,-0.9993087574737435,-0.7991790498161044,0.08877571341905058,1.1117359393164579,CARR,3492,0.001893449137743323,0.0037461348954965067,0.6947881076301666,0.05605211870421014,True,0.9963579652345987,False
9359,0.5480286355379849,0.0040418894294171216,0.006051259946347365,0.055283128416135065,1.2116847390218657,0.3670219917883961,0.5486659122653731,0.003987568205091854,-0.9999978797494963,-0.760383666302301,0.06496833305458102,0.9964683620967497,ETN,9359,0.0004927757090340885,0.003549113720383033,0.584163577908682,0.07046724900758956,True,0.9963579652345987,False
9007,0.5301432219384923,0.0035637547166213986,0.004219961586406917,0.06621472642836944,1.1538317781310723,0.2701801798421615,0.40906590247533764,0.0035418374314821963,-0.999999813903865,-0.8424527061927964,0.03478072367131735,1.0216546089922878,FFIV,9007,0.00018640638267737003,0.0033773483339440287,0.6835330425772354,0.05448800731129494,True,0.9963579652345987,False
9234,0.5083387481048299,0.0015324391373084693,0.0006641241713361001,0.036494322167678735,1.1176802390453096,0.2107939799607317,0.33942924778044614,0.0014690293717746824,-0.9996701318701623,-0.7080507256005703,0.02213044799890785,1.0757731827879653,VZ,9234,-0.0017492056902707939,0.003281644827579263,0.43188227796735673,0.0997445328260626,True,0.9963579652345987,False
9423,0.5480208001697973,0.004977376999381461,0.005582151467342422,0.06065186479965848,1.2602288794110412,0.411961517041043,0.579265291377761,0.004954895899054342,-0.9999774429599426,-0.737044504639925,0.08151240696239173,1.0381513658045254,PH,9423,0.0018729134452732036,0.003104463554108257,0.656424882502598,0.05660074384712899,True,0.9963579652345987,False
9374,0.5386174525282696,0.0017141272008308567,0.005079302439100042,0.05058364429928365,1.0923957127559445,0.17011131513316866,0.24048668912843993,0.001684052132093352,-0.9999999066487506,-0.8480398229773061,0.0103511061267269,0.9342374109091242,DLR,9374,-0.0013714553737755263,0.003085582574606383,0.6444233253737687,0.06359441455264493,True,0.9963579652345987,False
6074,0.49736582153440895,-0.0008181918994547973,-0.00021985752678943538,0.0496300535014811,0.9556288877275505,-0.08275813641273477,-0.11330001367856694,-0.000848440821422599,-0.9999998259404603,-0.922397051153745,-0.051164084407485724,0.9641697615999913,KHC,6074,-0.003874181381552395,0.003055989482097598,0.7447267179103646,0.052415841799847325,True,0.9963579652345987,False
9013,0.547764340397204,0.0022910021893805884,0.003966485405709985,0.041459457398918355,1.160676085274262,0.27739725594288106,0.3901928357238034,0.0022734898903591216,-0.9999882488976081,-0.7989189299806378,0.036521043272670195,0.9570816980254244,JKHY,9013,-0.0006560448612241698,0.002947047050604758,0.5336475271823957,0.07886995630190596,True,0.9963579652345987,False
9064,0.5476610767872904,0.004594366858808008,0.005268024582624875,0.055429824449659576,1.2655691192645362,0.4160853622932078,0.5680459710813988,0.004569012565546867,-0.9999932860192179,-0.7108386338387884,0.0793103725504237,1.0437630890952883,ROST,9064,0.0016575128841747984,0.0029368539746332098,0.6593202901224331,0.05757472087409462,True,0.9963579652345987,False
9085,0.5360484314804623,0.0034825318308368777,0.0032455521077712213,0.05613181100646126,1.1901874966256216,0.3114485481672793,0.42959270706277797,0.003430251901888892,-0.9999962744490274,-0.7644307161797576,0.04829730625352829,1.0271782440076977,DG,9085,0.0006454313271346008,0.002837100503702277,0.7384070197871324,0.04927674916426817,True,0.9963579652345987,False
9127,0.5500164347540265,0.004209311783098093,0.005393358993090125,0.05440527434965432,1.2313796514192252,0.3883920759781362,0.574039605389585,0.004178251878609946,-0.9999999202617676,-0.7391872696238878,0.07098906658353053,1.0057084802427938,MNST,9127,0.0016323359265347057,0.002576975856563387,0.7289727917043567,0.04859916641302339,True,0.9963579652345987,False
9235,0.5332972387655658,0.003256418169541818,0.003343887035045956,0.04608065967673749,1.2063297914659983,0.3547494672924959,0.5393264865571432,0.003208670054820135,-0.9999913898119055,-0.7295501781048334,0.05671569972602612,1.0525074343003848,UNP,9235,0.0006862919081220286,0.0025701262614197893,0.7069083680076784,0.05495385057127254,True,0.9963579652345987,False
9393,0.5096348344511871,0.0006705606702271133,0.001981715474013157,0.08941504843659134,1.021083017722871,0.03764677095999871,0.05300235555284527,0.0004900041510464553,-1.0,-0.9711221961979821,-0.08541678212912451,0.9769292294068829,MGM,9393,-0.0018093619103406002,0.0024799225805677136,0.7870884247824439,0.03196345397071294,True,0.9963579652345987,False
9141,0.5096816540859862,2.9992509862069526e-05,0.0017748805379766974,0.08892869358152296,1.0009203443308898,0.0016930553966151857,0.0024650485457391232,8.165076998557785e-06,-1.0,-0.9827774024157752,-0.09664762478314141,0.9622498867263481,WYNN,9141,-0.002418930047547456,0.0024489225574095257,0.7886237271882487,0.031734828626623496,True,0.9963579652345987,False
9249,0.5258946913179803,0.0036242907706913476,0.0043855899593903125,0.07514165913128483,1.1337672861759216,0.24212661105147304,0.3636086596859666,0.003574770095535248,-0.9999998764447865,-0.8967991253006119,0.01919217900814737,1.0202507013963833,SWKS,9249,0.0011762090245348556,0.002448081746156492,0.8429159548125418,0.030347671771437847,True,0.9963579652345987,False
9273,0.5542974226248247,0.003911475025492312,0.005198159065414654,0.044530508201694324,1.2781486216203455,0.4409437391273142,0.6161338474807457,0.0038842022282577285,-0.9988799916830001,-0.6656293588343318,0.0760544758865812,1.0257515689073784,LMT,9273,0.001516345944414691,0.0023951290810776205,0.6406824653779534,0.05944533921909075,True,0.9963579652345987,False
9052,0.5280600972160848,0.002296355038115833,0.0022941086584546966,0.046109999899247536,1.1476284247097963,0.2500024035549396,0.34545890702715204,0.0022890693400371594,-0.9999926207803165,-0.8118658169071608,0.030883182636812074,1.0251827141236047,CME,9052,-7.522119041060624e-05,0.0023715762285264393,0.7135420950726014,0.05215188492828236,True,0.9963579652345987,False
9291,0.5418146593477559,0.004431665471499031,0.004914096172331961,0.06561541124510721,1.2025746634158776,0.3390481547504748,0.4849180440357811,0.004411090158411207,-0.9999999983693135,-0.8719622663966963,0.058286873702523,1.0160012005378878,PWR,9291,0.0020970490670329626,0.0023346164044660686,0.7834677034816289,0.037430957174069954,True,0.9963579652345987,False
6649,0.5230861783726877,0.002717160463769715,0.0034991324192152895,0.07250955170016231,1.110556420939032,0.18811366164133841,0.2593560813454234,0.002521855803500145,-0.999996671120332,-0.8968085777849124,-2.9730805906488006e-05,1.0045458597683137,SYF,6649,0.00038468012592502766,0.0023324803378446876,0.8196435538976772,0.032352337882581544,True,0.9963579652345987,False
9076,0.5361392684001763,0.004073660020793555,0.006489050294360865,0.08547650686923614,1.1346768158198122,0.23924247440073682,0.36059132278957323,0.004073660020793565,-0.9999999999976372,-0.9177709193254464,0.009132969570849058,0.9817076437734092,DECK,9076,0.0017479116952215752,0.00232574832557198,0.8469352660347078,0.02750057972268069,True,0.9963579652345987,False
9078,0.5287508261731659,0.0012362163696492687,0.0029191590385228006,0.04511931569057713,1.0740630973873004,0.13754102492054696,0.20166166848272912,0.0011853399036895994,-0.9999999161120862,-0.8435086289168573,0.005287949212546122,0.9543498146576742,CMCSA,9078,-0.0009091355118721011,0.00214535188152137,0.6854181373354706,0.05216426858828044,True,0.9963579652345987,False
9362,0.5504165776543474,0.0034143565754558157,0.003856579258224524,0.04306202409413177,1.2556278123117592,0.3980289904775209,0.541803147712391,0.003350585989675728,-0.9999726877679606,-0.6944111219388573,0.06434111843605748,1.0207306240585987,WRB,9362,0.0012974263252125287,0.002116930250243287,0.6302036208427744,0.056778825524280374,True,0.9963579652345987,False
3993,0.527923866766842,0.0026996999529880277,0.0036655400622420675,0.06002132028730684,1.1301173969785037,0.2257928706155446,0.3301904394733523,0.0025890429610436853,-0.9989448240020017,-0.8437641734335234,0.022514210250506938,1.0052040414301207,FOX,3993,0.0005880885293861678,0.00211161142360186,0.7876476338756158,0.036935029956370415,True,0.9963579652345987,False
9298,0.5380727038072703,0.0024618755501002332,0.003790802570892371,0.04710563690983321,1.1587368124615212,0.2623575009096821,0.34404280472481996,0.002382024941960749,-0.9951581992342601,-0.7033377404729162,0.0340068082786836,0.9896626823202237,EIX,9298,0.0004929900212964197,0.0019688855288038133,0.7837170756865925,0.040612032566577055,True,0.9963579652345987,False
9195,0.5249592169657422,0.002322479638448406,0.0022700165788740456,0.05256184048354382,1.1300021552466726,0.22181025527872658,0.32488337448750537,0.0022691514837959725,-0.9998656235507021,-0.8440355176872701,0.023919046913423718,1.0195068129478475,DIS,9195,0.00038061784803732323,0.0019418617904110825,0.7419913592477936,0.0412436740201017,True,0.9963579652345987,False
9221,0.5249972887973104,0.0022688869199263737,0.0033823211898682537,0.0632135969997157,1.1035579462337135,0.18017835535955543,0.25849114820004604,0.0022287966245320076,-0.9999994057625365,-0.8587085102321591,0.00607783533909489,0.9966443587964873,UHS,9221,0.00039567215999651714,0.0018732147599298567,0.8159305326042086,0.03140941301159512,True,0.9963579652345987,False
9469,0.5456753617066216,0.0067756980145379985,0.007420285180214092,0.09704796670593299,1.2241171469477587,0.3504837374578611,0.47039294678108007,0.006740519005046731,-0.9999999994374879,-0.8687177230084402,0.04575556646475919,1.0180049120252601,RCL,9469,0.004937769624173249,0.0018379283903647492,0.8636112201025162,0.02127930463723737,True,0.9963579652345987,False
9336,0.531491002570694,0.0021533468319827483,0.003717278535608992,0.05225738230811985,1.1226334917905485,0.20685527724611819,0.29075776880240123,0.0021090765423160684,-0.9999931155327909,-0.8429483694610452,0.01952437017441112,0.9871120364131725,CVX,9336,0.00031729900211500874,0.0018360478298677396,0.7858823716948586,0.03698013707573146,True,0.9963579652345987,False
8897,0.5501854557716084,0.006501708852443735,0.0055793300241633315,0.057193436009370394,1.3577323969090378,0.5706654763785671,0.9353498028495608,0.006419593866906485,-0.9998958297210474,-0.7230610058566863,0.13069736691208017,1.1050471643075803,DPZ,8897,0.004693058357333631,0.0018086504951101033,0.7771297153029814,0.035363244876347406,True,0.9963579652345987,False
9297,0.5412498655480262,0.0029257642335463836,0.004153779658003676,0.05330013865729216,1.1570686636753065,0.27555687954329167,0.3980274165151008,0.00290390121199309,-0.9998303056121941,-0.7781587459501914,0.03828786946797816,0.9795533599476959,BLK,9297,0.0011171417269800075,0.001808622506566376,0.794089954741698,0.0356310576025863,True,0.9963579652345987,False
9317,0.5455618761403885,0.004004021152264885,0.005609055860489542,0.05242721379919165,1.2249253642399098,0.383389182914991,0.5639775393176482,0.003974541407246075,-0.9992531890582376,-0.6891952974835289,0.06806861172629095,1.0186424384501473,NSC,9317,0.0022011606242250993,0.0018028605280397854,0.7804285775002412,0.03695063609639643,True,0.9963579652345987,False
8992,0.5462633451957295,0.00241817514206115,0.0036180758839690075,0.038987750086431905,1.1864374571862666,0.3113578712342797,0.4203170029634126,0.0022474691281234565,-0.9999584940058206,-0.6801930944749358,0.04232723922760793,0.9726758224937084,EVRG,8992,0.0006980040677928522,0.0017201710742682978,0.7179292435321228,0.04761659005458052,True,0.9963579652345987,False
9232,0.5540511265164645,0.0030890666059004692,0.004795685961829332,0.04607762738383741,1.1965523429898728,0.33654057665713594,0.4795504434597842,0.0030814280861915684,-0.9999745588739962,-0.7337793122158435,0.052148284270787375,0.9626222661590083,IEX,9232,0.0014284083222016316,0.0016606582836988376,0.7805352291584802,0.037931768506902885,True,0.9963579652345987,False
9271,0.5315499946068385,0.002762182448930696,0.002167851636098339,0.03452901015945628,1.239636009877589,0.4015766968717597,0.603050793185811,0.0027355806140935083,-0.9992783304871192,-0.6602440407976993,0.056015571774938065,1.0899640484577093,BRK-B,9271,0.0011279951517973372,0.001634187297133359,0.709432499854339,0.050223848144675155,True,0.9963579652345987,False
9008,0.5279751332149201,0.0026250042509037507,0.002739487405308938,0.05418165304584211,1.1434057241252524,0.24320809751097824,0.36647263535478236,0.0025731983877891815,-0.9999999734249523,-0.8777113102489129,0.029619737979187648,1.0193524538038414,GRMN,9008,0.0010397241569110151,0.0015852800939927356,0.773642267982386,0.03382916396078052,True,0.9963579652345987,False
9229,0.554881352259183,0.0035983454942754207,0.004486401692516462,0.05473857407867848,1.2454154433035867,0.32999674040379323,0.3922275939626055,0.003587630077568755,-0.9999377926764557,-0.7083705426300421,0.05206440695839248,0.9983265758174621,GL,9229,0.0020135311805787167,0.001584814313696704,0.8891520347779294,0.023304655303449027,True,0.9963579652345987,False
9022,0.5282642429616493,0.0017406457315510876,0.0028664139267061683,0.04995181038677164,1.0965834392603473,0.17492803876413177,0.2642617956815558,0.0016982006147133917,-0.999999957975601,-0.8700867103414577,0.01237184462992083,0.9769394215483498,SBAC,9022,0.0002057518368155047,0.0015348938947355828,0.7900726108079069,0.03393029840032263,True,0.9963579652345987,False
9011,0.5222505826212407,0.0023758134359636368,0.0030715463519583874,0.05938389018823652,1.1107277491304426,0.2008371084554282,0.3101590594627036,0.002365840695612173,-0.9999999839675887,-0.8458954760460103,0.015346232574447085,1.0156101794535264,CSGP,9011,0.0008676912937695963,0.0015081221421940406,0.8585109711365304,0.025533899796136093,True,0.9963579652345987,False
4641,0.5238095238095238,0.0020611317539770187,0.0027274790560456452,0.06358334313634642,1.1137759973554926,0.1627281419545435,0.20143266573891708,0.0018873402121811038,-0.9999739691165549,-0.8078182551033648,-0.0018878319088178144,1.002902368659471,VICI,4641,0.0005998712327804179,0.0014612605211966009,0.7539985976108786,0.029007563193668047,True,0.9963579652345987,False
8235,0.5539769277474196,0.00716403993321969,0.008017214965569508,0.08221927748281878,1.2789287259414457,0.43740587541927434,0.5965172183200583,0.007136038708017104,-0.9999992865036516,-0.7793774234674931,0.09552740095433805,1.02858165179289,MPC,8235,0.005721566632823591,0.0014424733003960992,0.8874516424375637,0.018731913967202134,True,0.9963579652345987,False
9327,0.5371502090704406,0.0018161920698785703,0.002953992809789918,0.03937473707822212,1.1313411599156493,0.23154978315515296,0.34128718408344316,0.0017937335206931557,-0.9999997386698035,-0.7998476960727052,0.026478064560716368,0.9732695407657582,LIN,9327,0.000387959547457184,0.0014282325224213863,0.7981809283519995,0.036547906488274155,True,0.9963579652345987,False
9318,0.5540888602704443,0.005999895048382104,0.007035545401259613,0.07106636697581628,1.2581255911222524,0.4238184022061483,0.6283891858603893,0.005949437539911465,-0.9999570346249441,-0.8184740307859939,0.09099370503058303,1.0103018982748129,CMG,9318,0.004600671629269035,0.0013992234191130687,0.8634989698655097,0.021805041144387343,True,0.9963579652345987,False
9222,0.5484710474951203,0.0033531004845546567,0.005931060748331385,0.058552935530102795,1.167443558695006,0.28747373107569923,0.402761387833008,0.003304893315255422,-0.9999999514282649,-0.8072668683396715,0.0414633784816052,0.9587901429061004,WAB,9222,0.001955515682538865,0.0013975848020157918,0.8569409411910485,0.02485354512535043,True,0.9963579652345987,False
9130,0.5363636363636364,0.0026311057047990125,0.0033184647152756375,0.04092419068322777,1.184533283639862,0.3227442153953147,0.48863259982884716,0.0025634191946301583,-0.9936839900546599,-0.6653804570567603,0.04613389755983802,1.0190808094700305,MRK,9130,0.0012395112104465562,0.0013915944943524562,0.7688435332313451,0.03751296679574778,True,0.9963579652345987,False
9249,0.5225429776192021,0.0014232386793987728,0.001978924431700335,0.03760678979706542,1.1045776615438418,0.18998168964100506,0.2838351972198365,0.0013582108545900189,-0.9998308915250489,-0.750198601279501,0.01810653518522149,1.0044731683188879,MDLZ,9249,4.89610015472129e-05,0.00137427767785156,0.7865228673872631,0.03772151916513792,True,0.9963579652345987,False
9056,0.5418507067137809,0.004021645002734279,0.004973615196825154,0.051773530027577605,1.2296054217051535,0.38993859753113597,0.5602076550096948,0.003958091077325657,-0.9999739109892156,-0.7853046097393972,0.06942461768524867,1.0359056069551875,CPRT,9056,0.0026886317831735875,0.0013330132195606913,0.8348425995059485,0.027652487621500542,True,0.9963579652345987,False
9231,0.5386198678366374,0.0034631568287650967,0.004493758830561356,0.05666999550153729,1.1800649851644076,0.3067744959500839,0.4307037371483149,0.0033404521862431605,-0.9999999990385027,-0.8266449948695564,0.047196346033077506,1.004431821644363,TT,9231,0.0021561950804919886,0.0013069617482731081,0.827017444457265,0.026328227666629712,True,0.9963579652345987,False
9361,0.5021899369725457,0.00055102828146845,0.0004451336370518977,0.07837272557885061,1.0190302489611804,0.03529467680415822,0.05469882684117223,0.0004450102692148128,-0.999999999999992,-0.9773416570862239,-0.06252784641504747,1.0064576570786559,MOS,9361,-0.000749816033649288,0.0013008443151177381,0.9040134690973517,0.016969703724762964,True,0.9963579652345987,False
9347,0.5292607253664278,0.0049084096123959186,0.005524882837687928,0.09753846881486564,1.1443196889900236,0.25261848990116964,0.3908950538805955,0.004760908409719954,-0.9999999999999992,-0.9356365157675023,0.0027759006584569135,1.0133948974055575,COHR,9347,0.003618424293636938,0.0012899853187589806,0.9264274255674798,0.013260230363792503,True,0.9963579652345987,False
9411,0.5206673042184677,0.00397574451895417,0.002565060512593975,0.08018284280426258,1.1627362558496268,0.24890710269584534,0.36343895448389846,0.0038231554435008835,-0.999999998051905,-0.9092402191785678,0.01830742982213448,1.0637850275456893,INTC,9411,0.0027520896123107257,0.0012236549066434446,0.9082346162811871,0.015889768727668934,True,0.9963579652345987,False
9684,0.5243700950020652,0.00034957741211934327,0.0027247261779104193,0.06134840073800627,1.01595394603705,0.028604896953894572,0.03973017172519979,0.0003400588812002177,-0.9999999999748196,-0.9690085873483218,-0.03884398770344085,0.9211209073561594,SWK,9684,-0.0008650012263726928,0.0012145786384920362,0.8527478527625278,0.022514194938707634,True,0.9963579652345987,False
9124,0.5441692240245506,0.00290875318276103,0.004799930057217683,0.05347470476700723,1.1515528942640416,0.2730604152756078,0.4154558633450849,0.0028439276435865794,-0.9999992830574648,-0.8296189467202432,0.03770647645214584,0.9613669177692754,AOS,9124,0.0017004488779799752,0.0012083043047810547,0.8396631381967469,0.025268306137046583,True,0.9963579652345987,False
9207,0.5344846312588248,0.0027745608659698324,0.004659172247706733,0.055659189810177145,1.142334095260176,0.2502405272868279,0.3604481097845094,0.0027381077616804306,-0.9999999806558628,-0.8747152187631096,0.030788525164315482,0.993071582914658,RMD,9207,0.0016236445170739857,0.0011509163488958468,0.8796958693028463,0.021216953486692974,True,0.9963579652345987,False
9224,0.5261274934952298,0.0025589152306605884,0.003263212550846495,0.05333699960624231,1.1383642084156607,0.24083942860547095,0.3549855993163371,0.0025462132700561878,-0.9999971119194615,-0.80805873515473,0.028882128043894076,1.024598158326727,NTRS,9224,0.0014382912847952958,0.0011206239458652926,0.877527503169782,0.021579070829192287,True,0.9963579652345987,False
9368,0.5472886421861657,0.011645783822429319,0.00924564770041636,0.0907838476492271,1.4128617367417304,0.6439622501701783,1.0508044980618305,0.011592474175335127,-0.9999996642480125,-0.7952150415124064,0.20948268776971415,1.1664996550863553,NVDA,9368,0.01053711756399293,0.001108666258436388,0.9283806348582693,0.01256258550503708,True,0.9963579652345987,False
9332,0.5526146592370339,0.005150817716443801,0.0070112324640525525,0.06505079066511037,1.2339917722325657,0.3974878623226412,0.5849311284357003,0.005124423453224784,-0.9999999995248845,-0.7875466610769091,0.07885862743512657,0.9978176634108589,AMZN,9332,0.004057462908292002,0.0010933548081517993,0.8940855525021941,0.017878679526928516,True,0.9963579652345987,False
9166,0.5571677940213834,0.0037839898963128384,0.006200267038642682,0.05233295828454952,1.2153639842511905,0.36297352844145936,0.502346273500502,0.003779660126100131,-0.9999952026568948,-0.745461157625526,0.06202258556777966,0.965722938729456,HUBB,9166,0.0027394559402979784,0.00104453395601486,0.8352851492929088,0.023510979706242205,True,0.9963579652345987,False
9177,0.5551923286477062,0.0025277630297862097,0.004103570632780329,0.03611160761019769,1.2060051342922555,0.35139032962501904,0.48598212957592996,0.0024885605106319906,-0.9990271011062756,-0.6571488862806887,0.048144347351461184,0.9631471818322253,XEL,9177,0.0015373567238227861,0.0009904063059634235,0.8281561255636375,0.029165891281356198,True,0.9963579652345987,False
9337,0.5405376459248152,0.0016739082315317853,0.003408817137970921,0.03566440295922045,1.1332597819386006,0.23561175668809278,0.335991455411383,0.001618028208519329,-0.9993661717665456,-0.7013324514588885,0.026347969594588603,0.9590157576104146,ED,9337,0.0007540129905429549,0.0009198952409888303,0.8362652503946699,0.02757544460072977,True,0.9963579652345987,False
9359,0.5203547387541404,0.0031000789202334715,0.0035797406305924095,0.07108303553520309,1.1211720018630849,0.21893089613842592,0.35374695158229763,0.00303150410930984,-0.9999999979035749,-0.8954120030485154,0.014695507657187497,1.0306954932938461,NEM,9359,0.0021864728055904464,0.0009136061146430251,0.9144386428429121,0.013987162719946326,True,0.9963579652345987,False
9201,0.5066840560808608,0.0025144643114815048,0.0011603855543689257,0.07437298305752295,1.0945714236061905,0.16971903164911203,0.2549647776065722,0.002443985868526028,-0.9999999994047587,-0.9524012681625846,-0.007171387242716024,1.0628753399110307,BKR,9201,0.0016994416647545213,0.0008150226467269835,0.914339161489283,0.012662241116426906,True,0.9963579652345987,False
8939,0.5242197113771115,0.0037007376013233418,0.0034404951869287936,0.07843921115832535,1.1368202412557387,0.23684015996559715,0.3585267259187149,0.0036369898442275526,-0.9999999999998542,-0.8630443291433365,0.015377350682878427,1.029348758781071,NXPI,8939,0.002904480309860593,0.0007962572914627488,0.9264909080781225,0.011372111715754753,True,0.9963579652345987,False
9365,0.5364655632674853,0.001969353676089922,0.0032817759634782284,0.04454846508231219,1.12611417017455,0.22191734272073657,0.3120462570611022,0.0019369112074913153,-0.9999997823195703,-0.7964248346334364,0.02460821372517399,0.9710044954610173,ITW,9365,0.0012941908472430762,0.0006751628288468457,0.8779948329074543,0.017693529675752533,True,0.9963579652345987,False
9192,0.54177545691906,0.0031391515536681835,0.004036441797386159,0.04036644187986039,1.2210534707238536,0.3903840665476445,0.6032555569740669,0.0030645885142148548,-0.9999972729586983,-0.7686366503635356,0.06017516429614807,1.027352217335933,PGR,9192,0.0024753019532281722,0.0006638496004400113,0.9166007832711947,0.015713601157712174,True,0.9963579652345987,False
9339,0.5212549523503587,0.0006042327150605364,0.001843073889738367,0.041817030008019264,1.0425951713171482,0.07253561900283562,0.0975150800887785,0.0005978843263985522,-0.9999997806301697,-0.9256314939545144,-0.0070826319441097746,0.9571400617535611,L,9339,-8.441408356232803e-06,0.0006126741234167692,0.8971532380194346,0.016290378898640427,True,0.9963579652345987,False
9347,0.512249919760351,0.000781972650895694,0.000940535565144951,0.039634495622930296,1.0546540298392384,0.09904179405812392,0.14443684349168331,0.0007505202764267523,-0.9999978072229713,-0.8214385424133791,-0.00018559533505764115,1.0020094364533616,CLX,9347,0.00020819622327122072,0.0005737764276244733,0.909937199915812,0.015306627499959367,True,0.9963579652345987,False
9068,0.5505072783414203,0.004981124376301741,0.007020770318978409,0.06603707261937472,1.2229251820378368,0.37865164104413374,0.5599202244261832,0.004893067717005938,-0.9999330565025153,-0.7482769706463582,0.07250191044857228,0.9946066184041703,MS,9068,0.004417356886546369,0.0005637674897553714,0.9471452376942177,0.009001712522176181,True,0.9963579652345987,False
9048,0.5563660477453581,0.004679283201777632,0.006057338714777538,0.04944073612402221,1.2893782907630242,0.47511054826599075,0.6849088647413804,0.0046429458417001565,-0.9972303466359271,-0.6571181645524694,0.0906176194113375,1.0258164589801175,VRSN,9048,0.004251095046809546,0.00042818815496808646,0.9462337544061469,0.009143226321204657,True,0.9963579652345987,False
9469,0.5323687823423804,0.0020921689593540447,0.003726607991148656,0.04814851470629202,1.12355126293698,0.21812936258465876,0.3220147596447831,0.0020768582808119163,-0.9999999964042476,-0.801245240211474,0.023629204708994118,0.9860326893936122,SNA,9469,0.0016728692114141128,0.0004192997479399319,0.9528091742285956,0.008612215916356235,True,0.9963579652345987,False
9150,0.5110382513661202,0.000868992213034291,0.0012235150934567507,0.05224615737369183,1.0465394669128645,0.08349525606045158,0.11968452512682727,0.0008481014583091966,-0.9999897721098038,-0.8991517245314152,-0.01288936464988674,1.0002106239592794,ZBH,9150,0.00047121638054187345,0.00039777583249241756,0.955262027222378,0.007836371241037662,True,0.9963579652345987,False
9371,0.5309998932878028,0.0023212916200860533,0.0030703323668117566,0.05156506884536911,1.1292528758912619,0.22598227272169438,0.32568084754594584,0.0022515547176940216,-0.9999891750999462,-0.8133410001568259,0.024864087545541355,0.9935428236840724,EMR,9371,0.0019448761148254702,0.0003764155052605831,0.9562280159671878,0.007584705065075268,True,0.9963579652345987,False
3823,0.5325660476065917,0.002825913085855707,0.004195767954000784,0.0588656635823537,1.135507784503231,0.2409888930330979,0.37598661083700435,0.0026730916441348833,-0.9998904790091075,-0.7728476829517135,0.02781344705072285,0.9893864487763909,CTVA,3823,0.0024595581749239487,0.00036635491093175813,0.9600793644961045,0.006707338350232359,True,0.9963579652345987,False
9391,0.528165264615057,0.0026987724200355652,0.00313498706201365,0.05900205477313632,1.1372281392038697,0.22961454612774973,0.3191406046728059,0.002658745989721635,-0.999989556490392,-0.824014464438529,0.023547967587137293,1.0138755708789338,TFC,9391,0.0023519289582569812,0.000346843461778584,0.9633838359889271,0.006213771085288863,True,0.9963579652345987,False
9161,0.5451369937779719,0.005681064194846508,0.005250080817353231,0.05754640466007522,1.3112684796768852,0.4955777183382966,0.7061794706738519,0.00566791482059761,-0.9996576424363001,-0.7023754784876693,0.10587290805233734,1.0933363935471667,WST,9161,0.005378911328644905,0.0003021528662016035,0.9670657787924823,0.005567260749755529,True,0.9963579652345987,False
9280,0.5300646551724137,0.0010129760757529656,0.003635832147519835,0.052336646714655564,1.053825365518977,0.0971613556029222,0.13153352974946744,0.0009827193578612788,-0.9999963329254414,-0.8586818340408111,-0.009597825614676226,0.9327821999328372,IFF,9280,0.000726781089292046,0.0002861949864609196,0.9589053859688604,0.006229813405314797,True,0.9963579652345987,False
9237,0.5524520948359857,0.002189951620182227,0.004371173328599376,0.03517606598634154,1.1761536230230654,0.31252698605263757,0.44287303744379325,0.002150733779448223,-0.999980768248582,-0.720129322542224,0.04015791643973464,0.9498195337013623,CMS,9237,0.0019075088805883766,0.0002824427395938505,0.9458397847827043,0.008781089578350675,True,0.9963579652345987,False
8966,0.5645772919919697,0.0029002619866942466,0.0047474763093259265,0.03503865874949289,1.2472177830447249,0.4155181774665101,0.551697775067268,0.00287617244366452,-0.9997608757417354,-0.7135472790785098,0.05894586079091643,0.9599289772307877,RSG,8966,0.0026206886390189865,0.0002795733476752601,0.9472772909240373,0.008652801516346236,True,0.9963579652345987,False
5492,0.5693736343772761,0.010650496932561213,0.01166849540906656,0.09187773707188411,1.3970219916340305,0.5819154017186564,0.8813374126924647,0.010582266422563155,-0.9999991637368822,-0.7774618158923687,0.17853905449965402,1.0539094589909426,DELL,5492,0.010430066710469893,0.00022043022209131992,0.987328701254303,0.00234253611234824,True,0.9963579652345987,False
9094,0.5671871563668353,0.0031234282366176787,0.005163969444543559,0.03509445696916542,1.2666409704965167,0.4467795390517434,0.6333667125964164,0.0030726148303599626,-0.9992266276263645,-0.6460851706376556,0.06503418206156787,0.9623819238805446,WM,9094,0.002971749931796837,0.0001516783048208419,0.9711924723998664,0.0047027012686383105,True,0.9963579652345987,False
9272,0.5442191544434858,0.003481887501675931,0.004735591938723527,0.05547190243874094,1.1817824987287706,0.31509531436293436,0.4494814660758059,0.0034455591178102346,-0.9999999731512624,-0.8375646047164907,0.04955696827874574,0.987863372896939,MSCI,9272,0.003339273572757293,0.0001426139289186384,0.9875894118727998,0.002387297933889505,True,0.9963579652345987,False
9115,0.5534832693362589,0.002837344044976028,0.005122600371188835,0.05159117660374058,1.1628550319871522,0.2760812022787433,0.3744408218697719,0.002794431449367474,-0.9998625734745991,-0.7660842871144331,0.038167082326357765,0.9358159424911472,FDS,9115,0.0027000327890634706,0.0001373112559125574,0.9845511913708471,0.0027228766577495323,True,0.9963579652345987,False
9351,0.5309592556945781,0.0003057109607809068,0.0034044616676183193,0.049754462229692764,1.0170018073157054,0.030844607188546917,0.04087698209024851,0.00026873819983082997,-0.9999999891061541,-0.9089929944253475,-0.023909236755544773,0.8965592972046008,FIS,9351,0.0002267236634937759,7.898729728713093e-05,0.9903678371870961,0.0016580907889694944,True,0.9963579652345987,False
9304,0.5595442820292348,0.005183465431553135,0.006521758423621016,0.052569067927146364,1.2981178981860353,0.49498290494843017,0.735627061761429,0.005170727482588407,-0.9995353526667481,-0.6667342014622573,0.09995944058399904,1.0210896644394574,LOW,9304,0.005173305141368609,1.0160290184526091e-05,0.9988828301820475,0.0001973207062721917,True,0.99932912159861,False
9267,0.5543325779648214,0.0024241529244965567,0.005170805370934506,0.04497838800168963,1.1607838925406333,0.2705555188045987,0.37178660355264653,0.002372870311666114,-0.9999953989048938,-0.751813832808034,0.03587010620384079,0.9300732921349516,HON,9267,0.0024285569134607325,-4.403988964175789e-06,0.99932912159861,-0.0001077207254264794,True,0.99932912159861,False
9403,0.5212166329894714,0.0030453620168005785,0.00278872493233151,0.057531755488024694,1.1574935193447868,0.26572448320085695,0.37957269227640594,0.002941727747096154,-0.9994484075072663,-0.7203517242776948,0.03486510092882836,1.0575915077792197,WY,9403,0.0030907968553064865,-4.543483850590795e-05,0.9957807570813518,-0.0007750631422298278,True,0.99932912159861,False
9192,0.5316579634464752,0.0016592445652729689,0.0025788788027671927,0.04188419338458939,1.1136399284294423,0.1988659906988077,0.28898126493347426,0.001642266781387229,-0.9999356082630875,-0.7909718260220976,0.019763545598133644,0.9798755253215882,MKC,9192,0.0017419702042977892,-8.272563902482033e-05,0.9886193571537119,-0.0020134555399633843,True,0.9963579652345987,False
9056,0.548476148409894,0.003412734259317081,0.005301085935056515,0.05173908210724427,1.1920087264805064,0.3311189398415159,0.46795262926182046,0.0033778921132319346,-0.9999962452343806,-0.7879866818338028,0.053141540635651956,0.9793814400577705,JPM,9056,0.003532482674745587,-0.00011974841542850608,0.9870561604148195,-0.002325165561162676,True,0.9963579652345987,False
9270,0.5259978425026969,0.002136986787057646,0.0024373587919819806,0.05136990356675258,1.1236088517446872,0.20883022522780792,0.28703530917475245,0.0020181396354148513,-0.9999945118722519,-0.8021620749880896,0.02030974083221497,1.0056253135795354,USB,9270,0.002259226733699169,-0.0001222399466415231,0.9844633425097926,-0.0025668054870369335,True,0.9963579652345987,False
9356,0.5302479692176144,0.0016969797908871422,0.002817480038941278,0.03877319893888634,1.1257356162380199,0.21970771497744362,0.299193076167505,0.0016538504185140551,-0.9999747239658093,-0.7400778421226493,0.023603416177551753,0.9941237119005775,PNW,9356,0.0018455130323882672,-0.00014853324150112504,0.9789530607386309,-0.0038143120121271637,True,0.9963579652345987,False
9472,0.5343116554054054,0.0034724465056235497,0.004629865813955858,0.0660693804079154,1.152207701463967,0.2638369393745755,0.3858304688761117,0.0034724465056235505,-0.9999999980168089,-0.8177787221284905,0.0324228229599243,1.0042260761030544,BKNG,9472,0.0036228714674304665,-0.0001504249618069168,0.9834811929293377,-0.002560514128644145,True,0.9963579652345987,False
9444,0.5136594663278272,0.0007631742490424074,0.0010043428012025402,0.040138453854843,1.0522318450632735,0.0954472321873308,0.1405897864017343,0.0006928508587025258,-0.999999399498968,-0.8745348927171868,-0.0012366964218109542,0.9914969622313385,PEG,9444,0.0009172159212461481,-0.00015404167220374075,0.9763026956584484,-0.004040475965672556,True,0.9963579652345987,False
9191,0.5346534653465347,0.002824316512452129,0.0035853657238460457,0.06395176540203484,1.1393455718418555,0.22169765416736775,0.30778483121972766,0.0027815761410555674,-0.9999932269152417,-0.7778183225517099,0.018940186631732196,0.9895659138422954,AIG,9191,0.003039228892115423,-0.00021491237966329412,0.9791615097504628,-0.003544832938518114,True,0.9963579652345987,False
6250,0.52688,0.0025844374993893348,0.003528083514629299,0.06556438749933076,1.113148182151631,0.1978783570733559,0.28590000513074193,0.0025689781588695004,-0.9999928975022443,-0.85117240974465,0.010447274742722511,0.9988924622708987,GDDY,6250,0.002814026197359705,-0.00022958869797037006,0.9753032725211757,-0.0038843493888687493,True,0.9963579652345987,False
9159,0.566764930669287,0.005100176401959856,0.005845584342485832,0.03929819617029331,1.4046244099626761,0.6514976471644527,0.9598907424776801,0.005071522080676169,-0.9931567777485935,-0.5835794167438914,0.1148864361925369,1.0712594950957879,COST,9159,0.005471646900020798,-0.00037147049806094193,0.9497441489942345,-0.009256987518380128,True,0.9963579652345987,False
9298,0.5269950526995053,0.0027622715273859103,0.003420417004772247,0.063709900029528,1.1243584826865558,0.21765052228861317,0.32114904888151935,0.002686254524844684,-0.9999998376079301,-0.8713658354278819,0.01809334621599174,1.0057271897173823,PTC,9298,0.0031667596200163147,-0.00040448809263040437,0.9672242705953582,-0.006119823869320896,True,0.9963579652345987,False
9322,0.5481656296931989,0.0028010555032057746,0.005482072772284852,0.049185321669675056,1.1630122544603778,0.2858817743278625,0.41916233256925955,0.0027642608613380193,-0.9999964121669318,-0.8081481991639253,0.04069822675677363,0.9565832691774886,LHX,9322,0.0032302676375421924,-0.00042921213433641785,0.9436982332730568,-0.00936863489672578,True,0.9963579652345987,False
9159,0.5431815700403975,0.0036297279147197515,0.004679694414925661,0.046904947350735984,1.2325002033746109,0.3884683929905212,0.557083529654454,0.0035810699547493448,-0.999993940191616,-0.7371263268080381,0.06552975322591534,1.0333182609598999,MSI,9159,0.004064289872002614,-0.00043456195728286233,0.9309447925601062,-0.010527392162658526,True,0.9963579652345987,False
9406,0.5309376993408462,0.001177275729219858,0.003828416698227921,0.057443849297343155,1.0565333670438486,0.1028809407686298,0.14374628671159032,0.001115734987137778,-0.9999999997969603,-0.9466885319268838,-0.012577429344817995,0.9306548421357409,GPN,9406,0.001709765392662473,-0.000532489663442615,0.9473480738307941,-0.009386989952631297,True,0.9963579652345987,False
9195,0.5216965742251224,0.001072762141251294,0.0021474483065129224,0.051186692294246154,1.0683440093594734,0.10520748593066842,0.13445364256006742,0.000983026800361407,-0.9999999842681644,-0.8822503090446845,-0.0071738700253901125,0.9739146034873832,SYY,9195,0.0016442787150690687,-0.0005715165738177748,0.9241153075119213,-0.012251757101719996,True,0.9963579652345987,False
9164,0.5386294194674814,0.002159690918440678,0.003611483485699285,0.04290420223292683,1.1445897993714231,0.25269231922572655,0.34841456057973375,0.002117176661708367,-0.9999952692579009,-0.75119271983915,0.031370632964240974,0.9776318059460939,ROP,9164,0.0027378389845650127,-0.0005781480661243349,0.9280734023835199,-0.01322862053996326,True,0.9963579652345987,False
9058,0.5364318834179731,0.003956275033449814,0.003370693336561814,0.05105041147495192,1.2283522548928336,0.38903394650438583,0.5858039929763442,0.003914915959077614,-0.9999944236450854,-0.749429567589918,0.06891372858726882,1.058976660989109,PKG,9058,0.004646877627051162,-0.000690602593601348,0.9163118853046688,-0.014266368671518058,True,0.9963579652345987,False
9408,0.5430484693877551,0.0026654407465070006,0.003961599016594208,0.04425037977627492,1.1753719308392157,0.3023794693251265,0.41891597315850443,0.0026441985554426853,-0.9999677257171503,-0.7072092102730317,0.042974467371928546,0.9876437070058236,PM,9408,0.0033645000811429694,-0.0006990593346359688,0.9238915186302452,-0.014665297201408333,True,0.9963579652345987,False
9565,0.498170412963931,0.0010040572487764068,0.0,0.08454490703379469,1.0347228197004112,0.05961716161569914,0.09051137874833817,0.0007855457788241149,-0.9999999999999997,-0.9826252044088963,-0.06272060782614854,1.034505669056193,WBD,9565,0.0017160508153629117,-0.0007119935665865049,0.9461699241204615,-0.009004540259129137,True,0.9963579652345987,False
9306,0.5213840532989469,0.00526786106053267,0.0031111392234525748,0.07855321983890104,1.2068532458324959,0.3366437773312346,0.5154611062051563,0.005210555347365014,-0.999999999010033,-0.8573398853033181,0.05642912828741438,1.1053701204615851,WSM,9306,0.005989323389831686,-0.0007214623292990168,0.952444315379938,-0.008868739013108204,True,0.9963579652345987,False
9168,0.5390488656195462,0.0022902072131360143,0.0028811397003207784,0.03286245238880891,1.2057389255694217,0.3498445225646214,0.508342168476553,0.0022638039436439755,-0.9980751075543265,-0.6623319570185902,0.044974420179987,1.028610949049106,JNJ,9168,0.0030504636676815483,-0.000760256454545534,0.8758806580062192,-0.022804424234479054,True,0.9963579652345987,False
9276,0.5299698145752479,0.0013059555448556401,0.0027538177191308577,0.04062421583980925,1.0904481168015683,0.1613777563293451,0.23224777627847382,0.0012460990128752292,-0.999982824430645,-0.8287081180070733,0.012048685046549046,0.9631256556453233,HRL,9276,0.002136557355069663,-0.0008306018102140231,0.9057575207502501,-0.018507578868192334,True,0.9963579652345987,False
8947,0.5559405387280653,0.0036072480978760644,0.005281758815232518,0.04600858790063136,1.2299669279711387,0.39358394947512393,0.5644706725100863,0.00353984136656519,-0.9999898787237984,-0.7772718688483506,0.06599513946067032,0.9782366640638974,COR,8947,0.004443390607011533,-0.0008361425091354688,0.9028415671056931,-0.01786692955779184,True,0.9963579652345987,False
9085,0.5524490919097413,0.00335474247194627,0.006004587475430867,0.052158083561033235,1.1852925792281008,0.32287753697574173,0.44637882742663815,0.0033502885704231426,-0.9999960900397349,-0.7513910162690776,0.05066587750661565,0.9599948863443375,EQIX,9085,0.004198539732993272,-0.0008437972610470025,0.901355595787814,-0.016955748590086826,True,0.9963579652345987,False
9338,0.5145641464981795,0.0013450692246246335,0.001849155590982532,0.05052630529970579,1.0734023896588287,0.13363719905771546,0.19702709783566397,0.0013248344662232514,-0.9999999941591153,-0.8784228429481407,0.0014241608789362311,1.0115225848855727,PPG,9338,0.002271578623231533,-0.0009265093986068995,0.882437182231254,-0.01965775744839753,True,0.9963579652345987,False
7231,0.5477803899875536,0.003530841685679968,0.005883777183570582,0.05371195501505024,1.1921166229272826,0.32999514885662284,0.4690221100492951,0.003474465498384042,-0.9999902204163241,-0.7379555563563928,0.05342014109094322,0.9811411741335373,ABBV,7231,0.004462637314470201,-0.000931795628790233,0.8837509101934539,-0.01903103953237508,True,0.9963579652345987,False
9229,0.5437208798353018,0.002833706291309426,0.004138569482236232,0.04376744486994567,1.1911508178470092,0.32501537906839173,0.46243646883040906,0.002777164873905391,-0.9999429755511534,-0.7210844767237643,0.04813539807963866,0.995790689690754,ALL,9229,0.0037657882736661374,-0.0009320819823567116,0.8440639317887645,-0.0240900415832755,True,0.9963579652345987,False
9229,0.5535811030447503,0.0033943891297585588,0.004651308080779737,0.04321632700229154,1.2391118609335001,0.3942884409246791,0.5477413300434267,0.0033563862023220942,-0.9996290734856729,-0.6763445241735904,0.06366936042065009,0.9965767540762874,BRO,9229,0.004420904001300345,-0.0010265148715417863,0.8520397653875849,-0.025171205582853975,True,0.9963579652345987,False
9250,0.5515675675675675,0.003211526089539397,0.004765973923209765,0.04962579829995194,1.2032215983745391,0.3248659683475371,0.4244297485890735,0.0031656757762424624,-0.9967249295262273,-0.6620744006819049,0.05038453901270223,0.9754066113048008,RTX,9250,0.004240167875743858,-0.0010286417862044612,0.8681970055265188,-0.022151886880580517,True,0.9963579652345987,False
9431,0.4978263174636836,0.0015647330761900538,-0.0002951928536659709,0.09231223781296262,1.0488878621910551,0.08509053499687233,0.12495356309185573,0.001490220412510422,-1.0,-0.976220761857808,-0.0686728062832045,1.0555900210548959,DVN,9431,0.002609111601943557,-0.0010443785257535031,0.9316878924095396,-0.011796703694075022,True,0.9963579652345987,False
9314,0.5298475413356238,0.0046756502842203685,0.004275666329188077,0.0671374453429987,1.2036223136760391,0.34960487437740906,0.5459587878624588,0.004607278600700732,-0.99972807896309,-0.8019082728281021,0.06275553800261101,1.0648460023322364,NUE,9314,0.005736010895016207,-0.0010603606107958382,0.9021747993183893,-0.016669639219641316,True,0.9963579652345987,False
9181,0.5349090513016012,0.003039833568144334,0.004149885021504041,0.06420503017870002,1.1406328420372316,0.2376736427071927,0.3260536616484625,0.002989093218690647,-0.9999999996897989,-0.8835578513399738,0.024012894762003176,0.9894310541801276,EW,9181,0.004118507006929076,-0.0010786734387847417,0.9150975072768371,-0.01602274812600718,True,0.9963579652345987,False
9210,0.5218241042345277,0.0014450415825752615,0.0020981784526832303,0.041414317581801606,1.0982888442700334,0.17515805152634362,0.25376551560442157,0.0014383618961754246,-0.9998700268987625,-0.8336369431326935,0.014735825226151725,1.0059649380933597,MDT,9210,0.0025589671197639046,-0.0011139255371886432,0.8514048507159836,-0.026936437891833746,True,0.9963579652345987,False
9382,0.5072479215519079,0.0003404721319528752,0.0011898947670008764,0.061030717933528614,1.0154318143334493,0.028004857153808294,0.03962072456560504,0.00011873343046583246,-0.9999999998340904,-0.9706477415937081,-0.0384190566391575,0.9765983219592765,HST,9382,0.001466484852035157,-0.0011260127200822818,0.8720262200092502,-0.02043161063837279,True,0.9963579652345987,False
9221,0.5363843400932654,0.0037509789189515124,0.00433888834738827,0.05775611826840431,1.1920355858616904,0.3260219920536674,0.47803762338156747,0.0037418365233132453,-0.9999988736006961,-0.7731879940430711,0.0535415435406073,1.0298358387357467,ROK,9221,0.0049126903335693205,-0.0011617114146178081,0.8470587072806193,-0.023057393411314346,True,0.9963579652345987,False
9431,0.5128830452762168,0.0017435823673805223,0.0022786293024504856,0.06998464141448756,1.0708072720788677,0.12506621226653453,0.18915679538881328,0.001619679539072067,-0.9999999988800973,-0.9601598648610946,-0.01776127070751509,1.0119206203581774,IVZ,9431,0.0029170503979923028,-0.0011734680306117805,0.9074966846944441,-0.01674850881299449,True,0.9963579652345987,False
9346,0.5247164562379628,0.001123841658615964,0.003280623193349541,0.054227298769714764,1.0568820650796473,0.10403690538716588,0.15107950558221767,0.0010703227447084324,-0.9999999972095877,-0.9265584099669886,-0.009254790822574872,0.9547282928839393,PNR,9346,0.0023082190801984107,-0.0011843774215824466,0.8404551866098025,-0.024687170258040684,True,0.9963579652345987,False
9278,0.5046346195300712,0.000433111380433524,0.0005807628324527858,0.03976700144474395,1.0295008540513026,0.05467351812520681,0.08162512212799448,0.00025529318686775236,-0.999999558410697,-0.9220214367260642,-0.009054443255111993,0.9984970906123378,T,9278,0.0016230448600299972,-0.0011899334795964732,0.8189569848498598,-0.031340399710781924,True,0.9963579652345987,False
9271,0.5029662388091899,-0.00023458837362351346,0.00044824640687457507,0.049447692048324346,0.9870921262158405,-0.02381555620941287,-0.03285172953340976,-0.0003496893820473315,-0.9999999998598236,-0.9738138255727551,-0.03656691482350058,0.9693104966635928,OMC,9271,0.0009675092956790483,-0.0012020976693025618,0.8491588614910336,-0.02571996299610079,True,0.9963579652345987,False
9270,0.5480043149946062,0.0028100178141383333,0.006189473990933836,0.062167431945284256,1.1316372647054151,0.22690622778249167,0.3161139988724261,0.0027384532930500097,-0.9999999923560126,-0.818917598660301,0.021633201831960675,0.9302592947657115,EL,9270,0.004032617963660526,-0.0012226001495221927,0.8805740650908849,-0.020584726775425798,True,0.9963579652345987,False
9120,0.53125,0.0032278795974046708,0.0039007664304888667,0.06514622543693091,1.148337438886306,0.24873009708547947,0.3449932085415022,0.0030895720734522396,-0.9999999861633253,-0.8490005306807116,0.02691406583746286,1.0068395129801913,FITB,9120,0.004453253501845581,-0.0012253739044409098,0.8826801527880765,-0.01992487379628889,True,0.9963579652345987,False
9412,0.5137059073523161,0.0017978360944054222,0.0017430778872686847,0.0664533922890011,1.079326324153321,0.1358104568604351,0.194195834322423,0.0017581533596642274,-0.9999999996677766,-0.9489616462553623,-0.011066343661454441,1.0199466339310288,TXT,9412,0.003028013013006397,-0.001230176918600975,0.8660593576363934,-0.020834925252938414,True,0.9963579652345987,False
9416,0.5568181818181818,0.0040401278920263965,0.005563991387097511,0.045542958721540516,1.2661306750781518,0.44532199104733866,0.6282750081356675,0.003989025727860012,-0.9999842434561697,-0.7098297694057635,0.07809078467965143,1.0043558034808377,HD,9416,0.005364271737766514,-0.0013241438457401175,0.8313206103992439,-0.02984613437209474,True,0.9963579652345987,False
9042,0.5357221853572218,0.006663246284324055,0.006191678188693039,0.08588158867040731,1.2345555896074039,0.3894808118494861,0.6002088760479167,0.0065818092216382885,-0.99999999194845,-0.9033473482778818,0.07785092397534835,1.0668558418861671,GNRC,9042,0.007997356134412987,-0.0013341098500889315,0.9233772782554562,-0.014614898525498052,True,0.9963579652345987,False
9221,0.5064526624010411,0.0009298400498262653,0.0011518571164155222,0.06344708801179212,1.041210251239753,0.07356933392582174,0.10470707274216334,0.0007095635818044517,-0.999999974481897,-0.9704163543324833,-0.027779423390196997,1.0048682231986223,AES,9221,0.002297073252649196,-0.0013672332028229306,0.8381335407891691,-0.02460419715580789,True,0.9963579652345987,False
8940,0.5319910514541387,0.003213537002500705,0.003370940792654875,0.05090343041280127,1.1867620468331304,0.31691042414748505,0.45654594906886786,0.003213537002500707,-0.9999999548321582,-0.8177293545147224,0.04919910216348021,1.0440312035218287,MCK,8940,0.00462730201263484,-0.0014137650101341348,0.8373196994397181,-0.028634593527928808,True,0.9963579652345987,False
9225,0.5385365853658537,0.0038181001291159016,0.005733253488227841,0.0648822183049765,1.1693317185507117,0.2954077562811244,0.4352863264333921,0.00366881060156498,-0.9999991478843598,-0.7957383982665766,0.04347602240339202,0.9953912716890014,BAC,9225,0.005289827265549697,-0.0014717271364337956,0.8539524445890865,-0.024382837046340658,True,0.9963579652345987,False
6103,0.5228576110109782,0.006946923351439777,0.0031466851461217082,0.0782098081185588,1.2782050421290223,0.44589392676184697,0.7559865934909406,0.006808964701577831,-0.9991456051760209,-0.6887841664505009,0.10504745684629872,1.1600381704812437,HPE,6103,0.008537547006978403,-0.0015906236555386262,0.8605445978638353,-0.022357072741879792,True,0.9963579652345987,False
9022,0.5232764353801818,0.0023961789859426406,0.003909434596411909,0.0693991041298123,1.0974839374235816,0.17332677697474358,0.24912628125750474,0.0022061255515260503,-0.9999999993590363,-0.8838587114101776,-0.001370604669894761,0.9921756926337315,VTRS,9022,0.004002913818651595,-0.0016067348327089542,0.8687386653211864,-0.023470279242506782,True,0.9963579652345987,False
9436,0.5285078423060618,0.0013445089152300332,0.0035640200384419174,0.06045543315302802,1.0638337530885742,0.11164226002757388,0.15151877503711347,0.001282783343432483,-0.9999999937036368,-0.9580029576470419,-0.013322211487423965,0.9462936692803119,PRU,9436,0.0029881403157047083,-0.0016436314004746751,0.8331567992269836,-0.02864001227045596,True,0.9963579652345987,False
8967,0.5294970447195272,0.002927241264821639,0.005133224636340694,0.06739946086199665,1.1216463236986267,0.218023027749017,0.3189865229023775,0.002789571425134061,-0.9999999999997159,-0.9358072194660604,0.01580497274057986,0.991008072433812,KKR,8967,0.004574010249039238,-0.0016467689842175988,0.8656226003571529,-0.024275668879019278,True,0.9963579652345987,False
9161,0.539788232725685,0.0022406977412840153,0.003646393132024528,0.03588661474724616,1.1796872164776586,0.3134375718993757,0.4464407551157358,0.002205103098902308,-0.9999901810180111,-0.7303047381388321,0.040848562081912475,1.0029130552218557,ATO,9161,0.003898689874658388,-0.0016579921333743728,0.6992204793512248,-0.05030378690825636,True,0.9963579652345987,False
9158,0.5325398558637257,0.0022051089487814634,0.003191501972455324,0.04733658374252706,1.1333750864487295,0.23384786552822776,0.33687437232163897,0.0021508638217455425,-0.9996590001378769,-0.8063737139609258,0.027418518190548895,0.9916160536962743,BMY,9158,0.0038804323111702715,-0.001675323362388808,0.7929568386737353,-0.03654460214899432,True,0.9963579652345987,False
9286,0.5436140426448417,0.0032112160095090513,0.00508374001746692,0.05794274723906638,1.158902976370695,0.27820870080295984,0.4081281044486615,0.0031729963241003585,-0.9999999616050892,-0.8170033864660219,0.038924095167276206,0.9711092690269493,RJF,9286,0.0048887606427190184,-0.001677544633209967,0.8414586095380483,-0.028877599540922543,True,0.9963579652345987,False
9038,0.5481301172825847,0.005432433251222786,0.0061753256697975045,0.060038100493204245,1.2640197859250266,0.4542215403993783,0.6934994387703901,0.005392048841828052,-0.999999958364496,-0.7599616775909023,0.09531113638181056,1.039996900975052,ODFL,9038,0.007114598444226667,-0.0016821651930038813,0.8157989469832672,-0.03042779165672902,True,0.9963579652345987,False
9144,0.5020778652668416,0.0015857106112597515,0.00041043867472290163,0.051438843878885025,1.0838006627440613,0.15475083598873912,0.2476677510617358,0.001544058814334788,-0.9999999815590205,-0.8932224163790254,0.006611602960990227,1.072469268317637,GILD,9144,0.0033024978019462717,-0.0017167871906865202,0.7772918878868458,-0.03653130400056285,True,0.9963579652345987,False
9152,0.5610795454545454,0.002642656030417152,0.004432181081383213,0.037938344373823915,1.2170514209812808,0.34967335043562353,0.474665125374064,0.0026061758707051057,-0.9993980852044999,-0.6244148757649202,0.049446382376466404,0.9492290050691391,DTE,9152,0.004422533610803565,-0.001779877580386413,0.6748975746461653,-0.05244694414669841,True,0.9963579652345987,False
9107,0.5405731854617327,0.0034069454979419496,0.005510616312291328,0.06206415695128118,1.1619615930300262,0.27556534245159864,0.3951117719762388,0.003376736524941134,-0.9999895402738234,-0.8367316894375912,0.03752249989492079,0.9861213763313935,DLTR,9107,0.005245507995896304,-0.0018385624979543541,0.876531335719084,-0.025230169707242543,True,0.9963579652345987,False
9316,0.5238299699441821,0.001685014912005238,0.0025799284233068986,0.045700017772523256,1.1026209654194834,0.18509200079605695,0.2724652039338761,0.0016664865978001965,-0.9999996523032194,-0.8670881762847881,0.016064393018469063,1.0011707987241254,AMT,9316,0.003528779832728427,-0.0018437649207231892,0.7428710100940887,-0.04341096443527606,True,0.9963579652345987,False
9150,0.5368306010928962,0.0027683104401741636,0.006322322672244196,0.06690206961580587,1.114556266102781,0.20771865799949588,0.31584869360941126,0.0027111545540421944,-0.9999999790429582,-0.8422044975595389,0.01311999305649452,0.9593533984288596,CRM,9150,0.0046446697915004526,-0.001876359351326289,0.8484271304012162,-0.02777978183902023,True,0.9963579652345987,False
8977,0.4988303442129888,0.0005933765790017808,-0.0002543346994203777,0.07102230201052628,1.024404787807493,0.04194072427492555,0.059108821099724124,0.0005717401462246932,-0.9999999999999959,-0.9830985543604825,-0.04907314540839413,1.0282937742730416,BIIB,8977,0.0024758238569601767,-0.0018824472779583959,0.8114741814831912,-0.029697835552559466,True,0.9963579652345987,False
9328,0.5102915951972555,0.0009158020169689672,0.0009211821387484775,0.04526014669532144,1.0546371064181672,0.10157478432076138,0.15646867347974366,0.0008494926299667527,-0.9999998517932546,-0.8912325338183238,-0.0028399689803015574,1.0081089987820715,CCI,9328,0.0028172378598726702,-0.001901435842903703,0.7404594299308007,-0.04460723696792732,True,0.9963579652345987,False
3046,0.49770190413657256,0.0008275999329710238,-0.0003516325811938614,0.0834870394312702,1.0261546642924693,0.04976243881177483,0.07913100146589748,0.0008275999329710251,-0.999994322514957,-0.9697577459487073,-0.06549495332558403,1.035631026627624,ABNB,3046,0.0028587971760599116,-0.0020311972430888878,0.861486269465564,-0.02478741119034092,True,0.9963579652345987,False
9353,0.5153426708008125,0.0022802534623550443,0.0023978787751215425,0.06886118060091485,1.0927504150625393,0.16622981822298669,0.24551155998412133,0.002269401627011166,-0.9999999990435753,-0.9098108854784486,-0.003047985232910726,1.027230732499661,RL,9353,0.004325223248200512,-0.0020449697858454675,0.8511388954335474,-0.028258944518882962,True,0.9963579652345987,False
8320,0.5403846153846154,0.004657750541525494,0.006072319377247726,0.06535130738014817,1.2187453855719146,0.3577850709850318,0.5009695499301371,0.0045907210879985345,-0.9999996690388778,-0.8060565028572184,0.0643931094267992,1.0333312744217389,HCA,8320,0.006753030330655103,-0.002095279789129609,0.8211903415762577,-0.03214582201288,True,0.9963579652345987,False
9167,0.5397621904658012,0.0022325442147799633,0.0035098530335717637,0.03944852047797223,1.1628184276212268,0.28409894404318337,0.40136546986112,0.002183619864818966,-0.9999821830510226,-0.791291287649493,0.037043781400232394,0.9879726494987142,AWK,9167,0.004340090472678482,-0.0021075462578985186,0.6666252677295573,-0.05729146933458148,True,0.9963579652345987,False
9238,0.5278198744316952,0.0019677840020695795,0.003280236279106896,0.06056945502491895,1.0945673467459753,0.16308875964370462,0.22536675893789537,0.0019391224568628303,-0.9999997480564494,-0.8556959921452484,0.002443082545892074,0.9778374410224505,MET,9238,0.004077955575696745,-0.0021101715736271654,0.7761015536001387,-0.037547392953966446,True,0.9963579652345987,False
9196,0.5297955632883863,0.0013449102279389485,0.002396166117546006,0.043413506194345544,1.0894914192688026,0.1555137180520897,0.22334340450517925,0.001306581436314208,-0.9998553984802351,-0.8447371441273304,0.010024848047080084,0.964486143535785,EXC,9196,0.003532215231427753,-0.0021873050034888044,0.6555030947305267,-0.05612024034268945,True,0.9963579652345987,False
9387,0.543730691381698,0.0028590022821601262,0.004921081006523886,0.05926549202965237,1.141948826768935,0.2421658381632545,0.33567129286023106,0.00282131137740883,-0.9999997326646025,-0.8097401835796884,0.027307590973281375,0.9564716368411434,PFG,9387,0.005055766447070375,-0.002196764164910249,0.7709915261351115,-0.03928435479350372,True,0.9963579652345987,False
9042,0.5483300154833002,0.004510945802130636,0.005769863401925535,0.05588897422008025,1.244727928676929,0.4051741604319939,0.6016841084841034,0.004479298156769167,-0.9959066729038146,-0.6539560578472023,0.0769444778213804,1.0235489643436546,NDSN,9042,0.006730333030985302,-0.002219387228854666,0.7775095820464668,-0.04019966062505821,True,0.9963579652345987,False
9340,0.5290149892933619,0.0019338266570183152,0.0033924583053734914,0.04992895904112552,1.1068066217501098,0.19443090662161422,0.2918764991434055,0.0018843006887084394,-0.9999910304433254,-0.8795576087933848,0.017267145732080578,0.9827080853304456,TROW,9340,0.004204025579152965,-0.00227019892213465,0.7464484409816287,-0.04601465805285985,True,0.9963579652345987,False
9399,0.5359080753271624,0.0020368480692857147,0.002965194456565845,0.04228344570681949,1.1397037308991316,0.2418179499623354,0.3494207812257031,0.002020116638712415,-0.9999991393372735,-0.7546690580922685,0.029057013462203067,0.9858425958958736,GD,9399,0.004346295891088977,-0.0023094478218032622,0.6556067098311156,-0.058884707979511605,True,0.9963579652345987,False
9161,0.5383691736709966,0.002869621987886806,0.003963807582501699,0.06115915964686759,1.1528423328698634,0.23553933923136655,0.3021307474874159,0.002825120809810188,-0.9999863358529234,-0.7958760474313803,0.02290899907753107,0.9861804141074519,VTR,9161,0.005295875310170091,-0.0024262533222832853,0.7090990028186838,-0.04517550286327379,True,0.9963579652345987,False
9129,0.5423376054332347,0.0035232918543880117,0.0045632448966033134,0.04726851643676959,1.2260110209511126,0.3741768532536187,0.5204243632615829,0.0035046134135023003,-0.9999989017077796,-0.6908256333443402,0.062068363329635876,1.0333556837869102,AME,9129,0.005960129546455098,-0.0024368376920670862,0.6766818810861134,-0.05535693848855369,True,0.9963579652345987,False
9337,0.5332547927599871,0.002225109153801782,0.0038532643255102528,0.061111431630757176,1.1122368568565035,0.18278019355619674,0.24566272982157702,0.002119923972802723,-0.9999981741564218,-0.8207647167052614,0.007940980962454703,0.9683765363472469,KIM,9337,0.004680496787282893,-0.0024553876334811107,0.706669421848671,-0.04568734001853888,True,0.9963579652345987,False
9271,0.5464351202675009,0.0028214234896854623,0.0063074418515408626,0.05955263744998785,1.1334062967951763,0.23783049948642546,0.33643763858118386,0.00276089660344327,-0.9999996086902265,-0.871007462091075,0.0259937694946836,0.9380917099214713,ADBE,9271,0.005289747897466295,-0.0024683244077808326,0.771230599965145,-0.041663892426285216,True,0.9963579652345987,False
8969,0.5442078269595273,0.007383148314237832,0.007967185788520403,0.09178758717671458,1.2461931159203943,0.40379218505455944,0.596005617986559,0.0073464237786783695,-0.9999999956229617,-0.8984596379066222,0.081319043507812,1.0424516476752654,DXCM,8969,0.009870612528767546,-0.0024874642145297143,0.8425021914770149,-0.027830848204599613,True,0.9963579652345987,False
9348,0.5517757809157039,0.004481925160878317,0.005286015673415356,0.054092274564008176,1.2438322181883081,0.4159389843649792,0.643095983749331,0.004473147135471159,-0.9999866651419542,-0.7544799310820113,0.07890144574019048,1.0099203818869007,GOOG,9348,0.006980723897684809,-0.0024987987368064917,0.5961282589625578,-0.05597375973982154,True,0.9963579652345987,False
9233,0.5305967724466587,0.006959116470107584,0.006512042255699679,0.09092154543706218,1.223260920503583,0.384226722668127,0.6173385523204424,0.006937525385212192,-0.9999987945203538,-0.866560920460864,0.0733028230719973,1.0814335674017181,WDC,9233,0.009458482577440166,-0.0024993661073325815,0.8338165937923159,-0.02876244665194414,True,0.9963579652345987,False
9178,0.5242972325125299,0.003001646006604787,0.003092411939387918,0.06673699857683028,1.1327992413528165,0.2257839532271463,0.31904049280488106,0.0028189858860990374,-0.9999999603307878,-0.8476225889272732,0.018546785880454674,1.0195663994802677,KEY,9178,0.005527754031214101,-0.0025261080246093137,0.762515770154637,-0.0404082727226689,True,0.9963579652345987,False
9183,0.531634542088642,0.0034900707444116613,0.0040237664792961425,0.06730015379423018,1.1531892593933417,0.260326538678038,0.3621280562734842,0.0033300421476620407,-0.9999974254592754,-0.8397904383945137,0.030015646170002724,1.0088634426196155,C,9183,0.006025571448514315,-0.0025355007041026533,0.8039834034089723,-0.03666727467972468,True,0.9963579652345987,False
9297,0.5328600623857158,1.8723362619001175e-05,0.0031503164033821474,0.048039440729552005,1.0010534059971121,0.001956528489223325,0.002580069641524512,-9.661274567932324e-05,-0.9999999441890629,-0.8896861993352457,-0.02884143005912473,0.8719308532251794,BAX,9297,0.0026535471375656243,-0.002634823774946623,0.7237640064030225,-0.052763032076009804,True,0.9963579652345987,False
8999,0.5637293032559173,0.004965989936690946,0.004805270249839344,0.047613064406163044,1.3436817405571717,0.5235762903337088,0.6949154418411315,0.004947564298542276,-0.9999929502718398,-0.6868910858792764,0.10065693757181586,1.038552356539458,CTAS,8999,0.007672486580245278,-0.0027064966435543323,0.6604774530819979,-0.05983311846663551,True,0.9963579652345987,False
9356,0.5473492945703292,0.002110402388343732,0.0032261311500456635,0.03539663344153298,1.1822985307987692,0.2992978393517144,0.3920970027209204,0.002030582552425759,-0.9994893787799196,-0.6653981794074448,0.037794036437396726,0.9710501114117601,SO,9356,0.004831835682176788,-0.0027214332938330556,0.5271866008621294,-0.08317595306477499,True,0.9963579652345987,False
9376,0.5420221843003413,0.003472264693228242,0.005791561590812955,0.05980424504763578,1.1724682141523721,0.29146142398978625,0.40099078828144463,0.003448794443207323,-0.999999837993153,-0.79241786624292,0.04224299750989013,0.9895151850648413,MAR,9376,0.006197095556051542,-0.0027248308628233004,0.6534059984031878,-0.052732349902630066,True,0.9963579652345987,False
9155,0.5423265974877116,0.0034383958625320518,0.007424027237195485,0.07485243703535414,1.1361524271972654,0.23059516730673493,0.32117120655707165,0.0033597982481041143,-0.9999999998623594,-0.9026270918268611,0.014339137657090176,0.9558325656400761,CNC,9155,0.006174624380687968,-0.0027362285181559164,0.7942295692845543,-0.037052877091422305,True,0.9963579652345987,False
9232,0.5355285961871751,0.0038680369013495385,0.0039454000005657575,0.05648376017428926,1.1991265378459501,0.34376944946993626,0.5179885263894282,0.0038544371209966247,-0.9999993940924029,-0.7946306962672304,0.058612798692226006,1.039291507821581,TSCO,9232,0.006607796919570037,-0.002739760018220499,0.6846109278384864,-0.05284251218244298,True,0.9963579652345987,False
9165,0.5462084015275505,0.003907726221605064,0.004895228827231701,0.05007289687820853,1.2349108076098223,0.39176143519815076,0.5609408936283605,0.003863612360791073,-0.9999932792847466,-0.7289435076923605,0.06866483231229215,1.0232541010718224,TDY,9165,0.00666420440896967,-0.0027564781873646053,0.62961849906027,-0.061070080298974816,True,0.9963579652345987,False
9308,0.5526428878384185,0.0038047892457728264,0.005337422413726478,0.05271295318667341,1.214484009094984,0.3623377039854006,0.5321503000401306,0.0037962648499735192,-0.9976676300103816,-0.6985208296507208,0.062412177635659066,0.9826365563478467,PNC,9308,0.00658613285359678,-0.0027813436078239534,0.6809899268486194,-0.055738630369826764,True,0.9963579652345987,False
9303,0.5388584327636247,0.001954475513352608,0.0031386448238244213,0.0362656562034462,1.1543883719866486,0.270542166785291,0.3813823527444957,0.0018563400593882666,-0.9999036512817255,-0.7132300079084184,0.03302197709790842,0.9802974864446763,AEE,9303,0.004761804002839196,-0.0028073284894865875,0.5485112079700672,-0.08161955886969076,True,0.9963579652345987,False
9181,0.5272846095196602,0.0038039690583628635,0.0032072815580288516,0.05836436442008228,1.1899496238017568,0.32718206236916536,0.5177238541258542,0.0037947361402047054,-0.9999990939020557,-0.7661379106661886,0.05443964744372154,1.066308917176621,EBAY,9181,0.006634323381082057,-0.002830354322719193,0.7045127569245117,-0.05131008194869629,True,0.9963579652345987,False
8909,0.5491076439555506,0.003075822882827512,0.004853069180454916,0.04230946808496888,1.2199752559186179,0.36494215189741386,0.5002021041507253,0.0030234143904418684,-0.9982156472045963,-0.6993955197049058,0.05619522347217405,0.9980255466447893,VRSK,8909,0.005926609731221196,-0.002850786848393684,0.5415995539063404,-0.07573031759547415,True,0.9963579652345987,False
9200,0.5373913043478261,0.0026799302682392117,0.004390350351671346,0.051648294962689176,1.1485070913371156,0.26047603673510467,0.3738222995788062,0.002607559729337919,-0.9999950519569681,-0.8197269463857408,0.03411933185762401,0.9847333252787283,BNY,9200,0.005593836116724544,-0.002913905848485332,0.6954834618093623,-0.05640960551484058,True,0.9963579652345987,False
9141,0.5353900010939722,0.0025937049802914427,0.004004129715381,0.04903374575732386,1.1553675523207394,0.26553744701114246,0.3766854181173055,0.0025621994479267662,-0.9999996090983557,-0.7977764231487573,0.03525436250741322,1.000736218693832,STE,9141,0.0055434390377695755,-0.002949734057478133,0.6530611763717022,-0.062356401418485766,True,0.9963579652345987,False
9189,0.5612144955925563,0.003736113660113043,0.006038823553659256,0.04598349231906701,1.2359440941782485,0.40786684042808563,0.5997614480082673,0.0036769846789240397,-0.9999993965262097,-0.7641219289121118,0.06957426072550178,0.9627278313581586,MSFT,9189,0.00671192179730521,-0.002975808137192167,0.5665061477087842,-0.0721106309733083,True,0.9963579652345987,False
9352,0.5272668947818648,-9.477148196513605e-05,0.002610763917264114,0.04535079020844669,0.9942903813416302,-0.010490425007084815,-0.013748113071833852,-0.000170202365719338,-0.9999997454849268,-0.9392610982868185,-0.02869362361330718,0.8874208007066546,FE,9352,0.002889599711225653,-0.0029843711931907893,0.5749665364827409,-0.07222033189101594,True,0.9963579652345987,False
6980,0.4469914040114613,0.0005441122660426901,0.0,0.047753844465717336,1.03480276859917,0.057197947688372115,0.07938478292275752,-0.00340883009514106,-0.999872281003888,-0.8891000400212083,-0.015139792266352323,1.0218677339916804,AMCR,6980,0.003548553683843307,-0.003004441417800617,0.7279361554702359,-0.05542298484357521,True,0.9963579652345987,False
9289,0.5492518032080956,0.003004321850072774,0.0049642666871452246,0.04941897239298701,1.1784238157743325,0.3051778550323104,0.4177527677223415,0.002927564579341551,-0.9999980151780961,-0.7619934260154878,0.045293155662197535,0.9626951125337941,AIZ,9289,0.006050688907155591,-0.0030463670570828176,0.653235769706315,-0.06314810072889185,True,0.9963579652345987,False
9148,0.5433974639265413,0.001968317626125961,0.0035402110888242966,0.03505973571971058,1.1655637006651387,0.2818297360483862,0.37701929784986515,0.0018562696085534548,-0.9994509937581864,-0.6399135151765505,0.034378379523785,0.9702479568200248,DUK,9148,0.0050285523189340245,-0.0030602346928080637,0.4383851951739757,-0.09740072530840074,True,0.9963579652345987,False
9004,0.5379831186139493,0.0022579040521438745,0.0031591926886527233,0.04985777724907462,1.1422272718665718,0.22733842161563508,0.3036786553430335,0.002238800172230153,-0.9999974690678372,-0.8112087989336946,0.02546631081302676,0.9797593547905874,AFL,9004,0.005319216162594626,-0.0030613121104507515,0.611037826831751,-0.06660728944032648,True,0.9963579652345987,False
9213,0.5408661673721915,0.002807214552694787,0.004653090929190307,0.05185603220456732,1.157713453118682,0.2717544056836958,0.3989486362279029,0.0027861501010963685,-0.99999776546179,-0.8203003507884068,0.03742107631196021,0.9816053259936647,CAH,9213,0.005908163257886035,-0.003100948705191248,0.6884968321240301,-0.0587519302937586,True,0.9963579652345987,False
9194,0.5517728953665434,0.002224630186263617,0.003834328361202566,0.03509209382393899,1.1917722654902305,0.31823563905977875,0.43808288941014306,0.002204892066500085,-0.9996874065764074,-0.6987507419019147,0.041152546385840934,0.9664796176279928,MCD,9194,0.005328492838951263,-0.0031038626526876463,0.4753152133813698,-0.09495540712615545,True,0.9963579652345987,False
9275,0.5507277628032345,0.00364077130789892,0.00426146325800314,0.045171753696035745,1.2423025581552043,0.4046007829895523,0.5754828090609265,0.00359737571577989,-0.9999957015522296,-0.7542298917204299,0.0679786926366442,1.0105260628690043,NOC,9275,0.006748410639333216,-0.0031076393314342964,0.6002188687372418,-0.07195908182588251,True,0.9963579652345987,False
9098,0.5650692459881292,0.003979539509184843,0.00602391627287624,0.03928621567468977,1.3033437068742764,0.5085022684167126,0.7350530146019986,0.003926278256214154,-0.9978202169029736,-0.5383380814504481,0.08388788410516601,0.9991203168238716,MO,9098,0.007099419857566689,-0.0031198803483818453,0.5381534378567205,-0.08374392974144028,True,0.9963579652345987,False
9247,0.538228614685844,0.004084046400206189,0.0036105752503063915,0.06306627044705168,1.1948721209153594,0.3250826483324397,0.48692911753806134,0.003950684526650282,-0.9999996963049957,-0.8397753785894763,0.05413376829378742,1.0186542915499035,GLW,9247,0.007381338315743264,-0.003297291915537075,0.6967569067559586,-0.05412388160580489,True,0.9963579652345987,False
5361,0.5198656966983771,0.005947983526395979,0.0030448993049358997,0.08425888034732361,1.2213595307289205,0.35436787442500894,0.5496317635613223,0.0057269592326551905,-0.9999999970957548,-0.9243394743888247,0.06305761024980996,1.1188126594728864,VST,5361,0.009316281990623995,-0.003368298464228016,0.7880762768967314,-0.0391558086859955,True,0.9963579652345987,False
9150,0.5511475409836065,0.002621584761224464,0.004017076098508654,0.038473124422112204,1.1996139624438145,0.34206348595282143,0.46898468766335843,0.002508700534270932,-0.9999972537121466,-0.7193893533745074,0.04821364105862168,0.9686353470297862,NI,9150,0.006020700778635498,-0.0033991160174110338,0.40128205456072513,-0.10107351498499571,True,0.9963579652345987,False
9319,0.5306363343706406,0.001911081593075861,0.003149587979799584,0.05631946726572037,1.0994882702804734,0.17034169398241183,0.2382293564170806,0.0019110815930758647,-0.9999994030667099,-0.8642202929957057,0.00775558285805673,0.9725301707192703,MTB,9319,0.005328684172220537,-0.0034176025791446754,0.607421190181716,-0.06641731366012794,True,0.9963579652345987,False
9171,0.5350561552720532,0.0034639270368050684,0.005085673234283661,0.05637627950518118,1.1742236241445483,0.30844134930107425,0.46777358109374156,0.003459263167632811,-0.9999991628892898,-0.8313718722434532,0.04801360346592347,1.0201172426591012,GS,9171,0.006922871338645716,-0.0034589443018406478,0.6568319154991851,-0.06265833692906622,True,0.9963579652345987,False
3377,0.5164347053597867,0.0013157482590714846,0.0020455735635203087,0.042801607907000244,1.0831634552291758,0.15431672226970747,0.24134048346713802,0.0012768993179342013,-0.9953475112763249,-0.7403927870172439,0.010084491823307458,1.0117392595001875,OTIS,3377,0.004784768967491867,-0.0034690207084203824,0.5671342165436519,-0.08197235006471862,True,0.9963579652345987,False
9321,0.5260165218324214,0.0005305989264684081,0.0020389330040680997,0.03711589134872471,1.0394446719353876,0.07176401736825276,0.09947749009630605,0.0005061967020902527,-0.9999989623610865,-0.8652272859607859,-0.004175920168652166,0.9349277999663592,D,9321,0.0040013231544309795,-0.0034707242279625712,0.45366136698470205,-0.10009132182530418,True,0.9963579652345987,False
9192,0.5114229765013055,0.001103118320791057,0.00116701183682405,0.04542414869556252,1.0670858255354303,0.12190894447738088,0.18111480067492264,0.0010700994675232993,-0.9999987912290658,-0.8473733724248912,0.0016678121587735953,1.0173747436821525,HSIC,9192,0.004577233433508628,-0.0034741151127175712,0.5663183522129958,-0.07942923395922322,True,0.9963579652345987,False
9372,0.49829278702518137,0.0029351638690353382,0.0,0.07173832619167336,1.1188795403465515,0.20539098785112178,0.3119589423724768,0.002518676329401056,-0.999997977507352,-0.9302671471229759,0.008818848417576165,1.1078584570797545,F,9372,0.00641740503599337,-0.0034822411669580317,0.6970067994643473,-0.05193159978746303,True,0.9963579652345987,False
9273,0.5322980696646177,0.0009609447917750826,0.002543979885912817,0.03475271326710431,1.0760134645524049,0.13880655973046202,0.19864948890825646,0.0009463536436486748,-0.9998895745924128,-0.7934024183867509,0.008913255690500043,0.9443456905269484,KMB,9273,0.004448304062635669,-0.0034873592708605868,0.4734057864742383,-0.10189468769814941,True,0.9963579652345987,False
9231,0.5592026865995017,0.0023603712621134737,0.004576447195768996,0.03569126019917454,1.1914290228920121,0.3319851871471552,0.4525749782712865,0.0023178006678307734,-0.9999326683565373,-0.7001763600468397,0.04406073064587698,0.9359249685833222,WEC,9231,0.005871391655824949,-0.0035110203937114754,0.42806113266526125,-0.1055540784828793,True,0.9963579652345987,False
1630,0.4840490797546012,-0.0011130167538761484,-0.0011528187002407542,0.051808054754746945,0.9449579008411442,-0.1078461599732886,-0.17072982573364842,-0.0014553343623824912,-0.9979611400324635,-0.7350421064371915,-0.0600884322644313,0.9904691812365353,KVUE,1630,0.002413580557298322,-0.00352659731117447,0.6191681777683149,-0.07059050373401911,True,0.9963579652345987,False
9087,0.5524375481457027,0.00291575313179877,0.004106153087101827,0.03707030751769597,1.2359219142662181,0.3948433540433485,0.5588826679307799,0.002860810786287332,-0.9994189979620761,-0.6810936905135193,0.05756261247178564,0.9968621177019756,WMT,9087,0.0064716086881344195,-0.0035558555563356496,0.5316519071157613,-0.09293723998868551,True,0.9963579652345987,False
7855,0.5364735837046467,0.004014392028344226,0.005862336320061168,0.07715579357991677,1.1550766682817675,0.2611869713301925,0.37569701863417615,0.004014392028344225,-0.9999999999974172,-0.8605238671364209,0.025587092775379454,0.9980147482709814,META,7855,0.007657869882930812,-0.0036434778545865864,0.7021817062257304,-0.050519203270167776,True,0.9963579652345987,False
9380,0.5323027718550106,0.00111703984724786,0.0024284231003894874,0.03147298355704358,1.098034216671074,0.17816853998810483,0.2560900387274293,0.0010988296390084494,-0.9998121040227563,-0.7536306711771433,0.01567516957867295,0.9632264908911086,PG,9380,0.004832678038955972,-0.0037156381917081123,0.29308783170754077,-0.13201893812112572,True,0.9963579652345987,False
5533,0.5282848364359298,0.0019499306783214484,0.0026523520078816087,0.052033423557887544,1.109677795609096,0.18812089709020066,0.27369602763578266,0.0019431162978219216,-0.9987745168933736,-0.7238883159202826,0.014953122457851187,0.9904719017256693,FTV,5533,0.005740040547371217,-0.0037901098690497686,0.5697648083146817,-0.0774542815731022,True,0.9963579652345987,False
9326,0.5317392236757452,0.0018091490840677555,0.00375818504063985,0.04850485059572967,1.1048954928519907,0.18723604366448499,0.2640135528064782,0.0017695641460849301,-0.9999985447685175,-0.8362653093143608,0.01559481855972123,0.9707662154378149,BALL,9326,0.005614064364780044,-0.0038049152807122883,0.5104834228726282,-0.085569415557187,True,0.9963579652345987,False
9210,0.5298588490770901,0.0029237926727311535,0.002985673152768431,0.05533224080656548,1.157457901597375,0.26525805781469,0.3951918945336925,0.0028894220549372726,-0.9999385787080817,-0.8177536964988175,0.03561732013731155,1.0251092317016095,TGT,9210,0.006733368676379577,-0.003809576003648424,0.7059748612231792,-0.06029909368500748,True,0.9963579652345987,False
9482,0.5310061168529846,0.0044414134991574246,0.0044345960919148775,0.05304009300158956,1.241974947176371,0.4203559525367901,0.6778810429300427,0.004408334249755036,-0.9999865031025955,-0.6906966943980142,0.07932085067519935,1.0949606336675097,ADI,9482,0.008265069573682431,-0.0038236560745250068,0.6130076710917534,-0.07249991032242642,True,0.9963579652345987,False
9344,0.5212970890410958,0.002806154542777288,0.002249471566662997,0.0521390669771074,1.1520935488309396,0.2701771401375025,0.42380889468858207,0.002793771866385214,-0.9999974294650333,-0.7881036543984506,0.03705331016441809,1.0572486477672551,JBHT,9344,0.006644397920419009,-0.003838243377641721,0.6128102127244646,-0.0732818983911708,True,0.9963579652345987,False
9102,0.5286750164798946,0.0028172508884977323,0.0036432427725729966,0.05312954137098447,1.1518514948990213,0.26618876906898303,0.39261309546906975,0.0026953656703898807,-0.9999852958011193,-0.8532923698161385,0.035598620562177566,1.0201976457314275,TSN,9102,0.006655740645026742,-0.00383848975652901,0.5592284955964006,-0.07758494373388448,True,0.9963579652345987,False
9275,0.5306738544474393,0.0009237897666435071,0.002312313917478992,0.04067045434263064,1.0662542629445353,0.11402350671972428,0.15467795840545878,0.0008691235563262414,-0.9999586370741177,-0.8401382591144724,0.0021788059454507964,0.9393089159137555,PPL,9275,0.004763425701696914,-0.003839635935053407,0.4442511001659804,-0.10154298047474826,True,0.9963579652345987,False
9130,0.5570646221248631,0.002363343389767194,0.005036323953267918,0.04298711276139773,1.1587334485343632,0.27598712490884586,0.3668165562218875,0.0023449121508780126,-0.9999733926153538,-0.8217063027933273,0.036234806974603344,0.9201974830181466,MAA,9130,0.006218504218652042,-0.003855160828884848,0.4591764446096723,-0.09720067014889985,True,0.9963579652345987,False
9279,0.5490893415238711,0.0026902822451162533,0.0034294978731690406,0.03685379907005023,1.2172144152139301,0.3664509501945438,0.5192535342153,0.0026367688578573436,-0.9999397815300326,-0.693656829808668,0.05179236216409525,0.995272866296611,MRSH,9279,0.006612200173330278,-0.003921917928214024,0.42955241750703577,-0.11007958234239647,True,0.9963579652345987,False
9300,0.5729032258064516,0.006361723180225299,0.009925357912992538,0.055229033588021455,1.3358950482624408,0.578239285279562,0.8913164494613237,0.006333070206169859,-0.9997882190006395,-0.693666637926824,0.12892995833457419,0.9943993546187764,AAPL,9300,0.010303871485031086,-0.003942148304805787,0.6027792964377157,-0.07314530561805933,True,0.9963579652345987,False
7376,0.521556399132321,0.001455108324488147,0.0020514401029257945,0.05161270019492257,1.0822807511140058,0.14152690691768607,0.19590286942016003,0.0014149272968604215,-0.9999993852017443,-0.8749284446995295,0.002565338274849831,0.9905668117162502,ZTS,7376,0.005415861237986681,-0.0039607529134985334,0.5647162896021707,-0.07937620506872176,True,0.9963579652345987,False
9074,0.5551024906325766,0.005269803179642944,0.007943315548506136,0.058790260380774215,1.2618482750434508,0.449975928620103,0.6888310329643575,0.005053130041724176,-0.9999999985661155,-0.7388927220279058,0.09293230767161262,1.0005602562087637,CDNS,9074,0.009307797983417958,-0.004037994803775014,0.5604416331558602,-0.07522614327656141,True,0.9963579652345987,False
9390,0.5342917997870075,0.0036310997633561453,0.003067664405055126,0.05790619130013555,1.2297902482442666,0.3147845806619628,0.4753235745010836,0.0035948820210881666,-0.9999937581162569,-0.7753682339752467,0.05077196324234173,1.0694787428921138,DHR,9390,0.007677341567476502,-0.004046241804120357,0.46273267118408945,-0.08259307535594683,True,0.9963579652345987,False
9305,0.49618484685652875,-0.00036752058590851927,-0.00026365919071125177,0.03635058418861341,0.9732391663834493,-0.050754031609928286,-0.07574524784559436,-0.0004234077096982869,-0.9999991359394731,-0.925874339725984,-0.025652001256335617,0.9842004911943524,GIS,9305,0.0037215391790782777,-0.004089059764986797,0.3833710412180213,-0.11870529047488687,True,0.9963579652345987,False
9270,0.5445523193096009,0.0024155174714169496,0.003756340401508851,0.035901778746170815,1.193763891087864,0.3377493231214533,0.49394492622113034,0.0023918510392068448,-0.9993067149527225,-0.6728861313472513,0.04547584700638491,0.9965374479089262,AEP,9270,0.006518168895736967,-0.004102651424320017,0.416259109007939,-0.1158347095509145,True,0.9963579652345987,False
9386,0.5473044960579586,0.004297552819197438,0.004952642874284541,0.054294061647513776,1.232399094009456,0.39734628944334666,0.6195432489170756,0.004288844496236469,-0.9999969252287096,-0.7613106859414422,0.07369510111501741,1.0188824123531555,GOOGL,9386,0.008401070104605854,-0.004103517285408416,0.3658938515563238,-0.09265059855035826,True,0.9963579652345987,False
5105,0.5286973555337904,0.004061772928806267,0.0052067790242069645,0.07181117519919337,1.1681019436459217,0.28393823415066016,0.40803392688151013,0.004001366534318627,-0.9998757033694008,-0.8224054627466845,0.037084064129212155,1.0386975415895563,IR,5105,0.008179164143965752,-0.004117391215159485,0.6948419490277953,-0.056687954925315164,True,0.9963579652345987,False
9236,0.5454742312689476,0.004039730077928696,0.005335770339818691,0.051192421368359366,1.226279415477305,0.39613840297220293,0.5960888456000859,0.0040397300779286965,-0.9997423474823328,-0.7514303614068123,0.0708520598606511,1.0218183775652492,MTD,9236,0.008203099095644005,-0.004163369017715309,0.6083215127235196,-0.077319498643775,True,0.9963579652345987,False
9261,0.5332037576935537,0.0021701468899951453,0.003662219643988829,0.0533742963816208,1.11620273247151,0.2041066892855265,0.2945289589654645,0.002061517738359428,-0.9997624972311291,-0.8190980739507326,0.01865823055866572,0.971534901612505,CVS,9261,0.006381317444212265,-0.00421117055421712,0.6266060568376252,-0.07410658762669638,True,0.9963579652345987,False
9211,0.5567256541092173,0.006029450763867298,0.007476589750916807,0.06868797165460279,1.27593190381888,0.44065360917482355,0.6146189481297264,0.005997292960553898,-0.9999999927840891,-0.8089089788406674,0.095751890687678,1.0144255795377484,FICO,9211,0.010261574009039279,-0.004232123245171981,0.6492691308783687,-0.06349972941003282,True,0.9963579652345987,False
8968,0.5333407671721677,0.0035030434188643425,0.005151267896672862,0.08011196754336279,1.1244312217836168,0.21950700922610494,0.3270291744025364,0.003435612407268661,-0.999999997953897,-0.8945647299400149,0.0066241107402078975,0.9814970418035962,PODD,8968,0.007776928626003235,-0.004273885207138893,0.6931260160748282,-0.05503246551073463,True,0.9963579652345987,False
9520,0.5543067226890757,0.0068738190729887814,0.00829330365737424,0.07476961108113171,1.271179503204055,0.461501636681525,0.713377478991573,0.0068618653562809925,-0.9999999964796079,-0.8203322447473794,0.10755793922035349,1.021616879493727,LRCX,9520,0.011192432044594157,-0.0043186129716053755,0.6848946350785985,-0.05811291987558409,True,0.9963579652345987,False
9169,0.5279746973497655,0.0034714133767977107,0.004969224718749388,0.06946443726585891,1.1418743712870287,0.2508673147521313,0.3775805932707867,0.0033406888546730455,-0.999955754874147,-0.8993746684888715,0.026488476408328788,1.0154449841748934,LUV,9169,0.007797124787947041,-0.00432571141114933,0.6261873790554935,-0.0659092096943448,True,0.9963579652345987,False
9233,0.5265894075598397,0.0036429407100737887,0.0046974834174609015,0.06980095248964194,1.1528586067950157,0.2619938063112842,0.36964649710485165,0.003260696522036713,-0.9999999653719619,-0.8208608851507817,0.02949724329572002,1.0200735759835784,RF,9233,0.007975963179402612,-0.004333022469328823,0.6597987219258553,-0.06275119272787173,True,0.9963579652345987,False
9246,0.5494267791477395,0.004767414639489568,0.005871629797152833,0.060152316104800096,1.2451954917785393,0.3978605164753735,0.557098883753829,0.004706551848203917,-0.9999964712134569,-0.751304365664413,0.07664750647105306,1.0179718262512352,AMP,9246,0.009127743070759217,-0.004360328431269649,0.6140099331942788,-0.07259995278758746,True,0.9963579652345987,False
2343,0.5300896286811779,0.012013945670175946,0.005430221519872491,0.10274790123967231,1.3913210902902227,0.5869660391257101,1.0047535109856351,0.012013945670175937,-0.998493731153165,-0.733989037767428,0.18906750988582616,1.2333691790736998,CEG,2343,0.016375768277629585,-0.004361822607453639,0.8007795116468878,-0.03892393562422197,True,0.9963579652345987,False
9183,0.54677120766634,0.002959656376670856,0.0050192234356891685,0.05015889013045007,1.1731618500658791,0.29620585816757566,0.4264465071705739,0.0029432140004750328,-0.9999994894592825,-0.7865469443104599,0.04355704189297598,0.9715210062883741,SBUX,9183,0.007367902839983657,-0.004408246463312801,0.5561858518050189,-0.08633900341760599,True,0.9963579652345987,False
9098,0.538469993405144,0.0032014233922774567,0.0032401844623284326,0.04340792471679233,1.2331119775868011,0.3702323478219851,0.5460101227211285,0.003125784376127042,-0.9999014676661561,-0.6830835065412334,0.058576348858952,1.051127907410182,KDP,9098,0.0076185035105217685,-0.004417080118244312,0.3808530363677204,-0.11225616491610442,True,0.9963579652345987,False
9218,0.5522889997830331,0.0030112431647258443,0.004147507092773672,0.04482277213561042,1.2083003023914987,0.33724644854330604,0.4426690591641515,0.002947915672448993,-0.9999999350260576,-0.7187385136735063,0.05117571265225368,0.9752319667111898,TJX,9218,0.007522780809917193,-0.004511537645191349,0.47329999383748883,-0.10206595534216661,True,0.9963579652345987,False
9269,0.5235732009925558,0.0026005017787057443,0.002565299524381892,0.0504728404827576,1.14696718978003,0.25864237475405744,0.3911178618648461,0.0025482583788249136,-0.9990838292245691,-0.7625278615051515,0.03384803837391344,1.040613339501643,ADM,9269,0.007119282394581005,-0.0045187806158752605,0.48621874424673606,-0.09457142350187814,True,0.9963579652345987,False
9344,0.5310359589041096,0.0031909396611256133,0.0038924976717359394,0.05953446212751858,1.161912803353863,0.2690607993562735,0.39567321110938025,0.0030869528244950074,-0.9999997619056564,-0.8684010153746977,0.03625311302453981,1.0207130007697478,ORCL,9344,0.007743255000403952,-0.004552315339278339,0.5425143511400011,-0.08159633915128077,True,0.9963579652345987,False
9390,0.5412140575079872,0.004923313790471322,0.004553415927802451,0.05065857734903511,1.293130610370857,0.48787076883631914,0.781314223379045,0.004872477186762661,-0.9965137972573928,-0.6140913897780638,0.09607530287566012,1.092876027458251,TXN,9390,0.009491746979202046,-0.004568433188730724,0.42670538067743974,-0.10035444832027417,True,0.9963579652345987,False
9216,0.5477430555555556,0.003299040516242817,0.003819174486449084,0.04112518711207883,1.2512895465116554,0.40269851927983347,0.5692230683476827,0.003261133558265272,-0.9986646227528811,-0.6122153874287652,0.0634624396392263,1.0301821226827337,TRV,9216,0.007903722010295761,-0.004604681494052944,0.36147102189140573,-0.12078934175475854,True,0.9963579652345987,False
9447,0.5327617232984017,0.0008382963805143602,0.002250164089963036,0.033005860101646134,1.0684631841777141,0.12749900832238892,0.1909301624133899,0.0008299686877561701,-0.9999007202273198,-0.7672249345289179,0.007365599221063647,0.9364178631845612,CL,9447,0.005444610322747067,-0.004606313942232707,0.2855855688142216,-0.1465638155172019,True,0.9963579652345987,False
9455,0.5149656266525647,0.0009595767352801054,0.0016773309511619594,0.05497165442862757,1.0508753087837035,0.08762765157559167,0.12482414709957969,0.0009513475272993101,-0.9999980885188148,-0.9272545951666212,-0.014134288736576702,0.9893638150471343,BXP,9455,0.005575049967537546,-0.004615473232257441,0.5019116249514552,-0.0897699060458629,True,0.9963579652345987,False
9222,0.549230101930167,0.0030865013479386065,0.004977761481229637,0.04293028730964665,1.2168722571096393,0.3609133497343504,0.49344039748552404,0.0030727937760639413,-0.9999755080869208,-0.744220310762799,0.05568221703518885,0.9977631754741032,AON,9222,0.0077285169784317605,-0.0046420156304931535,0.4188422858476324,-0.11223242421225677,True,0.9963579652345987,False
9335,0.5253347616497054,0.002310765472783212,0.0023968671646190653,0.04376867029892008,1.1484717464205403,0.2650286273586698,0.3965951417210462,0.0022967029732165953,-0.9998892336018483,-0.7857493704608863,0.03446712820074923,1.0367627286712342,PSA,9335,0.006962090591476596,-0.004651325118693384,0.3538851276348842,-0.11784585490612144,True,0.9963579652345987,False
9482,0.48639527525838433,-0.0008060488127449321,-0.001192806451535855,0.05173298275057416,0.9589688180591539,-0.0782157283654537,-0.11946563432253751,-0.0008992673172961325,-0.9999999996183153,-0.9662400408118543,-0.052777294213525526,1.007832146819757,TAP,9482,0.0038485071142422525,-0.004654555926987184,0.5021071529397895,-0.09324038931808476,True,0.9963579652345987,False
9139,0.5265346317977897,0.0026907814506967006,0.0026141345636128133,0.061583009834542006,1.134263311167489,0.2193399724358285,0.3122803529333619,0.002658307482209417,-0.9999968118592598,-0.87021663165636,0.019533519821405103,1.0182912519209375,HAS,9139,0.007356502190409284,-0.004665720739712583,0.5788904838693476,-0.0778235870735664,True,0.9963579652345987,False
9235,0.5168381158635625,0.0006450625617568411,0.0014316082298622135,0.04016218353509432,1.0435783517518025,0.08062779647884749,0.11682013146057553,0.0005951332974933991,-0.9999902726666599,-0.8727017900574131,-0.0042221950806855275,0.9723010538948806,SJM,9235,0.005328985888316458,-0.0046839233265596174,0.40233355839084245,-0.11877045991745609,True,0.9963579652345987,False
8980,0.5319599109131403,0.0020453871289514533,0.002875685618670243,0.04308462668484201,1.1345672729527523,0.23831613936435175,0.35841539064106614,0.0019690613344714603,-0.9997600041552013,-0.7826372748156448,0.028471814263391154,0.9932510645778544,PFE,8980,0.006763465306619409,-0.0047180781776679556,0.4504976177795676,-0.10923732100187897,True,0.9963579652345987,False
9128,0.5328659070990359,0.0026755744686698226,0.0036673164361934463,0.0562369439833767,1.1396069917677212,0.23883369693199077,0.34671376096107165,0.002594328393685185,-0.9999987267811046,-0.852131796404549,0.027689077094371524,0.9948131757906546,LDOS,9128,0.007398945381288754,-0.004723370912618931,0.5489884246197377,-0.08519773365672506,True,0.9963579652345987,False
9188,0.53232477144101,0.0012398843759039158,0.002827903128014786,0.04611845244313163,1.0770828507873444,0.134960516655079,0.18160412393546324,0.0011495398655827736,-0.9999990707616871,-0.846031199837378,0.003932402065959989,0.9409885547770033,UDR,9188,0.0059635238345199576,-0.004723639458616042,0.38947967470541467,-0.11187173174069862,True,0.9963579652345987,False
9200,0.5359782608695652,0.0014231779584639168,0.002589276804688234,0.032306650086393184,1.1270364755070557,0.22114012538724362,0.29947792488544156,0.0013385678431231465,-0.9998890922350478,-0.6927553750432484,0.022734242495109476,0.9684148340546329,KO,9200,0.006171968073922772,-0.004748790115458855,0.20522373019545537,-0.16247826590314088,True,0.9963579652345987,False
9530,0.5353620146904512,0.005528072910810613,0.0052336038296578735,0.07147336165125247,1.2263135809840195,0.38826641322474276,0.5830168369840225,0.005411676553227739,-0.9999989627542978,-0.8153917468810388,0.07674236692049047,1.0592638085841974,JBL,9530,0.010298550693955664,-0.004770477783145051,0.602527199370233,-0.07056561743897645,True,0.9963579652345987,False
9259,0.5292148180149044,0.0004317711393252906,0.0028950470704811604,0.04547434374735592,1.0266709519233284,0.047663665678150675,0.06281180954478659,0.00039454691254102794,-0.9999999890081273,-0.9265052250052643,-0.015648235914190355,0.9112228510029702,EQR,9259,0.005208402825126341,-0.00477663168580105,0.39830053806288934,-0.11264020653141993,True,0.9963579652345987,False
9078,0.5125578321216127,0.0021640508451408838,0.001587698800838755,0.05580932121381065,1.1112827730367638,0.19465295023892315,0.2882160308848796,0.002124418208469373,-0.9999923607668243,-0.8434356147703376,0.015088423217030461,1.0546797175435954,BG,9078,0.0069923598770403,-0.0048283090318994165,0.4693832260733493,-0.0942720838328533,True,0.9963579652345987,False
9034,0.5575603276510959,0.004381198551919617,0.006020518565394761,0.047320562875981804,1.280560669705144,0.464775582611757,0.6515662992811982,0.004298720372704127,-0.999909369308788,-0.6763639360684861,0.08505219772629585,1.0108217634996333,NDAQ,9034,0.009219949536260943,-0.0048387509843413265,0.41567684854556863,-0.10916586273952719,True,0.9963579652345987,False
9209,0.5428385275274188,0.003631781554638104,0.004411784274800823,0.05283970656392525,1.204772467265977,0.34503217176576534,0.4837224634801123,0.0035513763622100694,-0.9999585457970792,-0.7079940211972153,0.057437444286731365,1.010042290520446,PLD,9209,0.008477778711726034,-0.004845997157087931,0.522976816516905,-0.09193719627144939,True,0.9963579652345987,False
9347,0.508398416604258,0.0006891803425621787,0.0013252836493382603,0.060933648696389744,1.0306434608051984,0.05677746099543839,0.08282682426980557,0.0006450432696024112,-0.9999999996778834,-0.9687101471658739,-0.029589623664264344,0.9946403432770706,IP,9347,0.005604071170012839,-0.004914890827450661,0.5518927227577067,-0.08312855119754033,True,0.9963579652345987,False
3689,0.5323936026023313,0.008002528171722059,0.00867113306986722,0.12069347216717079,1.1922934978402029,0.332846274729041,0.5745092774983291,0.008002528171722062,-0.9999999768295719,-0.9253606993173235,0.021504409214385484,1.0472027921457994,DDOG,3689,0.012921998038605005,-0.004919469866882947,0.7063453682458252,-0.046075627991701035,True,0.9963579652345987,False
9325,0.5307238605898124,0.0017754695360499497,0.0023408551140708944,0.0484480656083595,1.1073501362234988,0.1839657832141414,0.26128490694804263,0.0017299909316312138,-0.9999911509662858,-0.8723886924961313,0.01525233404494614,0.9764550403070011,UPS,9325,0.006758967356815711,-0.004983497820765761,0.5243433399847979,-0.09686539148771152,True,0.9963579652345987,False
9344,0.5235445205479452,0.0024424217880303968,0.002779001296089545,0.05492564185875187,1.122477603078751,0.2232265232223562,0.3475646697586073,0.002388525077107625,-0.9999988318049658,-0.8556860052082664,0.023622364308144794,1.0187654451491528,RVTY,9344,0.007432676055987386,-0.0049902542679569895,0.5143578709196354,-0.09243664854773583,True,0.9963579652345987,False
9282,0.5523594053005818,0.0022497316041281937,0.004619389012099129,0.04119624025117322,1.1598013681891335,0.2741406243086717,0.370708240735315,0.002181638254601166,-0.9998992051607009,-0.6915424015468155,0.03558224910896018,0.9353966564193616,ES,9282,0.007359269004927456,-0.005109537400799263,0.38310785326890334,-0.12504222609887,True,0.9963579652345987,False
9123,0.5251561986188754,0.003272600884969029,0.003441490564721539,0.059961238691851645,1.159002181857346,0.27398243295054325,0.4033627392909251,0.003258337466349827,-0.9999948074814187,-0.7758857093496233,0.03720142284235154,1.0472386652599563,VMC,9123,0.008392531736422106,-0.005119930851453076,0.5206365084409552,-0.08883169533616105,True,0.9963579652345987,False
9315,0.519699409554482,0.0036295612111125306,0.0030414397862825737,0.07530496758906745,1.1412774169094104,0.24195286524263682,0.3534079598823351,0.003537354761959842,-0.9999999999969585,-0.901472177658587,0.018317537515465585,1.0509842438715453,PHM,9315,0.008794829818963002,-0.005165268607850472,0.5971693106776441,-0.07211415160378168,True,0.9963579652345987,False
9224,0.5381613183000867,0.003484344399515337,0.004275605443082142,0.05905671440442668,1.191372913160382,0.29617750060953396,0.3940374109733485,0.0034543773997568056,-0.9999999260685899,-0.775274414274831,0.04287082111113587,1.0207310635920839,DRI,9224,0.008685337902465024,-0.005200993502949687,0.4695968084859577,-0.09523925121385224,True,0.9963579652345987,False
9291,0.5350339037778495,0.002549390790037219,0.00468740917988808,0.06375039830573638,1.1160660278713956,0.20074918018320886,0.28641271554647624,0.0022713527621493444,-0.99999999901509,-0.8442070367621065,0.012459077718635496,0.957782674491928,HBAN,9291,0.007751291208592249,-0.00520190041855503,0.5171250005757858,-0.08696075495263579,True,0.9963579652345987,False
8999,0.5347260806756307,0.002236229409355635,0.004053726902221166,0.05569333973275442,1.1130426703618106,0.20156418335969314,0.280969944907437,0.0022125778421991753,-0.999999999964176,-0.8673263331994943,0.016525831390275015,0.9673201262371345,LII,8999,0.007484852961911255,-0.00524862355255562,0.3854651293221106,-0.1066376181929744,True,0.9963579652345987,False
9152,0.5532124125874126,0.003680130327281389,0.0050249525585304156,0.04331848728272409,1.2469310660595319,0.4264716702376702,0.6412329972186186,0.0036618841563727,-0.998728329097056,-0.6902034048739436,0.07131759073218007,1.005819963220843,BR,9152,0.008960515065234955,-0.005280384737953566,0.3115317662172367,-0.1325723846059461,True,0.9963579652345987,False
9072,0.562389770723104,0.0037417372199440037,0.005212599648698413,0.03995369728172282,1.2871217058831494,0.4701284999454594,0.6306926210535666,0.003698923342612518,-0.999976107740948,-0.6968162028138727,0.07650932199053677,0.9982635417835403,AJG,9072,0.009027164674971938,-0.005285427455027934,0.23354613693609985,-0.14864882460189768,True,0.9963579652345987,False
9325,0.5203217158176944,0.0010878432583940445,0.001915435638139673,0.04608179079182268,1.0683774938395325,0.11850515621815445,0.16449764141974746,0.001080726561465021,-0.9999999516452669,-0.8575766139418054,0.000348788955153103,0.9844838777734027,EG,9325,0.006382944341366493,-0.005295101082972448,0.3275578070378651,-0.12626996323790865,True,0.9963579652345987,False
9266,0.5220159723721131,0.0011442996367224934,0.003096888620580107,0.0660379489190992,1.0476410310981907,0.08698541793864974,0.1255294530978227,0.001073590929789002,-0.9999999999806055,-0.968900841384772,-0.026580722117141433,0.9564570587822225,HPQ,9266,0.00644299708952042,-0.005298697452797927,0.6250915147874514,-0.07483708779274496,True,0.9963579652345987,False
9360,0.5259615384615385,0.0035405628676533334,0.0030302726559214843,0.07083188839927704,1.1553653363052607,0.2509249003300583,0.379664325283661,0.0035302861469799114,-0.9999996672027076,-0.8792328463845213,0.026526656924611418,1.0408379578537132,QCOM,9360,0.008897017014226405,-0.0053564541465730715,0.5324165361852768,-0.08194003570681457,True,0.9963579652345987,False
9044,0.5344980097302079,0.0032117104075734724,0.005560104517531417,0.07099454231862846,1.1316984910208343,0.22709715088466256,0.31748988063354294,0.002936384533159104,-0.999999999983883,-0.8712914178183739,0.016072006063345613,0.9746091886884016,LYV,9044,0.008661852083591255,-0.005450141676017782,0.509048801930717,-0.08459157229458038,True,0.9963579652345987,False
9084,0.542492294143549,0.0030907032810681425,0.004430527624883385,0.04526786079013876,1.2005306950884347,0.34274222514761343,0.48787151335510986,0.0030535286081345443,-0.999869593417352,-0.72547523608686,0.05303552336306572,1.0100244037817876,ICE,9084,0.008592557174871675,-0.005501853893803532,0.4474415557883331,-0.1151411714142092,True,0.9963579652345987,False
9371,0.5139259417351403,0.0040847817048971285,0.0034542281620522086,0.08698474002858991,1.1302825583818836,0.23573607751073525,0.379307623589887,0.0036521305723142897,-0.999999999995306,-0.9123258969850833,0.007016840388776573,1.0544766475933975,ON,9371,0.009586906045882346,-0.005502124340985217,0.6432336707109472,-0.06494449160934522,True,0.9963579652345987,False
9192,0.5360095735422106,0.0025949661779723237,0.003174564264785018,0.04909287370841012,1.151424974197216,0.265346593993998,0.38311833937150663,0.002546613552925011,-0.9999937178956662,-0.8194010380036442,0.03528496605960634,0.9939132160058373,AVY,9192,0.008098807061816508,-0.005503840883844185,0.3908519961945076,-0.11764490076812358,True,0.9963579652345987,False
9333,0.5245901639344263,0.003570927019000188,0.004323082472215134,0.06929973907621563,1.1475220692876635,0.2586721336294327,0.38714318299844463,0.0035052834856034998,-0.9999999872724208,-0.8631733180172416,0.028812017329374766,1.037129321200554,DHI,9333,0.009075088824897128,-0.00550416180589694,0.5588304484033444,-0.08177215197555325,True,0.9963579652345987,False
9273,0.554405262590316,0.0027957767917679652,0.006148642475607868,0.04761339091175689,1.1647295134964566,0.29476346548630566,0.4296872802531167,0.0027793311289293285,-0.9999574775131943,-0.7633558420402653,0.04247329055693677,0.9352272771276742,ACN,9273,0.00834760098700463,-0.005551824195236664,0.4325676802099135,-0.11493558974845142,True,0.9963579652345987,False
9274,0.5337502695708433,0.0008451520168596581,0.0033416080027584005,0.04966315803439227,1.0501783357570602,0.08542810447472365,0.10863328518141105,0.0007982791979143228,-0.9999997369883223,-0.8731866922251472,-0.010808234520222745,0.9148220169261502,REG,9274,0.006413483714614517,-0.005568331697754859,0.3235861015171727,-0.12480427047634621,True,0.9963579652345987,False
9117,0.5600526488976637,0.003976776654538124,0.006002332785397524,0.05735898571115163,1.229230539233426,0.3480406795958132,0.4411451879748619,0.003959458589212834,-0.99945148194569,-0.6953409556068226,0.05871811853118179,0.9646546750310101,WELL,9117,0.009617467712497772,-0.005640691057959648,0.31258208458499054,-0.11550159137867197,True,0.9963579652345987,False
9193,0.5382356140541716,0.003726508867956518,0.00417739010418039,0.051404177084566884,1.2184690311405912,0.36391840334859105,0.54656461009308,0.003653872765317853,-0.9999510785953267,-0.7192994621776675,0.06231776965783564,1.0409192794323523,JCI,9193,0.009369546352406374,-0.005643037484449856,0.38390520137233325,-0.11703878951035324,True,0.9963579652345987,False
9337,0.5191174895576738,0.0008034361737785962,0.001636690661295681,0.03792847138499699,1.0574738369643617,0.10633746722594258,0.15928325116151967,0.0007565786419173829,-0.9999882527767612,-0.8274509992162773,0.0020449974712094914,0.9763143017156011,BDX,9337,0.0064708316782224615,-0.005667395504443866,0.3151803659538809,-0.14734381047012954,True,0.9963579652345987,False
698,0.6991404011461319,0.118762473081875,0.0893137721360846,0.24078857636200288,3.8478600315367375,2.4759599989631536,4.75813328151036,0.11876247308187501,-0.9996793486694578,-0.6390140848131043,8.187036322534302,1.65584140701376,SNDK,698,0.12450155777070597,-0.00573908468883097,0.8742136124245329,-0.02378156639526398,True,0.9963579652345987,False
9324,0.5104032604032605,0.002341501499363521,0.0019312331875397382,0.06239689795774642,1.1053836861646449,0.18837866343102572,0.28448953462143306,0.0022633521978772143,-0.999999999961876,-0.9032622472041687,0.009605775501011358,1.056606511528256,MAS,9324,0.00809558137308891,-0.0057540798737253885,0.4468217776684979,-0.0999300876366849,True,0.9963579652345987,False
9228,0.5255743389683571,0.003695688832385276,0.003459250195274377,0.06529985844285519,1.164918012664507,0.2841079772879785,0.4295558139364418,0.003634096759641138,-0.9998327066315059,-0.8576459553254923,0.03970413917655388,1.048666400679018,TRMB,9228,0.009479866325125746,-0.00578417749274047,0.505165881929795,-0.09215794645628844,True,0.9963579652345987,False
9110,0.5334796926454446,0.0030947487395928132,0.0032474133883863,0.05055836188879501,1.1746910566566695,0.30727885151174517,0.461540236152826,0.0030655220429924475,-0.999966104685268,-0.7882274699936497,0.046573721284697514,1.0255584677765943,COO,9110,0.00892804344946315,-0.005833294709870337,0.4522956455545243,-0.11178088301107458,True,0.9963579652345987,False
9442,0.518746028383817,0.00047561369209504696,0.0024536365298057916,0.053365788393627364,1.0237646565409482,0.044739558008185985,0.06375947041533708,0.0004712083456295847,-0.9999999992763577,-0.9553170521500213,-0.024228866904372936,0.9495636657136642,J,9442,0.006321471485120425,-0.005845857793025378,0.4202478378106727,-0.11284627612257479,True,0.9963579652345987,False
9380,0.5357142857142857,0.0027567940028092185,0.003238457302061404,0.04068111366217789,1.2150604285896063,0.3401823307040501,0.47226135619958337,0.00272433414022542,-0.9999579912888444,-0.6588276356265582,0.04957412790655507,1.0503925376702985,CB,9380,0.008607720924269356,-0.0058509269214601384,0.22104548113018613,-0.15813582714580457,True,0.9963579652345987,False
3136,0.5360331632653061,0.020387685094815547,0.01312132466975291,0.15038669503710608,1.4638930581163063,0.6805480158276505,1.22674379326353,0.020144704551301296,-0.9999999597249859,-0.8974527937174123,0.2639703552948859,1.260114964363055,PLTR,3136,0.026262047984905078,-0.005874362890089531,0.7555571320568554,-0.04160693620661965,True,0.9963579652345987,False
9093,0.5462443637963268,0.002654843482817258,0.006177626027527361,0.06955711041690311,1.1195113341501808,0.1916009511146624,0.2342255339515129,0.002535761747082175,-0.9999999994708143,-0.8983123334767467,0.002479750413653712,0.9249999024264832,WMB,9093,0.008532810325235424,-0.005877966842418166,0.4222709823192399,-0.09665206776397546,True,0.9963579652345987,False
9257,0.5261963919196284,0.0022842751794977657,0.0040729072020855295,0.06344015546741658,1.1033569959257512,0.1807525582062598,0.2572440563668906,0.0022388313935428825,-0.9999999965163389,-0.9244560358856536,0.005749910668232233,0.9914583393896557,COF,9257,0.008193291787643883,-0.005909016608146116,0.4846069488397954,-0.09680095602359713,True,0.9963579652345987,False
9217,0.5512639687533905,0.0024676419609557126,0.004971614662309332,0.042465098870590204,1.166459774688768,0.2917093015355709,0.38955771220164415,0.002456881554073807,-0.9990915136947439,-0.7232966864484378,0.039349860334202603,0.9488246897832471,O,9217,0.008428358807837164,-0.005960716846881452,0.21583360205083277,-0.15651077897495352,True,0.9963579652345987,False
9209,0.518840264958193,0.007584576831540194,0.003693965268798838,0.09025370892770083,1.2547896315124536,0.421858270104522,0.6683609449365575,0.007476697342917442,-0.9999999441086885,-0.8571209104416992,0.0924074056956997,1.1594592346436758,CIEN,9209,0.013566005155512628,-0.0059814283239724335,0.6506845456101263,-0.06576023215456547,True,0.9963579652345987,False
9300,0.5334408602150538,0.0016738480707381587,0.0034234946731352967,0.04653968135261062,1.101571599984815,0.18054809107960193,0.2567210291463737,0.0016205040599086805,-0.9999993702372184,-0.8044670587095385,0.014703933611180654,0.9603501652760179,SYK,9300,0.007658548815163249,-0.00598470074442509,0.36966310536154395,-0.1291465527675111,True,0.9963579652345987,False
9126,0.5426254657023888,0.00176090534066903,0.003918927036374198,0.0472128926157445,1.1098480005756202,0.1872301010284007,0.25801917969038357,0.001753220594092688,-0.9999997603760836,-0.8162515312067107,0.015988688892579924,0.935033493215163,ESS,9126,0.007813460501390573,-0.006052555160721543,0.1859812571696864,-0.15096473091236667,True,0.9963579652345987,False
9071,0.5443721750633889,0.002317982490379192,0.004758661075693116,0.05578873969705457,1.1229149201010002,0.2085757773813164,0.27258359433891277,0.002308852289169029,-0.9999999999617807,-0.8408583903702376,0.018275066823917052,0.9394008778730724,UNH,9071,0.008388359557666281,-0.006070377067287089,0.5016053251024047,-0.10235451228222782,True,0.9963579652345987,False
9075,0.5562534435261708,0.002671705566212953,0.004662261875565621,0.04351654299857853,1.1815769946631114,0.3082013086368533,0.4351150378372245,0.002631403551928972,-0.9999999789173198,-0.768072403677938,0.044243612074719434,0.9400184648508431,V,9075,0.008747701547214229,-0.006075995981001276,0.25451269750632627,-0.15086467633233916,True,0.9963579652345987,False
9174,0.5307390451275343,0.001195118787710128,0.0023841909877704293,0.0421556182680578,1.084871692875741,0.14231670525319934,0.1803447870233104,0.0011326950681060637,-0.9999991913351122,-0.8294584774743288,0.0071139055695752604,0.954972289107707,SRE,9174,0.007276040146281584,-0.006080921358571456,0.22913133434461838,-0.15729215990972328,True,0.9963579652345987,False
9136,0.5537434325744308,0.004198443461714805,0.005992883057757692,0.053549478036434325,1.2336677229855963,0.39358028651821625,0.5448916623460278,0.004167540990297484,-0.9999989869252561,-0.7481100347461944,0.07138211566420988,0.9924940961754057,MCO,9136,0.010288250484114627,-0.0060898070223998225,0.3060402635862864,-0.12766980800650793,True,0.9963579652345987,False
9235,0.5296155928532755,0.001716794644638585,0.003131433998057709,0.05443384332133651,1.089184377772635,0.15832504544545287,0.2182068007909397,0.001703491294180192,-0.999999997805443,-0.8976996998311553,0.005215012609637959,0.966704024516665,AXP,9235,0.0078538549036982,-0.0061370602590596155,0.35774864161135983,-0.12167265253076266,True,0.9963579652345987,False
9182,0.5225441080374646,0.0005564632608336817,0.0017041088847975505,0.0421433713397966,1.0367754775161444,0.06628381429010659,0.0916218134944567,0.000480147331824686,-0.999999994661175,-0.8905612500637925,-0.008558482250476063,0.9425624495467738,WTW,9182,0.006792082568014489,-0.006235619307180807,0.29314489197312793,-0.15006132943800832,True,0.9963579652345987,False
3995,0.5143929912390488,0.0024659201037262406,0.0020189945815960453,0.05978322607056553,1.1179896797959237,0.20706177117099064,0.31212428551770405,0.002335840502996102,-0.9999215002310273,-0.8718994205484017,0.01705533867758919,1.0488973735506282,FOXA,3995,0.008706373083286574,-0.006240452979560333,0.3035111747036961,-0.1208616442551905,True,0.9963579652345987,False
9238,0.5360467633686945,0.0017506526454689753,0.002908583230481432,0.04441679431748583,1.1214562448684349,0.19785773980092092,0.25908423862848184,0.0015942759217787896,-0.999996785668485,-0.7805353954405456,0.018634287536044607,0.9602129398711963,CNP,9238,0.008009827187643587,-0.006259174542174612,0.2237728291324042,-0.15583035573032097,True,0.9963579652345987,False
9342,0.5165917362449154,0.0054640866149345685,0.0035527849548868673,0.08965061019028078,1.182808893143584,0.30595996006268733,0.5008884130621248,0.005377796378046078,-0.9999999999812018,-0.9236264347803157,0.03829596915031072,1.1036445184056276,MRVL,9342,0.011754083895320459,-0.00628999728038589,0.5642290604347338,-0.07586759583612805,True,0.9963579652345987,False
9239,0.5425911895226756,0.0021963085535774535,0.00330738938957742,0.03620289168189124,1.1760105934044913,0.3045442207533299,0.42144198303898883,0.0021369729624801832,-0.9999747144969126,-0.6817893095090877,0.03935119034664902,0.9866947049390167,LNT,9239,0.008500906812405878,-0.006304598258828424,0.14674271856078533,-0.19011799606746535,True,0.9963579652345987,False
9115,0.5518376302797586,0.0036986864632260223,0.004278497414177185,0.047738554655245416,1.2651451611904359,0.3889363392099121,0.5033187438200185,0.0036438340038025385,-0.9999812632619679,-0.7244184262098867,0.0660338194628994,1.0234345250266168,ACGL,9115,0.010034767825046626,-0.006336081361820604,0.21369506191707938,-0.1513298684262371,True,0.9963579652345987,False
9196,0.5496955197912136,0.002741813023057582,0.004753209284577453,0.04088456509225547,1.1953490733054266,0.33665008075001335,0.4993330373140602,0.002683955912025521,-0.9975096780699317,-0.704222718103298,0.049090901706605114,0.9751967513969495,ABT,9196,0.009092728636802074,-0.006350915613744492,0.2842455914629194,-0.15521745948122181,True,0.9963579652345987,False
9065,0.5334804191947049,0.0023437156863213393,0.0035111630678277272,0.04673485322429755,1.1527130600188076,0.2517470058880769,0.3344277722435977,0.0022854306232504198,-0.9969954026525112,-0.7409084170660768,0.03128647576336551,1.0042142518319348,LH,9065,0.008696214370392084,-0.006352498684070744,0.23352587841504768,-0.15117970239432765,True,0.9963579652345987,False
9067,0.5341347744568214,0.004271360336228795,0.005813846064588457,0.07967638201381555,1.154273799729596,0.26911436201704947,0.39289549161686277,0.0041065182249463185,-0.9999999313309924,-0.8460056778888798,0.026055640971439756,1.0007837466579752,DAL,9067,0.010623959834333853,-0.006352599498105058,0.5447348069988356,-0.08330927720128581,True,0.9963579652345987,False
9334,0.5384615384615384,0.0016459691487571311,0.003202084020166862,0.04029216532452494,1.1183542354929965,0.2050696328551781,0.27740156999243587,0.001590872105530541,-0.9999974415644096,-0.808708155053766,0.020804464967199836,0.9548066105253578,ETR,9334,0.008082290134495768,-0.006436320985738636,0.17752394619820777,-0.17519693509195663,True,0.9963579652345987,False
9213,0.5355475957885596,0.003078065255970204,0.0038208474891752164,0.06317070749266669,1.143316206805728,0.24460332273776783,0.34974527283669354,0.0030780652559701943,-0.9999999766659503,-0.8747553017525324,0.027023063289021012,0.9915383155495968,ISRG,9213,0.009599829621540741,-0.006521764365570538,0.45506917056826146,-0.10548708912428795,True,0.9963579652345987,False
9388,0.5492117596932254,0.005545079521232695,0.008345379268701603,0.07214927367106479,1.2203712481946014,0.3858123146619034,0.5955662711048113,0.005431600654773199,-0.9999999822126011,-0.8485860023789282,0.07626662426285136,0.9971730156407789,AMAT,9388,0.012085417120623594,-0.006540337599390899,0.5630160120650959,-0.08678744863541,True,0.9963579652345987,False
9258,0.5585439619788292,0.003365836077494304,0.005367922171323314,0.04749419440352904,1.2114369370748612,0.35575638714652924,0.4965037730302389,0.0032836186237301945,-0.9999999049249373,-0.7612856219069629,0.05769528672892605,0.952562867171995,MA,9258,0.009931683869276441,-0.006565847791782137,0.31486684197773324,-0.14173646208447463,True,0.9963579652345987,False
2911,0.5053246307110958,0.002568519735738387,0.0009195933339439799,0.06178090822761194,1.1128809395006356,0.20870309471712095,0.3516625893517384,0.002473313720014733,-0.9998681742499266,-0.8204299642896559,0.016937549948095647,1.08488869289185,EXE,2911,0.009136886826374663,-0.0065683670906362766,0.4238601416398722,-0.11047390288766126,True,0.9963579652345987,False
9165,0.5334424440807419,0.0020257071565679837,0.003727290241335668,0.05449594867221076,1.1121340639315964,0.1866004623821165,0.25600513389865676,0.0019833605855639237,-0.99999940726902,-0.8405420141751375,0.01314923574072757,0.970416018967517,HIG,9165,0.008706552134454773,-0.006680844977886789,0.2835543195289224,-0.13617211760950365,True,0.9963579652345987,False
8164,0.5532827045565899,0.003290990900268049,0.004916837510409666,0.05119395147005697,1.1909226513403528,0.3227069356682269,0.45926880381109686,0.003272064411787543,-0.9995002077668838,-0.7618962753698265,0.05088261341764909,0.9604895326174242,XYL,8164,0.009999078013996781,-0.006708087113728732,0.3662980821478539,-0.13017239139495668,True,0.9963579652345987,False
8906,0.5398607680215585,0.0027451579383272655,0.005192407684322609,0.06398054777492429,1.124837833465332,0.21538708186127303,0.2904639008683216,0.002723673041822139,-0.999999999916713,-0.8313304612199712,0.016236670793184076,0.9577966077801725,CHTR,8906,0.009589290067995413,-0.006844132129668148,0.44497762733561413,-0.10807210566011155,True,0.9963579652345987,False
9045,0.5867330016583748,0.004893104731991526,0.008706589354865235,0.05061684767834894,1.298787780209257,0.48527697666006586,0.6202713137168344,0.0048799508988553245,-0.9996547275498985,-0.6780007186373586,0.0941310130404899,0.9140705406221169,SPGI,9045,0.011739982944139294,-0.006846878212147768,0.2098534219492313,-0.15366076771466802,True,0.9963579652345987,False
6689,0.5495589774256242,0.007131332840903707,0.009792511408671434,0.08875372846071475,1.2333977425589737,0.40335214490970606,0.638809899106551,0.007121188610889034,-0.9999999998568473,-0.824630868371167,0.08333286965208506,1.0106077259487565,ANET,6689,0.014014426322731038,-0.006883093481827331,0.45503337676588124,-0.08886904967055023,True,0.9963579652345987,False
9274,0.5227517791675652,0.0017832681440858136,0.002508302269211171,0.04850387205005754,1.103363844133234,0.1845612454867638,0.2779257729259055,0.0017285236393780115,-0.9999970002446271,-0.8719478105451577,0.015334615813255724,1.0041339274578858,CHRW,9274,0.008671031050355838,-0.006887762906270025,0.30367129630342987,-0.14535117460096528,True,0.9963579652345987,False
9259,0.5325629117615294,0.000824795596016805,0.002467698587993228,0.04671965825180879,1.0533785897772785,0.08862310184666969,0.10800700612808094,0.0007890109603822647,-0.9999991050838165,-0.8952269491156061,-0.00799125420705346,0.9224272461282274,FRT,9259,0.007726363970188126,-0.006901568374171321,0.1774230141198971,-0.16695870040442193,True,0.9963579652345987,False
9120,0.5367324561403509,0.002748485749186314,0.004511782063644221,0.05468833537214665,1.1442655591453608,0.25228943000674336,0.35402375032135325,0.0027032862890918503,-0.9999997216709239,-0.8276728653696932,0.031331065685280705,0.9853073200812454,ELV,9120,0.009693770758109663,-0.006945285008923349,0.43441746209171944,-0.11929316475512644,True,0.9963579652345987,False
9010,0.5124306326304107,0.0007180264835918004,0.0015467520199012874,0.053674137505400406,1.036867715082087,0.06715458335072168,0.09905767761866083,0.0004300966749475714,-0.9999999999820256,-0.9290565850590126,-0.01829320615971984,0.9721898069288184,BSX,9010,0.007676181974736088,-0.006958155491144287,0.35050801529249265,-0.13226808690311576,True,0.9963579652345987,False
9260,0.5312095032397408,0.0012135754015295494,0.0021635294382679193,0.03234236685637363,1.1069244513040302,0.18836284285942204,0.2620720524526162,0.0011794839231477113,-0.9999094229570535,-0.7658461050344905,0.01739789933556381,0.9739314952721777,PEP,9260,0.008429300177292978,-0.007215724775763429,0.0835614172202123,-0.2367438655834592,True,0.9963579652345987,False
8909,0.5370973173195644,0.004609442408881201,0.005556864232186154,0.06304158296442444,1.2092048875221528,0.3670468944567735,0.5597025362875437,0.004550515923006811,-0.9999984501628152,-0.8162267605276665,0.0679024193149382,1.0393855177384774,TTWO,8909,0.011878880340978733,-0.007269437932097532,0.3768676370532507,-0.12109074925524982,True,0.9963579652345987,False
9033,0.5424554411601904,0.0010631722231399258,0.003509433688203112,0.04429127238426861,1.0694893212533905,0.12049963605089119,0.156475466552193,0.0010446404972575263,-0.9999994111015772,-0.8287573916174176,0.001403174074786785,0.9009901873742849,AVB,9033,0.00833556239999406,-0.007272390176854134,0.1879968235407534,-0.17626268509933674,True,0.9963579652345987,False
8979,0.5107472992538145,0.0024994249017965932,0.001397898750778559,0.0780059999308648,1.0994778728278942,0.16084677382589257,0.2607474262996494,0.0024190969501109577,-0.9999999999898167,-0.888372565821136,-0.010458852995882513,1.0498503281974159,VRTX,8979,0.009842983611916243,-0.00734355871011965,0.5146937014298465,-0.09408064006455841,True,0.9963579652345987,False
9174,0.5238718116415958,0.0025766404665901127,0.0024822436608007425,0.0605618095097008,1.1234519372876535,0.2135773780802317,0.3200581095145091,0.00246132771410432,-0.999999995710325,-0.8249680297466335,0.018835755336714555,1.0154546848892148,EA,9174,0.0099340710121186,-0.007357430545528488,0.43741196649111236,-0.11652057388564062,True,0.9963579652345987,False
9221,0.5516755232621191,0.0025782547238548293,0.004446515625653902,0.04223848077552526,1.1801225026392295,0.30642049042472863,0.4159077475258691,0.0025261283737324624,-0.9993685642041347,-0.7533626080875386,0.042947259820191604,0.9555582049087844,PAYX,9221,0.009964539257828788,-0.007386284533973959,0.15716731332035763,-0.188539557356394,True,0.9963579652345987,False
9241,0.5337084731089708,0.002947907208712849,0.004241578279627678,0.07676334383429351,1.1117137994130368,0.192779209471579,0.2690456329253782,0.002843387980377428,-0.999999999459234,-0.9479163427797603,-0.002024344123932054,0.9674524791323507,TPR,9241,0.010365687496719452,-0.0074177802880066035,0.4603325006078369,-0.10127465823404375,True,0.9963579652345987,False
2926,0.5352016404647983,0.0007715961338522483,0.008706764866486694,0.11133416005921516,1.0188147897605058,0.0347905966046211,0.04953136102159368,0.0007715961338522412,-0.9999999999988618,-0.9836217155926477,-0.13372939433076345,0.8847944534318569,DASH,2926,0.008201072627159616,-0.007429476493307368,0.6497641306066532,-0.06591398123442178,True,0.9963579652345987,False
9355,0.5377872795296633,0.0013495027770458387,0.003325978791903994,0.044390876963492115,1.0859986949974303,0.15260906381906614,0.21840379031160229,0.0013349730262349306,-0.999979339922913,-0.8441783131419375,0.00906725370036689,0.9325212407849134,MMM,9355,0.00878000740387476,-0.0074305046268289205,0.21748303034844313,-0.17291514685492837,True,0.9963579652345987,False
9117,0.5653175386640342,0.0030307423349257056,0.005198946125270609,0.04447671952845878,1.2109533274428494,0.34207122142644514,0.44111026634945644,0.002990753533747113,-0.9999596562479603,-0.6920185073259368,0.0521877498621943,0.9285385234874157,NEE,9117,0.010477092923814574,-0.007446350588888868,0.1367995365476651,-0.18748423894494817,True,0.9963579652345987,False
9161,0.5261434341229123,0.0014425735782753136,0.0025363140986109922,0.060279785078747046,1.0778402911026657,0.12013416902868633,0.1489762142883232,0.001412641101435394,-0.9999999993377354,-0.9228303864501923,-0.01233929920341216,0.9691617887217744,SPG,9161,0.008907943193293097,-0.007465369615017783,0.29757327750109497,-0.13542622918373834,True,0.9963579652345987,False
8983,0.5459200712456863,0.0031249946900887868,0.003900463781239649,0.03599567365979305,1.2537305427420655,0.43581206425631785,0.6670813417818117,0.003085616793575368,-0.9997874213815563,-0.645231476668469,0.06430183261424662,1.0394919222653423,CHD,8983,0.010621902056456502,-0.0074969073663677145,0.09592178917969622,-0.22381298388990173,True,0.9963579652345987,False
9012,0.5640257434531736,0.00412966956184877,0.005429055674659011,0.04160059059305932,1.3113391005716395,0.4983289029223272,0.6935052851726152,0.004109382713696626,-0.9910895289016761,-0.5448046680268788,0.08538643255179415,1.012076193496467,ADP,9012,0.011661447948688898,-0.007531778386840129,0.14931125666340467,-0.19394974338513937,True,0.9963579652345987,False
9172,0.5465547317924117,0.0019163110419079176,0.004210780309358508,0.04570074805316832,1.121742712511418,0.2104955715786014,0.2849437612821826,0.0018555216110250454,-0.9999927618660431,-0.8297632527134146,0.02173798643541919,0.9270656409205675,CPT,9172,0.00953707255573448,-0.007620761513826562,0.19224651433227713,-0.177061370985518,True,0.9963579652345987,False
9579,0.5313707067543585,0.002631068356448079,0.003906210466326776,0.06069390168477374,1.1233722885836703,0.2176142570980298,0.31847892461461935,0.0025834544901709826,-0.9999997889886691,-0.8885249852706313,0.01938416791726079,0.9885234735886561,CRH,9579,0.010483194551131217,-0.007852126194683139,0.32456784860452004,-0.13550995727896376,True,0.9963579652345987,False
9171,0.5615527205321121,0.005077398502700151,0.006896507062906787,0.05716149133807747,1.2732261050878413,0.4459005109788019,0.6322543354055046,0.00497516568375116,-0.9999951544447255,-0.6938551761987954,0.0900953128270572,0.9886662513099569,SNPS,9171,0.012951873593460797,-0.007874475090760646,0.2710512759225737,-0.14748378642808976,True,0.9963579652345987,False
8787,0.5462615227039945,0.00359456363868331,0.005405391658748648,0.05786724407152664,1.1765314179432065,0.3118269505561951,0.45795945043554903,0.003538229653310375,-0.9999999482346745,-0.7798616649249895,0.049018217554979295,0.9745601911962892,CPAY,8787,0.011521767210609579,-0.00792720357192627,0.36315704865199533,-0.133429771466719,True,0.9963579652345987,False
7075,0.5351236749116608,0.0018622325793760841,0.003045396038366066,0.04967480792982551,1.1050036670891998,0.18819062911821763,0.2722782245731407,0.0018081461841682155,-0.9999366274466495,-0.8324676402000638,0.015561205736878043,0.9570277401969063,ALLE,7075,0.009877125298666434,-0.00801489271929035,0.2666559126250943,-0.1603768291048978,True,0.9963579652345987,False
9176,0.5310592850915432,0.004370790999181365,0.004076724756771122,0.05805675607863974,1.2249314399000597,0.3779266731744333,0.5878191659278259,0.0043707909991813725,-0.9996367679808115,-0.7173773729539337,0.06983513998569844,1.0816499047588668,MLM,9176,0.01239092534733321,-0.008020134348151846,0.3357770495868666,-0.1386985270754978,True,0.9963579652345987,False
9529,0.5395109665232448,0.0032051167304901055,0.004260705912599416,0.05344381303286036,1.174896956575064,0.30105558304320784,0.4339729378575431,0.0031758356980514484,-0.9999998982490701,-0.7836477456503615,0.04534955829125853,1.0012105751323392,TEL,9529,0.011535623695961474,-0.00833050696547137,0.18489651566720536,-0.17144988348282342,True,0.9963579652345987,False
1418,0.5338504936530324,0.0011181377303474023,0.002755782388989436,0.03877626720610676,1.0760080986822722,0.14475366669546974,0.23217482541405318,0.001051067346059635,-0.9463293535120372,-0.713054145486582,0.009227075232846898,0.9352884133856475,VLTO,1418,0.009490005993004801,-0.008371868262657399,0.13165378925859317,-0.2192866100546427,True,0.9963579652345987,False
9370,0.5588046958377801,0.006362514633689374,0.008715051537636853,0.0694846759876439,1.2713326034993817,0.45966350881675866,0.710762029570661,0.00631135288633268,-0.9999999999218563,-0.7891771996066311,0.10417061189599629,1.0015750552778744,KLAC,9370,0.014867799237064277,-0.008505284603374904,0.35434423997753994,-0.12781330582362033,True,0.9963579652345987,False
9308,0.5237430167597765,0.0025201756796421238,0.00310905150395413,0.0688003723927993,1.103904762318354,0.1838824568240789,0.274664289010118,0.0024873028498284405,-0.9999999998577883,-0.9131744864284386,0.0026810445900422916,1.002458745186329,LEN,9308,0.011070448021922823,-0.0085502723422807,0.365028756521661,-0.12750964849306584,True,0.9963579652345987,False
9123,0.561876575687822,0.00438871940266153,0.00604001037958346,0.04628828736710503,1.2793775761684445,0.47595618253409416,0.682385430363565,0.0043847882420299,-0.9999891743799336,-0.7264258262641471,0.0866458315543803,0.9973454534469577,SHW,9123,0.012969505188777382,-0.008580785786115852,0.15984098973947625,-0.19427333351175516,True,0.9963579652345987,False
9240,0.5332251082251083,0.002314912833329819,0.003222159498278643,0.04372146462400981,1.1551777893002624,0.26579096320952617,0.37983632472856355,0.0022767687343077554,-0.9999962615689492,-0.7444311004841347,0.03454524699555412,1.0086411304180494,YUM,9240,0.011038502945427289,-0.00872359011209747,0.07568968559415461,-0.2239910149091337,True,0.9963579652345987,False
7717,0.5388104185564339,0.004407840608659898,0.006374232399997459,0.07903449965846025,1.1576950093865181,0.27996867620111,0.41261444363668204,0.004399984599365431,-0.9999999999988272,-0.8796351028057443,0.03152483657187072,0.9906394524764867,PANW,7717,0.013156928280321924,-0.008749087671662025,0.4694475081183577,-0.10685427609393454,True,0.9963579652345987,False
9263,0.5503616538918277,0.006281289818192649,0.006949198394025746,0.06035930022555802,1.3175161422347,0.5224020907782512,0.8146483059756793,0.006238449765789376,-0.999791357088393,-0.7455420538069184,0.11866472863857422,1.0740676906879978,IBKR,9263,0.015033155212318057,-0.008751865394125407,0.27194800181696416,-0.15162220213746838,True,0.9963579652345987,False
8984,0.5491985752448798,0.0025072785963771577,0.0049087277131517615,0.05158240765602162,1.1408637928616716,0.24400642067296135,0.34869130570067286,0.0023833649376132186,-0.9999995902892698,-0.824743570706214,0.02991564793596635,0.9299866588750797,CSCO,8984,0.011266617529779652,-0.008759338933402494,0.279517744084634,-0.16280400505565965,True,0.9963579652345987,False
9085,0.5360484314804623,0.0020050789260036236,0.003149618715678759,0.04614844227079027,1.1285511765811247,0.21810955753472022,0.3012621984636334,0.00196054640590812,-0.999948961644586,-0.8146601550612942,0.023453538133564086,0.9739836951068721,DGX,9085,0.01076494784451653,-0.008759868918512907,0.04992414494856849,-0.22436065724367982,True,0.9963579652345987,False
9061,0.534929919434941,0.002942020622650334,0.004477357145190153,0.06521745772584071,1.1325632701363193,0.2264551061672371,0.3293108310831433,0.0029367528012215448,-0.999999603509534,-0.8490522121025526,0.0202533560305567,0.984421096984591,HUM,9061,0.011710080705727802,-0.008768060083077468,0.28818807674665053,-0.14320928678641182,True,0.9963579652345987,False
9349,0.5485078618034014,0.0044523734670219965,0.005762064611809059,0.06359807147048989,1.2045641295462812,0.35143734552895023,0.5221440997625276,0.004338338271913652,-0.998182669111903,-0.721926084315079,0.06258237178419565,0.9863425857965746,SCHW,9349,0.013238852995853981,-0.008786479528831985,0.3225827517891292,-0.1405937964355667,True,0.9963579652345987,False
9611,0.5338674435542607,0.004031697133470468,0.004904959293741351,0.06886204991625554,1.1744844187748436,0.29390584521682894,0.43941780169698447,0.004016213766428741,-0.9999885431349784,-0.7686721206863392,0.04248976218541423,1.024784007572593,MCHP,9611,0.012912522995848197,-0.008880825862377728,0.2993802141384281,-0.13844145613918954,True,0.9963579652345987,False
8821,0.5011903412311529,0.0009640452047557622,0.0003912353235235866,0.06638019366827955,1.0389892645807004,0.07290530882947116,0.11535472894520424,0.000873804642542525,-0.9999999998598149,-0.9654085725754826,-0.031130237350399444,1.0302938104324342,GM,8821,0.009980945042177239,-0.009016899837421476,0.41011421755458666,-0.12581960474157158,True,0.9963579652345987,False
9116,0.5106406318560772,0.0018822781139543887,0.00156287486032336,0.06278909414177687,1.085147171484287,0.15048729830785443,0.2301693416544909,0.001697393754634062,-0.9999998303252446,-0.9068392825326229,-0.002309506383853926,1.0312977629745406,GEN,9116,0.01101157986683019,-0.009129301752875801,0.3444506368972951,-0.14085506016185556,True,0.9963579652345987,False
9247,0.5329295987887964,0.0012857373432080485,0.004083645211930609,0.05516666745203641,1.0654698623102188,0.1169972836172748,0.1647657112113468,0.0012629758529126636,-0.9999999713010351,-0.8860580359029834,-0.006412041746762879,0.9327185442382881,NKE,9247,0.010534198710670885,-0.009248461367462836,0.17373718603950053,-0.18091779999488997,True,0.9963579652345987,False
8952,0.5428954423592494,0.004533945731575155,0.005197525086244603,0.05488143648795693,1.2456692996462577,0.4147163119809523,0.6050312947563161,0.004479664897446375,-0.9999965824319845,-0.8138649464835407,0.07882779985819321,1.045747066369698,TYL,8952,0.013791593698378674,-0.00925764796680352,0.10592728199643456,-0.19423400828413434,True,0.9963579652345987,False
9203,0.532000434640878,0.004718005603559743,0.004301516784072201,0.06920088044908049,1.2047400572046973,0.3422528731870777,0.5211513271318243,0.00458887808675381,-0.9999297410641844,-0.7941455475331818,0.06054390997878898,1.0539014838659557,NTAP,9203,0.014122074225906457,-0.009404068622346714,0.4149014205670072,-0.12583102111673,True,0.9963579652345987,False
8962,0.5175184110689578,0.006359309332685996,0.00335846468980161,0.08059777456826069,1.2356752616328768,0.39608388272685874,0.650063377330132,0.006315555918862733,-0.9999687380189584,-0.8625214103684022,0.08194985422183958,1.1501531057501355,INCY,8962,0.015939613959614886,-0.009580304626928889,0.3909226302041189,-0.12136821622695987,True,0.9963579652345987,False
9282,0.5461107519931049,0.0021165212579549912,0.00353671859991489,0.04154325643855622,1.148082060939321,0.2557539610973405,0.3503660739446033,0.002092733749461149,-0.9999822539825194,-0.7505494632505388,0.031760749477384324,0.9526204672145953,ECL,9282,0.011743478045695399,-0.009626956787740407,0.07531309083861419,-0.24485743818549296,True,0.9963579652345987,False
9230,0.5225352112676056,0.0032213427524254608,0.003797046682031291,0.08170528118614448,1.1193937578768274,0.19791881309944132,0.2703476480121687,0.003166129593004663,-0.9999999999912451,-0.9538951791020525,-0.0052730385176673585,1.0207534205146769,EXPE,9230,0.012872630334695873,-0.009651287582270412,0.3084406039255874,-0.13044145399369805,True,0.9963579652345987,False
8328,0.5333813640730067,0.004041758661079972,0.00456738205227436,0.0735339589292879,1.1651363439185565,0.27591969407293654,0.3847180864980786,0.003978612937510499,-0.9999956547281726,-0.8591030337045501,0.03215871878090304,1.0166745765484748,APTV,8328,0.013820597944217024,-0.009778839283137053,0.4014581009616149,-0.1266927860251942,True,0.9963579652345987,False
6644,0.5374774232390126,0.004810646917321389,0.005536591166007687,0.061788381230262854,1.2334487771951703,0.3908381379171852,0.605545379654462,0.004810646917321384,-0.9999984401653844,-0.7967685134783585,0.07591017344257542,1.0614360381743932,KEYS,6644,0.014597066849055209,-0.00978641993173382,0.2901589724624704,-0.15494837687571947,True,0.9963579652345987,False
9262,0.5617577197149644,0.008668866143747794,0.008789296709428296,0.07173278071753623,1.3909917139063392,0.6066593575739041,0.95088082590111,0.008586627705266112,-0.9999999970304636,-0.7294832124626189,0.16615921719833984,1.0811398214563206,AVGO,9262,0.0184920162851373,-0.009823150141389505,0.4179316643278792,-0.12576285613720747,True,0.9963579652345987,False
9497,0.5246920080025271,0.002163670118325918,0.0021388135801587715,0.049053976816862147,1.1327511517313218,0.2214201273060429,0.31999156646402865,0.002163670118325918,-0.9997078501800907,-0.7930882127378592,0.02456499207632051,1.0261366042374447,IBM,9497,0.011989245196240755,-0.009825575077914837,0.21392349152516343,-0.18950817278736629,True,0.9963579652345987,False
9315,0.5396672034353194,0.0014757845123132471,0.004094665341484949,0.05180381928781035,1.080394994446967,0.14300836419462024,0.1914325129512559,0.0014371750137135257,-0.9999994531576215,-0.7721347271290622,0.002637207816036814,0.9196360018377904,ARE,9315,0.011400157340342651,-0.009924372828029404,0.08547571392310256,-0.21564727098911984,True,0.9963579652345987,False
4987,0.5516342490475236,0.030944804306504578,0.021411147895506577,0.21127699360077934,1.519366596852618,0.7352513025935937,1.2777130416116598,0.030944804306504578,-1.0,-0.9249358797529991,0.05661406862509504,1.2349341005316077,CVNA,4987,0.04094840630670534,-0.010003602000200763,0.7299415768666034,-0.0483225845762721,True,0.9963579652345987,False
2665,0.5234521575984991,0.01067258422343559,0.008961903098002821,0.13674904559110976,1.2141932919211227,0.3917829727133665,0.6838725473863956,0.010436064206369562,-0.9999999999923789,-0.9250359164226756,0.03191336492273056,1.1001722731098917,HOOD,2665,0.020679390606295735,-0.010006806382860145,0.5997263220095047,-0.07427485609295574,True,0.9963579652345987,False
9527,0.5220950981421224,0.0024456003765311505,0.003417692225778035,0.09086904834277394,1.0820258482996712,0.13510449024635413,0.1870392843879939,0.00235363960314185,-0.9999999999998606,-0.9708726614285096,-0.04533615203270162,0.9873975322541632,CCL,9527,0.0126793042015899,-0.010233703825058749,0.395274337665505,-0.11742486593473812,True,0.9963579652345987,False
9302,0.5287035046226618,0.003695740970009423,0.0038036878819474595,0.07209493422052783,1.148264666463317,0.25733392545220485,0.3835036541632152,0.003672976909028524,-0.9999999820604593,-0.9020067272358079,0.027488150878269033,1.022651329627761,ZBRA,9302,0.013936864943142793,-0.01024112397313337,0.29350872324376676,-0.14684718393069982,True,0.9963579652345987,False
6518,0.5457195458729671,0.005289763435569472,0.006102429978508184,0.07193620431402059,1.2273290608926892,0.3691382100487013,0.520639835730457,0.005171284864132382,-0.9998650337324365,-0.7160667106211082,0.06895456143649838,1.016505879502351,CFG,6518,0.015600730146939832,-0.01031096671137036,0.19800970341255977,-0.160454222032496,True,0.9963579652345987,False
9147,0.5384278998578769,0.0047987637445120815,0.004203292371488976,0.05183498658745534,1.2872097713775494,0.4647363565965576,0.7010868437330761,0.004759095608355496,-0.9999995976115297,-0.7352023597855429,0.09085087878917807,1.1008583872166982,LLY,9147,0.015214151939852687,-0.010415388195340606,0.13191935861722887,-0.2096485701454441,True,0.9963579652345987,False
9178,0.5595990411854435,0.010426523245349914,0.010555160732752977,0.09164573144795224,1.350906925772671,0.5711202307376554,0.893074463840619,0.010397089789768547,-0.9999994276228699,-0.7804577157594286,0.1686097657889766,1.0621032255198688,URI,9178,0.02088794397468517,-0.010461420729335254,0.34248995576700686,-0.12419837421309216,True,0.9963579652345987,False
9212,0.5557967867998264,0.006479647602283964,0.008672926209127185,0.07688199976553262,1.2476806333582333,0.4230843748647232,0.6368860565242499,0.0064412315949351345,-0.9999999999284088,-0.8104169265522454,0.09193291675263345,0.9957076304495588,MPWR,9212,0.01731877781530662,-0.010839130213022657,0.2736904656344752,-0.14905423666692663,True,0.9963579652345987,False
9003,0.5365989114739531,0.0054036060415760786,0.005494491485745878,0.07762734124432785,1.2198577388259835,0.34943728085921605,0.5167048639896219,0.005147649935673543,-0.9999999520990568,-0.8418541069947623,0.06194368028463714,1.0425983447759235,FLEX,9003,0.016258090343287346,-0.010854484301711268,0.27323763841107623,-0.14843829301059921,True,0.9963579652345987,False
9253,0.5484707662379769,0.0031539845544167745,0.005210851752672219,0.04665062784988069,1.1928323580551967,0.33939257702742603,0.5010808610249344,0.003095050747175431,-0.9999978324552701,-0.7973603164125662,0.05317357477564479,0.9784750948933566,TMO,9253,0.014089294137369977,-0.010935309582953202,0.08555895165746473,-0.24249516465629123,True,0.9963579652345987,False
9310,0.5174006444683137,0.0006787765399795836,0.002174128871399339,0.05212340705829263,1.0363057105734923,0.06537238027992741,0.08915460891715755,0.0005531023049349625,-0.999996300324819,-0.963306567303205,-0.01788446147745835,0.9601478900331111,DOC,9310,0.011744149168551378,-0.011065372628571794,0.0566049686915454,-0.23930599907324399,True,0.9963579652345987,False
6544,0.55440097799511,0.005946817341594557,0.007425944856873534,0.07059546234945573,1.2504471684994527,0.4228711752193939,0.6125459783006603,0.00566669134555595,-0.9998414913950505,-0.7939376691003479,0.08993983745685653,0.9933265544695211,ARES,6544,0.01707468840792227,-0.011127871066327712,0.19844198997015475,-0.16978945092852601,True,0.9963579652345987,False
6972,0.5385829030407344,0.002856457578515295,0.004454739827043586,0.05565238069623799,1.1503526466365244,0.2576583977399141,0.34458473912018756,0.002809094821906881,-0.9999989529438702,-0.7972029843151082,0.03241745115206316,0.9830843257141431,HLT,6972,0.014018271161438153,-0.011161813582922859,0.19546717331777191,-0.1929573685104621,True,0.9963579652345987,False
9260,0.5212742980561555,0.0038958028296403086,0.002455687814917007,0.06399797172208058,1.1850232446060487,0.30558429379353047,0.4480095976437263,0.0038195311589415554,-0.9999998521163845,-0.7937612777344872,0.04721162874346749,1.0843686909933534,GE,9260,0.015173332470354801,-0.011277529640714493,0.19069794931474118,-0.18279090955457725,True,0.9963579652345987,False
9222,0.5573628280199523,0.004126461731375104,0.006121467499302535,0.05142152365138512,1.237181274901477,0.40284052317121233,0.5842514676009654,0.004036494630077322,-0.9999996789882322,-0.7961782649957494,0.07273110472793651,0.9774694858706029,EXR,9222,0.015433055797014093,-0.011306594065638989,0.04423918555902532,-0.24974928478449487,True,0.9963579652345987,False
9365,0.5265349706353444,0.002743993682616403,0.004219742817477501,0.06829016880426024,1.1092292383851416,0.20170896052879173,0.3113934313993427,0.002715633532473432,-0.9999999931370974,-0.8928678544038797,0.009870479230575517,0.9963042581236651,ADSK,9365,0.014079189358992845,-0.011335195676376442,0.24584615798604428,-0.1671139942004805,True,0.9963579652345987,False
9092,0.5141882974043115,0.001932786103455409,0.0018395214065778376,0.05866668136001911,1.093352301216637,0.16538363873130815,0.2514664978149283,0.001899922270320653,-0.9999996828939476,-0.9151150857318043,0.005284150694290693,1.031376181468528,TECH,9092,0.013336819609781439,-0.011404033506326029,0.14859680269994616,-0.2018957915688163,True,0.9963579652345987,False
9300,0.5286021505376344,0.001998698960335094,0.0031172794806557658,0.05668463243928309,1.1014486556396816,0.17700369075997188,0.24976972249879795,0.0019355817654976848,-0.9999995902123923,-0.913134587869391,0.0093864467631184,0.9791152614209538,WFC,9300,0.013442353202268133,-0.011443654241933039,0.13227657624809103,-0.21008697066391765,True,0.9963579652345987,False
9312,0.5599226804123711,0.004950098291893977,0.006312840915340123,0.05132925863146894,1.2986562940434883,0.4841156266811766,0.705812854296239,0.004881054525021803,-0.9999725682218683,-0.674363629907189,0.09554745356877693,1.0164588293040804,APH,9312,0.016686295267368294,-0.011736196975474317,0.1185253566912302,-0.22812699725473548,True,0.9963579652345987,False
9207,0.5298142717497556,0.003418856847174546,0.003620174524372244,0.061626842875968486,1.1722422521404654,0.27849106593666073,0.41035769367132535,0.0033682917008516153,-0.9999503915103235,-0.7665791463293679,0.03920658033190606,1.0376674958471768,DVA,9207,0.015213225701684248,-0.011794368854509702,0.17878469879808512,-0.19337585614860386,True,0.9963579652345987,False
9086,0.5387409200968523,0.006782059896156103,0.006368625419062912,0.07982476933921004,1.264722228213313,0.42650509056114055,0.6471147832199047,0.006708493397575347,-0.9999999986319552,-0.8316902788387791,0.09495314561354501,1.0797291505012125,FTNT,9086,0.018593469020958764,-0.01181140912480266,0.31519254136320446,-0.14664686042237918,True,0.9963579652345987,False
9163,0.536178107606679,0.0027549085180152747,0.004061098174890088,0.052914917878400775,1.147909460258741,0.2613541049892607,0.3921852713473385,0.0027549085180152734,-0.9999161628797301,-0.7942937358061453,0.034539287117800486,0.9930012631996028,WAT,9163,0.014582984065405211,-0.011828075547389936,0.09362779871863385,-0.23356272817592097,True,0.9963579652345987,False
2795,0.5509838998211091,0.017517111673260696,0.019130557250833347,0.16338299916925667,1.329985918676976,0.5382151334669004,0.9074125777100284,0.017432379954611374,-0.9999999999999996,-0.9025477017672513,0.0881252712210925,1.082124906559903,APP,2795,0.029366840229220224,-0.011849728555959529,0.6703002333920134,-0.06598552778146283,True,0.9963579652345987,False
9520,0.5283613445378151,0.0026369634408038335,0.003982791775787531,0.07221105714132948,1.1126247762971608,0.1833161282794401,0.2594972327459968,0.0026004040063843242,-0.9999998717618993,-0.9232626914018773,-0.0009144322370785033,0.9916295968469526,BA,9520,0.014493999359409163,-0.011857035918605329,0.17187778708979418,-0.17905055305273734,True,0.9963579652345987,False
9349,0.5350304845438014,0.0036019002862314547,0.00417477119140397,0.05731472341480473,1.1797168021311568,0.3154755856265458,0.47734269483464004,0.003546420452885061,-0.9999964915246462,-0.7834756439815336,0.05033166995217913,1.0224055052456147,IRM,9349,0.015523642837982559,-0.011921742551751104,0.12335765760881265,-0.21586634157342202,True,0.9963579652345987,False
8947,0.5302335978540292,0.0022236132404114374,0.0033457975808925955,0.05093542705499494,1.1269687049020165,0.21914903872883684,0.3033265682500392,0.002223613240411433,-0.999999427272639,-0.8502213261467371,0.022732219766683777,0.9984505621212426,NVR,8947,0.014170856444773004,-0.011947243204361566,0.10449598934427973,-0.23577142240504148,True,0.9963579652345987,False
9004,0.5370946246112839,0.011547379952226856,0.006282772448427565,0.09020834756061259,1.433387464315068,0.642594492315977,1.022357677921867,0.01148972180273784,-0.9999364741824003,-0.7368404901110253,0.20765596542999976,1.2327250752866763,TPL,9004,0.02357610106628491,-0.012028721114058054,0.21388849392782053,-0.1517652030036746,True,0.9963579652345987,False
7052,0.5049631310266591,0.002223222608525209,0.0008788491750191807,0.056379300549350995,1.1138048943503107,0.1979536604940662,0.3043100896689431,0.002082315319116037,-0.9996308720662896,-0.8026998781512696,0.0161842146419564,1.0840909193536021,NWSA,7052,0.014320967074161826,-0.012097744465636617,0.1599687817538309,-0.20821209916221065,True,0.9963579652345987,False
9149,0.5645425729587933,0.005235726248969164,0.006790276341515855,0.05735825703181211,1.295566901567959,0.45822761245602345,0.5977103889012062,0.005222377203586492,-0.9999999570169954,-0.7425412053818092,0.09299187899644107,0.9985773156131742,TDG,9149,0.017530104442408642,-0.012294378193439478,0.0977456105863843,-0.22692313211918386,True,0.9963579652345987,False
7214,0.5209315220404769,0.003137310783064322,0.0025330086572989963,0.061102784457321514,1.1528381837563653,0.2577488943900053,0.3837710027382066,0.0031135251410451883,-0.9998933936762029,-0.8044923265610421,0.03229844411280108,1.0589668468139894,IQV,7214,0.015498030611114448,-0.012360719828050126,0.14494497193240755,-0.2061384844969708,True,0.9963579652345987,False
9375,0.5252266666666666,0.007245436160555391,0.005823104045699301,0.10041079592546945,1.2070221346515566,0.3622299826110784,0.5835618818075713,0.007119173740147693,-0.9999999999999999,-0.9454551673749335,0.05617545622932378,1.0871533645775087,MU,9375,0.019686789531732373,-0.012441353371176982,0.3860586879720587,-0.1245902467830887,True,0.9963579652345987,False
9503,0.5486688414184995,0.006456894669620303,0.008308183570125971,0.078489164723838,1.2438467877484805,0.4129659693502795,0.6239974127673947,0.006320371393645226,-0.9999994921987336,-0.8096854419005287,0.08802768536001625,1.017931385370688,TER,9503,0.01918445787286417,-0.012727563203243865,0.21065266232779076,-0.1711400459052314,True,0.9963579652345987,False
9195,0.5473626971179989,0.01066108514637027,0.008657874893408746,0.09008737682653432,1.3785027056685908,0.5940701635892442,0.9961930981913025,0.01055238675713114,-0.9999920005167738,-0.7924332900468184,0.1823556287341567,1.1355597491957037,STX,9195,0.023399913795997228,-0.012738828649626957,0.30140999464824836,-0.14535873766212293,True,0.9963579652345987,False
5292,0.5056689342403629,-0.0010137261573924502,0.0008788422141147167,0.049025250961812886,0.9417782084505255,-0.10380089489837348,-0.130543271224727,-0.00113435980120917,-0.9999993125816233,-0.9739231074234747,-0.05576112990929015,0.9143272741234924,INVH,5292,0.011814903962551112,-0.012828630119943563,0.03762131133732995,-0.2804363217085267,True,0.9963579652345987,False
7115,0.5017568517217147,0.0021094791563897766,0.0006599659663911739,0.05823399058402358,1.1057684941983896,0.18184399206627813,0.27537304058666506,0.001672532712170119,-0.9999820900857942,-0.8347990716337411,0.010502972942942515,1.0744848477238693,NWS,7115,0.01496229792582589,-0.012852818769436112,0.13907314453790065,-0.21691452239542555,True,0.9963579652345987,False
9566,0.5378423583524984,0.0022341536347836315,0.004270561797876105,0.05278277484552326,1.114916853777737,0.2124814822445219,0.3295065057530907,0.0021458033539050424,-0.9999986649270808,-0.8687642975386519,0.021181694826071042,0.9536927256512772,A,9566,0.01516194872015426,-0.01292779508537063,0.1256952019766636,-0.2332359114678757,True,0.9963579652345987,False
9076,0.5348171000440722,0.005004744642641403,0.004089069753256069,0.06001920123542679,1.2533298983616012,0.41859302016539274,0.6517010685015854,0.004990696878600747,-0.999974248630049,-0.7513434600020229,0.08409150579026835,1.0893693533554998,IDXX,9076,0.018706263416189774,-0.01370151877354837,0.10836943595835402,-0.23125133494162983,True,0.9963579652345987,False
9203,0.5526458763446702,0.004848065395606837,0.006514600191618425,0.06637560472263351,1.222244808047964,0.3666572265045648,0.5229164853717028,0.004762958047428444,-0.9999478538894333,-0.7661891946997459,0.0680972323520678,0.9855340066466182,CBRE,9203,0.018611487332493792,-0.013763421936886955,0.10220020314637397,-0.22141839023608753,True,0.9963579652345987,False
9117,0.5409674234945706,0.0015685591464871058,0.004089165346013557,0.04897161665335926,1.0977317308378225,0.16078914605693093,0.18675511709218143,0.0015570457745278342,-0.9999999779815689,-0.8415802925284338,0.006648503797974833,0.9308017231070101,FISV,9117,0.01571722593332655,-0.014148666786839443,0.028187693564641837,-0.30506400916504156,True,0.9963579652345987,False
9205,0.5497012493210212,0.005259710078401118,0.006057749426667147,0.07646105559630963,1.2415434479006557,0.3453200434734006,0.4239165062648331,0.005207048844505676,-0.9999979117723953,-0.7518152552667476,0.053512209400063855,1.0145814539662472,OKE,9205,0.019514448157198928,-0.01425473807879781,0.12465489612343379,-0.20267201663436274,True,0.9963579652345987,False
9295,0.515115653577192,0.00063054182682474,0.001557664199613229,0.054084578589542416,1.032248454032914,0.05852490547063664,0.08164321485039251,0.0005433895119326855,-0.9999999906775778,-0.9547842822881659,-0.021319884063902856,0.9673556418641782,CTSH,9295,0.014953047883101048,-0.014322506056276307,0.04038362842748242,-0.28153978311422684,True,0.9963579652345987,False
5930,0.527150084317032,0.006498647177683067,0.00851650849384089,0.1125953619955735,1.1617260394559468,0.28973617867117807,0.42722884664629535,0.006340389511343816,-0.999999999962619,-0.9417675133495795,-0.0018693765440841495,1.0379721139476836,XYZ,5930,0.020827067189272436,-0.01432842001158937,0.35992871006749827,-0.12921130647966098,True,0.9963579652345987,False
9159,0.5235287695163228,0.003288972798668758,0.0046485683464954075,0.09658562919161687,1.0978190962933543,0.17094170791463212,0.2562909202509442,0.003227222544242389,-0.9999999999999961,-0.9677823993842193,-0.03634549104541423,0.9973096941509597,UAL,9159,0.018720998735275475,-0.015432025936606718,0.20667818462022447,-0.1704009127381632,True,0.9963579652345987,False
7762,0.5328523576397836,0.004173863114462546,0.0052191668136569724,0.0766427052258855,1.152842964454181,0.27338057135147165,0.42292835947853674,0.00417386311446255,-0.9999999999995389,-0.8959330854125975,0.03098596441688571,1.0106887304426646,NOW,7762,0.019613212502519174,-0.015439349388056627,0.1512359246701464,-0.20408908268354736,True,0.9963579652345987,False
8960,0.51796875,0.0031537438620476738,0.002205757532467878,0.06154539366209519,1.1569767490268905,0.25723563694686996,0.36657265222338814,0.003027358976785712,-0.9999999989425506,-0.819071240994284,0.03140042807147208,1.0699728952431404,TMUS,8960,0.018649472457488686,-0.015495728595441013,0.061374350533149415,-0.2623905555665069,True,0.9963579652345987,False
9467,0.5561423893524876,0.0036408508423249083,0.006147306803564456,0.055331723512697925,1.1996797892468467,0.33031550462878123,0.44563829418434037,0.003571157781873835,-0.9996414738106703,-0.7486014546639772,0.05367308365387098,0.9538194867592215,EFX,9467,0.020325932173799903,-0.016685081331474994,0.020911940720669594,-0.319934684972371,True,0.9963579652345987,False
6951,0.5271184002301827,0.0031440837293850257,0.00423221869952739,0.07651164128899401,1.1155425238901135,0.2062846227425806,0.3223310178571917,0.0030860104368654433,-0.9999999903057051,-0.9199218001924659,0.005323018916147719,0.9986297702946431,VEEV,6951,0.020021547407397478,-0.01687746367801245,0.124885765694056,-0.22106555913532694,True,0.9963579652345987,False
9300,0.5244086021505376,0.010035115142395357,0.006379973055545385,0.113319763532577,1.2642151238291817,0.4445462701073501,0.751868996234566,0.009503975324391387,-0.9999999999999986,-0.8939298873488859,0.09685211720090638,1.1307169100149457,AMD,9300,0.02696994191079304,-0.016934826768397682,0.315443888006609,-0.1473119955104909,True,0.9963579652345987,False
8789,0.5412447377403573,0.006953037695194466,0.006482049912327259,0.07924420985623465,1.277539432687557,0.4404608523278355,0.640400161555724,0.006790440784189354,-0.9999698135458795,-0.8134749109241303,0.09978563786566443,1.0758509496208437,TKO,8789,0.02581350725896619,-0.018860469563771725,0.14649250333525884,-0.2234522877690301,True,0.9963579652345987,False
7781,0.4827143040740265,0.002494248027211717,0.0,0.0717220086992864,1.1018332754494558,0.1745771758328027,0.24721141392684348,-0.0019996983099506184,-0.9999999991315367,-0.9133861344914185,-0.0029504658405158702,0.9976930164546322,SW,7781,0.0214780274998352,-0.018983779472623485,0.07472509247681274,-0.26281169933781423,True,0.9963579652345987,False
7166,0.5344683226346637,0.003088118226112707,0.0036953051851282837,0.057989158251645516,1.1548340845065956,0.2673298066291387,0.3994459515763726,0.003076153803411575,-0.9999992474910173,-0.8111918630767678,0.03589196165598601,1.0052785477140966,CDW,7166,0.022396448007279083,-0.019308329781166377,0.049429592105564385,-0.30656704485521086,True,0.9963579652345987,False
8562,0.5474188273767812,0.004169740590049844,0.00506712609907134,0.047367034952366306,1.2706997951907522,0.4419092657439432,0.6317717816703675,0.004081788779955254,-0.9998752447925116,-0.7442003729772128,0.0793784866838853,1.0445927695476782,CBOE,8562,0.02352354063916259,-0.019353800049112746,0.010778178955613088,-0.3911065831372271,True,0.9963579652345987,False
1111,0.6003600360036003,0.027020827124132445,0.02156313173941149,0.0924934134076124,2.088549775185635,1.4665203784200722,2.70452744308791,0.027020827124132434,-0.9909987083189575,-0.5674406645056447,0.765962146471743,1.3902790107682488,GEV,1111,0.04676296147841511,-0.019742134354282667,0.07964920919360086,-0.23458528289921396,True,0.9963579652345987,False
3871,0.5099457504520796,0.0032635682406104496,0.0017812339723596304,0.09865646772078428,1.0943402496691481,0.16606090734037068,0.25097671370329067,0.0030063668025108597,-0.9999996313538984,-0.9285462761501476,-0.042710783349657284,1.0438919402872369,UBER,3871,0.024707969568832176,-0.021444401328221726,0.14441760151109306,-0.21523309316143072,True,0.9963579652345987,False
8941,0.5282406889609663,0.008646704931179888,0.005268227516242452,0.10128539664718425,1.261260480259228,0.4285525426150012,0.6793769227769387,0.008353819024404456,-0.9999999999999856,-0.8639720894319454,0.09273320527242747,1.1165212932381605,AXON,8941,0.03037638053987788,-0.02172967560869799,0.13982817523539465,-0.2147798248999827,True,0.9963579652345987,False
9358,0.5182731352853174,0.0024057510914786075,0.003135390888179046,0.07614568181763627,1.0918901359238429,0.15860091267037693,0.2299169307864741,0.0022949393466908073,-0.9999999999923344,-0.9364957258216766,-0.014095078353304105,1.0106174886932229,NRG,9358,0.02435261590956544,-0.021946864818086834,0.07799978479409408,-0.27172190191763057,True,0.9963579652345987,False
9064,0.5333186231244483,0.005962619713173219,0.005454736611543165,0.08970773418999996,1.2028996327418924,0.3336625729641189,0.4885349223321791,0.005892982176579398,-0.9999999898943213,-0.8844881113590728,0.04878721346892141,1.0501109743836958,ALGN,9064,0.028647821008145082,-0.02268520129497186,0.08635359344031802,-0.25180049321200026,True,0.9963579652345987,False
9205,0.4979902227050516,0.002343257278119333,-0.0005234634561295248,0.1070627129751268,1.0606616763987695,0.10987072765153783,0.18048796898100158,0.0023014155348100238,-1.0,-0.988442959503348,-0.08118465049018553,1.068065946391082,FSLR,9205,0.025119445557144002,-0.022776188279024667,0.15045775817263812,-0.21097425817570337,True,0.9963579652345987,False
5304,0.5316742081447964,0.006530365490892547,0.006939488023745,0.13491057352589192,1.143326542109814,0.24299188516186015,0.36618434872189304,0.006512015572137916,-1.0,-0.9543040770173065,-0.06846347895729697,1.0066949659782511,TTD,5304,0.02998875787164913,-0.02345839238075658,0.19576479698777496,-0.1798310271399314,True,0.9963579652345987,False
5283,0.5477948135529055,0.008574330018097149,0.008109856079331346,0.0824786144967385,1.3521009120621377,0.5218661266966427,0.7216277501390058,0.008461684509574269,-0.9999905932784149,-0.7549023397900277,0.13689524911703232,1.111021412883125,HWM,5283,0.032203144558562886,-0.02362881454046574,0.04814610745786043,-0.28868198017513796,True,0.9963579652345987,False
9008,0.5401865008880995,0.009131499981998314,0.008400971886040387,0.10298413884795996,1.2867951021020079,0.44511481686595444,0.6667942287021956,0.009116118433931501,-0.9999999999999853,-0.8533766642243553,0.09989451903016597,1.0948071768808696,NFLX,9008,0.03394053061591062,-0.024809030633912304,0.06861430345927513,-0.25291335762028194,True,0.9963579652345987,False
8962,0.5297924570408391,0.008660329546353715,0.006085177316494272,0.11079827525167557,1.2501870277005742,0.3923753252433356,0.6638337111093562,0.008478664640744434,-0.9999999867613366,-0.8818068549086596,0.071466532728604,1.1037877043219897,BLDR,8962,0.03460115528022441,-0.025940825733870694,0.060795922423103665,-0.2522030924621545,True,0.9963579652345987,False
7610,0.5328515111695138,0.005486047692971,0.004895399199630779,0.09855541980576482,1.1777210527796484,0.27943405755346434,0.3827213229676902,0.005381496066034115,-0.9999999999991315,-0.8749204528644389,0.0066596896907674345,1.029017432798593,FANG,7610,0.03145700842771804,-0.025970960734747042,0.10767498433946728,-0.249366722664273,True,0.9963579652345987,False
3883,0.5529229976822044,0.012066465424370261,0.011715388742020938,0.11377132415738195,1.3277206143993887,0.5324116260523152,0.7957042570547511,0.012066465424370253,-0.9999985923002268,-0.807009132208051,0.14309544602918267,1.0735551870504605,CRWD,3883,0.03979843199972977,-0.027731966575359514,0.017454451381987545,-0.28338701492990936,True,0.9963579652345987,False
2982,0.4815560026827633,0.003947187847009283,-0.007142708161658962,0.176178093484508,1.0604661769163386,0.11246986126924449,0.18869967538982266,0.003947187847009287,-1.0,-0.9900435601836888,-0.2640193248580794,1.1416996584349999,COIN,2982,0.03180341740830604,-0.02785622956129676,0.26882900433147094,-0.1587800575897388,True,0.9963579652345987,False
6077,0.5387526740167846,0.010548626819056208,0.008534865048528406,0.11003008415367489,1.2904869915142203,0.4812655263629476,0.8233130987771607,0.010470728511213959,-0.9999999990455527,-0.8774979723619947,0.12227361485944417,1.102471629586217,LITE,6077,0.04127075985890991,-0.030722133039853702,0.051901249649911135,-0.2810165505900991,True,0.9963579652345987,False
9237,0.5205153188264589,0.01357337902647565,0.005707784910240932,0.11930097317047325,1.362247743539315,0.5711422139140861,1.0318013090390301,0.013497082893282192,-0.9999999999892432,-0.8459525390101422,0.18105622650821276,1.2523159372803188,TSLA,9237,0.04684502818937583,-0.03327164916290018,0.06067601729132082,-0.27547119530582553,True,0.9963579652345987,False
