holding_period,signal,direction,n_trades,n_tickers,n_entry_dates,win_rate,avg_return,median_return,std_return,skewness,kurtosis,profit_factor,expectancy,sharpe,sortino,max_drawdown,calmar,reward_risk_ratio,avg_mfe,avg_mae,median_mfe,median_mae,mean_return,ci_lower,ci_upper,ci_method,hac_ci_lower,hac_ci_upper,hac_se,effect_size_cohens_d,cohens_d_ci_lower,cohens_d_ci_upper,p_value_vs_zero,p_adj_vs_zero,reject_vs_zero,matched_null_mean,excess_return_vs_matched_random,p_value_vs_matched_random,p_adj_vs_matched_random,reject_vs_matched_random,p_value_vs_baseline_welch,p_adj_vs_baseline_welch,beats_matched_random,significance_label,low_sample_warning,statistically_significant
1,smc_swing_ob_bearish_mitigated,1,3858,492,1744,0.5181441161223432,0.0018331755140295,0.0007991972702439,0.0323799985047451,0.4617024638667284,9.94151344939837,1.190407441684444,0.0018331755140295,0.8987263885656669,1.2475206151852698,-0.7314889836782956,0.5352869136821389,1.0945317047603844,0.0180468953959343,-0.0171513980273536,0.012188634947906,-0.0115052037655357,0.0018331755140295,0.0008422092374018,0.0028627016674982,percentile_bootstrap_full,-0.0008037314190642,0.0044700824471233,0.0013453853913101,0.0566144409722847,0.0260637829662387,0.0877864905048211,0.173019535947858,0.1933424655671302,False,0.0007069233609797,0.0011262521530498,0.0003736050536444,0.0054401039793473,True,0.0217785200283586,0.589695311537097,True,significant_but_negligible_effect,False,True
1,ict_mss_bearish,-1,36634,496,3549,0.4744499645138396,-5.5090355122206336e-05,-0.0007817490988991,0.0207726072458706,0.5811172893747848,11.594936059480018,0.9923274239792228,-5.5090355122208376e-05,-0.0421002652867947,-0.0629486520108704,-0.9999873013905516,-0.0657176381772797,1.0849317092156474,0.0133646874011289,-0.012827366897148,0.0092503251539348,-0.0104225111844615,-1.986312747780836e-05,-0.000312361432085,0.000273336919215,percentile_bootstrap_subsample_20000,-0.0008975675451016,0.000857841290146,0.0004478166015415,-0.0009479161591889,-0.0150210894120875,0.012946457974144,0.9020913369410848,0.9098457037342748,False,-0.0007309143570512,0.000675824001929,6.103667265496948e-11,1.6526852903499424e-09,True,0.9999999999995676,1.0,True,significant_but_negligible_effect,False,True
1,ict_ob_bearish_formed,-1,22494,496,3176,0.4755934915977594,-0.000225061188298,-0.0008168623472776,0.0240522809412583,0.3314822154269462,10.70390708514252,0.9729368997982122,-0.000225061188298,-0.1485404071564491,-0.2121600288135207,-0.9999956133310112,-0.1214942021232193,1.0590624601000356,0.0151273545789228,-0.0147206398866025,0.0103124350473758,-0.011767401837069,-0.0002010851675367,-0.0005365632103173,0.0001307816463937,percentile_bootstrap_subsample_20000,-0.0015040016624106,0.0011018313273372,0.0006647655236902,-0.0083415669120574,-0.02227801830347,0.0053925050797592,0.7349432912611544,0.7520349957090883,False,-0.000722843361712,0.000497782173414,0.0001207143502787,0.0018474544042656,True,0.9999999992478904,1.0,True,significant_but_negligible_effect,False,True
1,smc_swing_choch_bullish,1,2710,492,1490,0.5066420664206642,0.0010300576168272,0.0002537779946165,0.0205226325587734,2.0769673906340205,34.741375939561415,1.1731252196958224,0.0010300576168272,0.7967621938524789,1.2501974110516751,-0.4515851213063991,0.5110056781623225,1.1218597330375926,0.0129807114487042,-0.0116028172327422,0.0089422294417805,-0.0093563910914658,0.0010300576168272,0.0002379999748994,0.0017955532178811,percentile_bootstrap_full,5.222697947040045e-06,0.0020548925357074,0.0005228845626145,0.0501913004521879,0.0119921942759692,0.084513522960116,0.0488438441594809,0.0607527672937713,False,0.0007153110557899,0.0003147465610373,0.2114248577025417,1.0,False,0.2618727682771988,1.0,False,not_significant,False,False
1,smc_internal_choch_bearish,-1,26383,496,3358,0.4706060720918773,-0.0004387094472214,-0.0008961735478665,0.0217160690807646,0.2056853093892599,12.519677861574024,0.9428640365303312,-0.0004387094472214,-0.3206978456862959,-0.4521312165696157,-0.9999999898565428,-0.1564013605943455,1.0465213665773594,0.0135990698013718,-0.0135173423659753,0.0094442060401703,-0.010917769912268,-0.0005368582544366,-0.0008335069254298,-0.0002356236503365,percentile_bootstrap_subsample_20000,-0.0014367621601209,0.0003630456512475,0.0004591430789975,-0.0249436057376109,-0.0387808048664684,-0.0109883436651346,0.3393268481503669,0.3586878394862737,False,-0.0007287161487351,0.0002900067015136,0.00958371906742,0.0843367277932962,False,1.0,1.0,False,not_significant,False,False
1,smc_internal_ob_bearish_mitigated,1,42394,496,4048,0.517313770816625,0.0009540529031178,0.0007138845530881,0.0221422757154539,0.2455163928194059,12.830139023392364,1.1371950151638386,0.0009540529031178,0.683991135785751,0.9460317875975448,-0.792156201819564,0.2469079520829973,1.0444294375737555,0.0135669939778899,-0.0126018922286952,0.0100342301257727,-0.0092770574359155,0.0010194204774925,0.0007081237237277,0.0013204238086407,percentile_bootstrap_subsample_20000,0.0004051794085779,0.0016336615464072,0.000313394056684,0.0466259279279847,0.032449824645423,0.0605164937488826,0.0023325367496263,0.0037151716555135,True,0.0007278020794452,0.0002262508236725,0.010558836899306,0.088571258178609,False,0.0628339227475699,1.0,False,not_significant,False,False
1,ict_bpr_bearish,-1,26235,496,3246,0.4703640175338288,-0.0005268051726178,-0.0009014031514635,0.0209507016807973,0.3700888831908886,13.879186084777736,0.9294129259199476,-0.0005268051726178,-0.3991643327364119,-0.5742528495963879,-0.99999999823946,-0.1714352753732976,1.0346309046484865,0.0127900030543968,-0.0129194610261413,0.0090811401404442,-0.0101669881814761,-0.0005267592524663,-0.0008131916372796,-0.0002302157057605,percentile_bootstrap_subsample_20000,-0.0014708453459298,0.0004173268409971,0.000481685425581,-0.0252716038795316,-0.0392329041261741,-0.0109969681189775,0.2740994874082662,0.2968708294391067,False,-0.0007364858070989,0.0002096806344811,0.0471407311640235,0.3191064878795437,False,1.0,1.0,False,not_significant,False,False
1,smc_equal_lows,1,9360,495,2629,0.524465811965812,0.0009110346869513,0.0008005710244427,0.0191428409048634,1.9169259267252268,52.39430894426232,1.1583002749310525,0.0009110346869513,0.7554901269062411,1.0616197089180477,-0.7779265042378114,0.2599118189253815,1.035132064803937,0.0113814080215172,-0.0102539047944293,0.0084755575947439,-0.0076941074825392,0.0009110346869513,0.0005243078947692,0.0013009867350362,percentile_bootstrap_full,0.0002706165555494,0.0015514528183532,0.0003267499461224,0.0475914046132985,0.0279363958927616,0.0674586252752903,0.0053006575182304,0.0079228442775872,True,0.0007207802403567,0.0001902544465946,0.1823889954980062,0.9441312708132088,False,0.2541826498042659,1.0,False,not_significant,False,False
1,smc_internal_ob_bearish_formed,-1,42989,496,3658,0.4679103956826165,-0.0006088936245182,-0.001013083858522,0.0230993545187348,0.0919206437093387,12.09784404421967,0.92528874301759,-0.0006088936245182,-0.4184483434101093,-0.580158173931496,-1.0,-0.1982651087573435,1.0381265897301002,0.0141019756489682,-0.0141910629061088,0.0097290815688412,-0.0112642412687873,-0.0007582348216908,-0.0010811446162649,-0.000441933077042,percentile_bootstrap_subsample_20000,-0.0018183476215279,0.0003018779781463,0.0005408838120685,-0.0327637475173505,-0.04684519734776,-0.0190180228047624,0.2602763060248779,0.2827693201257933,False,-0.0007271455558736,0.0001182519313554,0.1125225815958853,0.6493106347828135,False,1.0,1.0,False,not_significant,False,False
1,smc_swing_ob_bullish_formed,1,7291,494,2628,0.5122754080373063,0.0008396143997268,0.0004251252350448,0.0180785043558615,1.2189684052097889,24.962205314379386,1.1537150600110544,0.0008396143997268,0.7372548708031964,1.0825191868615078,-0.4612260938927885,0.4038802217131297,1.0811252235712692,0.0117450529628203,-0.0107578687827898,0.0082128070035576,-0.008424523649566,0.0008396143997268,0.0004366524364695,0.0012553681968069,percentile_bootstrap_full,0.00029160007977,0.0013876287196835,0.0002796042784238,0.0464426914527693,0.0243544530682812,0.0691136213085742,0.0026744947691841,0.0042027774944321,True,0.0007326967182493,0.0001069176814774,0.3237540131189387,1.0,False,0.3863223780799836,1.0,False,not_significant,False,False
1,ict_bpr_bullish,1,26887,496,3297,0.5174619704689999,0.0008380224066125,0.0007194879707055,0.0202950353491743,0.4062011706061816,11.165352990938056,1.1305656871423353,0.0008380224066125,0.6554900278368512,0.9345700114276598,-0.7735022325563242,0.2234367973061471,1.040286201882856,0.0125340315480593,-0.0113424956232209,0.0091921199159361,-0.0085510300228287,0.0008962858900058,0.00061588009443,0.0011666796149365,percentile_bootstrap_subsample_20000,5.643539980416479e-05,0.0017361363802075,0.0004285030185256,0.0443116799143214,0.0303819252150184,0.0575125644290825,0.0505007651628883,0.0625924976666785,False,0.000743796211575,9.422619503752888e-05,0.2245151388604833,1.0,False,0.3209777461661084,1.0,False,not_significant,False,False
1,ict_nwog_gap_up,1,147587,496,854,0.5159126481329657,0.0008279024520618,0.0005710856138481,0.0191878833930707,0.5542304002788834,16.78934661169314,1.1364324357342626,0.0008279024520618,0.6849397465383809,0.9755437826539052,-0.782202022356142,0.225428364514131,1.0515082078530935,0.0121180858336787,-0.010893307061606,0.0088057864431667,-0.0081234718498602,0.0009187601445424,0.0006485536124368,0.0011771864751668,percentile_bootstrap_subsample_20000,-1.1185409397214516e-05,0.001848705698482,0.0004744707320846,0.0479425251884067,0.0340422099933488,0.0610870516324355,0.0810028381820355,0.096982989932233,False,0.0007392984244819,8.860402757993025e-05,0.0410137587735104,0.2887368617655134,False,0.2188113350337812,1.0,False,not_significant,False,False
1,smc_fvg_bearish_formed,-1,67886,496,3783,0.4660018265916389,-0.0006364015623986,-0.0013017017829878,0.0289582677658629,0.6270498451239168,16.987870288512596,0.933358365240656,-0.0006364015623986,-0.3488662267425852,-0.4922750859589378,-1.0,-0.2334146707994042,1.0593993621209494,0.0156146424343762,-0.0156932847698307,0.0103866684910016,-0.0120996845442228,-0.0008036014024018,-0.0012012185546702,-0.0004121469991328,percentile_bootstrap_subsample_20000,-0.002422347007358,0.0008151442025543,0.0008259057844716,-0.0281169769924164,-0.0421406736093425,-0.0143745993980037,0.4409738079303991,0.4647388634476062,False,-0.0007157184050715,7.931684267291914e-05,0.1482209254940741,0.8152150902174079,False,1.0,1.0,False,not_significant,False,False
1,ict_fvg_bearish_formed,-1,90931,496,3876,0.4649129559776094,-0.0006650455300115,-0.0011019462471393,0.0233107565839563,0.4967319643182963,17.74791170077155,0.9164726271539532,-0.0006650455300115,-0.4528926575013136,-0.6366401700248141,-1.0,-0.2102609193518711,1.0427735029859797,0.0131569324682491,-0.0135332021161868,0.0090193559018956,-0.0105403601184368,-0.0003966876528473,-0.0007186775699891,-8.66074489202182e-05,percentile_bootstrap_subsample_20000,-0.0013755381342981,0.0005821628286034,0.0004994226840139,-0.017034559659219,-0.0310521150117412,-0.0037069679440786,0.182982261732077,0.2031853505668489,False,-0.0007319548832308,6.690935321934763e-05,0.1568374527888155,0.8493351289486624,False,1.0,1.0,False,not_significant,False,False
1,ict_liquidity_buyside_pool_formed,1,59107,496,3930,0.5245909959903227,0.0007483286913956,0.0008695240110068,0.0189649642373747,-0.0337645844467126,14.827673025243923,1.1235237506767912,0.0007483286913956,0.626383975709946,0.8408804818516594,-0.8068249022514223,0.1906583107282816,1.003515021607822,0.0114652166153661,-0.0110208023084357,0.0090024009494638,-0.0081234215623805,0.0006509368937222,0.000386634209841,0.0009172751856319,percentile_bootstrap_subsample_20000,8.02464726921574e-05,0.0012216273147524,0.0002911739302508,0.0342172108755589,0.0203260175298944,0.0481182605671752,0.0101686728935994,0.0144329550747862,True,0.000705411628647,4.2917062748633935e-05,0.2959963671455369,1.0,False,0.6279578433558757,1.0,False,not_significant,False,False
1,smc_swing_bos_bullish,1,4581,492,2157,0.5156079458633486,0.0007269531645506,0.0005477970844511,0.0164640588115825,0.179202650642749,7.780164948329855,1.140510008036603,0.0007269531645506,0.7009221639220424,0.978114853069032,-0.4439961857682213,0.3619987266129918,1.0560099015986668,0.0110140696629414,-0.0102580193395741,0.0077487291873874,-0.007961198855504,0.0007269531645506,0.0002523982880498,0.001205911019249,percentile_bootstrap_full,0.0001706522290837,0.0012832541000174,0.0002838322211361,0.0441539460512136,0.0153654814505056,0.0732909893994819,0.0104309086964405,0.0146282066181158,True,0.0007429816222583,-1.6028457707715116e-05,0.5219508377970068,1.0,False,0.5807228038597343,1.0,False,not_significant,False,False
1,smc_fvg_bullish_formed,1,68252,496,3890,0.5070767157006388,0.0007066786177227,0.0003332056254768,0.0224998636922379,0.8017220035713021,30.03066840380818,1.0993554123199885,0.0007066786177227,0.4985885883352474,0.7132332435236582,-0.8421968447964276,0.1442356852030485,1.0555196912936202,0.0137830991010543,-0.0126829730986761,0.0098421417721547,-0.0095339898284012,0.0009095572313514,0.0006001293840823,0.001215309411132,percentile_bootstrap_subsample_20000,-1.1712781885222783e-05,0.0018308272445881,0.0004700443545068,0.0408252014144227,0.0269523434568832,0.0545440039989366,0.1327282863999342,0.1521835726800548,False,0.0007327129198816,-2.6034302158863443e-05,0.6337847118898426,1.0,False,0.7692919236871438,1.0,False,not_significant,False,False
1,ict_sweep_buyside_bearish,-1,65619,496,4011,0.462091772200125,-0.0007691415966597,-0.0010958492998391,0.0198496720680206,-0.0973187849513186,14.278958306864084,0.8913473016969231,-0.0007691415966597,-0.6151106317878124,-0.8424165081855411,-1.0,-0.2164027128667532,1.0257754796093308,0.0115555699251464,-0.0121012882063192,0.0082133214140549,-0.0094560024066194,-0.0008116715293949,-0.0010820885663331,-0.0005439801074711,percentile_bootstrap_subsample_20000,-0.0013209835597576,-0.0003023594990323,0.0002598578496149,-0.0416552741997879,-0.0554913365145909,-0.0278215373879963,0.0030778370915745,0.0047726813049966,True,-0.0007264943050205,-4.264729163919699e-05,0.7105876239658155,1.0,False,1.0,1.0,False,not_significant,False,False
1,ict_ob_bearish_mitigated,1,20166,496,3513,0.5062481404343945,0.0006752493183044,0.0002716819347243,0.0194194208822462,0.6859874910684369,13.514311133833251,1.1118037937037668,0.0006752493183044,0.5519861112334548,0.7856413707264328,-0.7660421119952231,0.1707639963601674,1.0667174218168671,0.012279224807313,-0.0114291378938174,0.0086376586181543,-0.0087925104741347,0.0006990376973281,0.0004307962912899,0.0009647085778843,percentile_bootstrap_subsample_20000,0.0002391470593794,0.0011589283352767,0.0002346423903442,0.036000187387253,0.0223570936793795,0.0496469636825509,0.0040048356733426,0.0061026067403316,True,0.0007285136806201,-5.326436231571836e-05,0.6453293588498432,1.0,False,0.7620819912840529,1.0,False,not_significant,False,False
1,smc_internal_ob_bullish_mitigated,-1,54166,496,4038,0.4727319720858103,-0.0007953300406644,-0.0007825598943094,0.0240647996995219,-0.3854463111388434,17.12506072242605,0.901186481235986,-0.0007953300406644,-0.5246448399548573,-0.6605993862148671,-1.0,-0.240042247385059,0.9916007618848668,0.0133620662868421,-0.0136457039555189,0.0091369191597893,-0.0099965470708122,-0.0007492465522284,-0.0010807075901584,-0.0004186765177427,percentile_bootstrap_subsample_20000,-0.0015522490184501,5.375591399330384e-05,0.0004097026609783,-0.0311732563571527,-0.044853753036199,-0.0175691463598411,0.0522295145884752,0.0644447226296615,False,-0.0007330760778829,-6.225396278147159e-05,0.7663396223765682,1.0,False,1.0,1.0,False,not_significant,False,False
1,smc_swing_ob_bullish_mitigated,-1,6791,494,2707,0.483875717861876,-0.0007944677853561,-0.0004382439083752,0.0223641410810734,-0.8910614561068568,15.487101636101237,0.896004004448599,-0.0007944677853561,-0.5639288834079702,-0.6843752791920559,-0.9993130366245638,-0.2326135472088181,0.9459031927669476,0.0130292974129244,-0.0134772983913839,0.0091417582166912,-0.0095871535637033,-0.0007944677853561,-0.001330542785287,-0.0002594850669233,percentile_bootstrap_full,-0.0018544422679437,0.0002655066972313,0.000540813240747,-0.0355241805386625,-0.0589543723840958,-0.011639709270714,0.1418262018871345,0.1600090482829209,False,-0.0007271268478209,-6.734093753526995e-05,0.6095218137406968,1.0,False,0.9999999945656668,1.0,False,not_significant,False,False
1,ict_liquidity_sellside_pool_formed,-1,51792,495,3821,0.4729301822675316,-0.0008087791199035,-0.0008714037696885,0.0221965884107425,0.2260027709877211,13.887353676569036,0.8957452227994506,-0.0008087791199035,-0.5784208934948443,-0.796398335839089,-1.0,-0.2336610608442409,0.9885964157727422,0.0120182557490289,-0.0131292669486385,0.0087140110836832,-0.0100579815535748,-0.0004898386218151,-0.0007879392811161,-0.000188705036638,percentile_bootstrap_subsample_20000,-0.0015489524291084,0.0005692751854781,0.0005403741126333,-0.0225973211192633,-0.0365616243523891,-0.0086933287054986,0.1344707651643983,0.153680874473598,False,-0.0007096743206514,-9.910479925214552e-05,0.8722611295086422,1.0,False,1.0,1.0,False,not_significant,False,False
1,ict_sweep_sellside_bullish,1,49450,496,3928,0.5185439838220425,0.0006196066845447,0.0007274852307095,0.021139115292481,-0.2027067383391042,14.355632998862006,1.0907346676556646,0.0006196066845447,0.4652962553911107,0.6162314065610198,-0.9576507585754482,0.1091988900348278,1.0003434669393287,0.0127711388537103,-0.0120315840398721,0.0096929583905873,-0.0089962093646595,0.0006893091137669,0.0004067823083877,0.0009761253794726,percentile_bootstrap_subsample_20000,1.0698838267528916e-05,0.0013679193892663,0.000346236091836,0.0331806513652825,0.0195321162525631,0.0470991733690087,0.0735263354249,0.0883319797596068,False,0.0007224436659098,-0.000102836981365,0.8740413457018468,1.0,False,0.935351768481784,1.0,False,not_significant,False,False
1,ict_liquidity_buyside_swept,1,44397,496,3861,0.5112507601864991,0.0005998527253718,0.0003912781492021,0.0183441919162645,0.3884309619998065,21.206401865646484,1.1034696872559615,0.0005998527253718,0.519094373361086,0.7153307074219935,-0.8670332898695989,0.1325618207787813,1.0392488987783368,0.0112946988588343,-0.0106595103809055,0.0083866410424371,-0.008146652370914,0.0004584235994935,0.0002044780193229,0.0007200889743466,percentile_bootstrap_subsample_20000,3.116672396640631e-05,0.0008856804750206,0.000217992205738,0.0246439673122575,0.0110730676863149,0.0386218504303218,0.0059283838456195,0.0086949629735752,True,0.0007075223434675,-0.0001076696180957,0.8779881626101913,1.0,False,0.9667643771606634,1.0,False,not_significant,False,False
1,smc_equal_highs,-1,10504,495,2909,0.4684881949733435,-0.0008298879280101,-0.0008338232673928,0.0191611338948972,0.1593707967302491,41.5694424020765,0.8745633343050268,-0.0008298879280101,-0.6875408581600654,-0.8923902916601334,-0.999975313438026,-0.2257171207342831,0.9813734468669696,0.0104282172409095,-0.0112961761330119,0.0077258622469473,-0.0086187386464386,-0.0008298879280101,-0.0012007837775456,-0.0004748471962047,percentile_bootstrap_full,-0.0014399809002976,-0.0002197949557226,0.0003112776419809,-0.0433110030211301,-0.0629031713554033,-0.0245849072000091,0.0076743751986112,0.0110260411016782,True,-0.0007161560390976,-0.0001137318889125,0.7200197714885839,1.0,False,1.0,1.0,False,not_significant,False,False
1,smc_internal_choch_bullish,1,26486,496,3582,0.5112889828588688,0.0005798115533894,0.0004417744898509,0.0197579916378109,0.0785143467873484,19.02177041372724,1.0924382918432487,0.0005798115533894,0.4658481101737363,0.632572086385507,-0.7987433404798912,0.1271900004309978,1.0272566244522174,0.0124093659363539,-0.0114558592234954,0.008940546764137,-0.0087096343019664,0.0005729080164336,0.0003070966264684,0.0008478632611686,percentile_bootstrap_subsample_20000,2.3468245075967563e-05,0.0011223477877914,0.000280331562905,0.0289200499685124,0.0154491831563208,0.0428493223582792,0.0386112244560002,0.0497844359286156,True,0.000728174573791,-0.0001483630204016,0.8851474826013865,1.0,False,0.9378398856048252,1.0,False,not_significant,False,False
1,smc_internal_bos_bearish,-1,16606,495,2944,0.4636276044803083,-0.0008792759652154,-0.00118891655436,0.0251393479435983,-0.0178400641897548,11.128348648204096,0.9011965694037616,-0.0008792759652154,-0.5552281331184361,-0.7590930901110124,-0.9999999989657696,-0.2605462127623257,1.0285510138135932,0.0149009739012347,-0.015261445238419,0.010190918353915,-0.011853548640564,-0.0008792759652154,-0.0012660871129284,-0.0005031299427376,percentile_bootstrap_full,-0.002488902384502,0.000730350454071,0.0008212530532634,-0.0349760847890011,-0.0506120459297014,-0.0201285771061645,0.2843260746528514,0.3060635421339562,False,-0.0007246502558939,-0.0001546257093215,0.8327284354915985,1.0,False,1.0,1.0,False,not_significant,False,False
1,ict_liquidity_sellside_swept,-1,32983,495,3727,0.469544917078495,-0.0008837999410493,-0.0010490783377066,0.02452168928433,0.2914516438860787,30.026747032763573,0.8950583927100159,-0.0008837999410493,-0.5721420312370582,-0.7596769248251412,-1.0,-0.2585297175146494,1.0015152635934568,0.0135444007522182,-0.0141999814151858,0.0093773871026412,-0.0109785101407917,-0.0008536007714239,-0.0011945105796854,-0.0005052834599366,percentile_bootstrap_subsample_20000,-0.0019782684135318,0.0002710668706838,0.0005738205610449,-0.0345183410400401,-0.0485212274578076,-0.0203044983232374,0.123510967433738,0.1430126991338019,False,-0.0007081216725583,-0.000175678268491,0.944038364518065,1.0,False,1.0,1.0,False,not_significant,False,False
1,ict_fvg_bullish_formed,1,112426,496,3906,0.512337003895896,0.0005309701263475,0.0004539044725501,0.0189816220141367,0.6559900827640528,22.382461058212016,1.0881521737865731,0.0005309701263475,0.4440552783762912,0.6220178470679896,-0.8566806990782818,0.1081602639589513,1.0218617922272488,0.0116467949281631,-0.0109579931306237,0.008522875917705,-0.0082294715502378,0.0005203214357565,0.0002568019837471,0.0007808918024732,percentile_bootstrap_subsample_20000,-1.8040588571663287e-05,0.0010586834600847,0.0002746795473428,0.0278055655307039,0.0137095410526624,0.0415957356411415,0.0532296676329756,0.0650584826625257,False,0.0007469257280483,-0.0002159556017008,0.9998719436447914,1.0,False,0.9997619956834728,1.0,False,not_significant,False,False
1,ict_ob_bullish_formed,1,32613,496,3713,0.5107472480299268,0.0004852658315055,0.0003721521159021,0.0185518912726243,0.1928129872050993,10.171350040247454,1.0818106683930055,0.0004852658315055,0.4152329348162459,0.5648639374913276,-0.8475001242104392,0.096921265024116,1.0201116748783658,0.0117164885438884,-0.0109456254842761,0.0084751080562148,-0.0082707224642141,0.0005389944191079,0.0002844647914907,0.0007961700318495,percentile_bootstrap_subsample_20000,0.0001104286504566,0.0009675601877591,0.0002186600206183,0.0291942314973232,0.015403739048907,0.0429675771055133,0.0264682967630317,0.0346350946490228,True,0.0007392013684773,-0.0002539355369718,0.9890658531349782,1.0,False,0.9957408634940502,1.0,False,not_significant,False,False
1,ict_displacement_bullish,1,213004,496,4054,0.5085021877523427,0.0004315257035095,0.0003407813932172,0.0195355094952244,0.2505712266785323,20.75912064639109,1.0694645646134802,0.0004315257035095,0.3506567451739578,0.4704004648743294,-0.9758584761803434,0.0640390304038492,1.0198781710735645,0.011810957333769,-0.0112597884359303,0.0086349039136545,-0.0084939543909323,0.0004771970370706,0.0002075485272357,0.0007575629276838,percentile_bootstrap_subsample_20000,-1.907832842959928e-05,0.0009734724025709,0.0002532063678211,0.02379972815832,0.01034317259763,0.0375853925314226,0.0883353127486435,0.1050473989443328,False,0.0007414318372315,-0.0003099061337219,0.9999999999999576,1.0,False,0.999999996644764,1.0,False,not_significant,False,False
1,smc_internal_ob_bullish_formed,1,58488,496,3904,0.5038811380112159,0.0003706467321146,0.0001917423722578,0.0187348356567793,0.3572639178416706,17.297549190229336,1.061903144183184,0.0003706467321146,0.3140585042962478,0.4343434425744526,-0.9383886699502696,0.0537696438158192,1.0288616734758451,0.0116245117428765,-0.0109697102483845,0.0083282227490365,-0.0083702041195519,0.0003588521711183,9.550633501346164e-05,0.0006229451076558,percentile_bootstrap_subsample_20000,-4.18060951722385e-05,0.0007595104374089,0.0002044212374771,0.018965469584748,0.0051118618983496,0.0330537699442201,0.0698084135642209,0.0841526081322115,False,0.0007381129359462,-0.0003674662038316,0.9999960549327148,1.0,False,0.9999980252903704,1.0,False,not_significant,False,False
1,ict_displacement_bearish,-1,190920,496,4078,0.4574900481877226,-0.0011120999201006,-0.0012844678844864,0.0225156521084831,0.1811175086036716,26.18658139328744,0.8583642349973872,-0.0011120999201006,-0.7840785087985309,-1.0423485673765396,-1.0,-0.2915754116898452,1.005116766610503,0.0124800315638812,-0.0132311794199918,0.0085643215346567,-0.010167543795145,-0.0012081731026668,-0.0015151652613815,-0.0009001310038011,percentile_bootstrap_subsample_20000,-0.0019263009924217,-0.0004900452129119,0.0003663985102557,-0.0537379579049514,-0.0675976141765883,-0.0398421037744506,0.0024036065002191,0.0037940335788212,True,-0.0007325636051216,-0.0003795363149789,1.0,1.0,False,1.0,1.0,False,not_significant,False,False
1,ict_mss_bullish,1,36614,496,3756,0.5076746599661331,0.0003462890646554,0.0003180274798492,0.0194957776329984,0.4233958371083043,24.363253892483,1.0549963521521553,0.0003462890646554,0.2819671307500083,0.3856806909002198,-0.9349137628876324,0.0429958297980532,1.0056178915123672,0.0120551040885709,-0.0113859123371287,0.008817220118553,-0.008629896156751,0.0004222722315521,0.0001584096003806,0.0006923859301266,percentile_bootstrap_subsample_20000,-0.0001329759261471,0.0009775203892514,0.0002832950797562,0.0217424048920701,0.0082018157635268,0.0354874130727581,0.2215708636277562,0.2422141117918329,False,0.0007315006229306,-0.0003852115582752,0.9998773724064788,1.0,False,0.9999539117531244,1.0,False,not_significant,False,False
1,ict_bos_bullish,1,80902,496,3896,0.503782353959111,0.0003031934304968,0.0001884473403643,0.0178758754810419,0.512376312952703,21.50635859405723,1.0535711411638973,0.0003031934304968,0.269248155289715,0.3672823747781856,-0.9937701174484574,0.0371458381101433,1.0217238598155665,0.0108080226510631,-0.0105925066116188,0.0078316509761915,-0.0080925739533171,0.0004340020215679,0.0001831704531259,0.0006821558297469,percentile_bootstrap_subsample_20000,6.181790714059233e-05,0.0008061861359953,0.0001898933421365,0.0242161198891994,0.0102665170099216,0.0379120064036272,0.1103434816782385,0.1290395533247175,False,0.000743795640379,-0.0004406022098821,0.9999999998979424,1.0,False,0.999999999820884,1.0,False,not_significant,False,False
1,smc_internal_bos_bullish,1,32002,496,3644,0.4977501406162115,0.0001975344436237,0.0,0.0178421782149168,0.661140966756628,14.714205937148478,1.0343434174533566,0.0001975344436237,0.175749958408434,0.2479614116774238,-0.9286986842076628,0.0106982734259154,1.027265544862333,0.0109749383359506,-0.0105673559656901,0.0078206137851052,-0.0081429547017493,0.0002104570964492,-3.4387552895127225e-05,0.0004570050300307,percentile_bootstrap_subsample_20000,-0.0001888125240757,0.0006097267169742,0.0002037127317262,0.011850859675926,-0.0019409825958408,0.0256882795481964,0.3322102277841994,0.3532870096073661,False,0.0007463382799885,-0.0005488038363648,0.9999995480273683,1.0,False,0.9999999574548504,1.0,False,not_significant,False,False
1,ict_volume_imbalance_bearish,-1,84892,496,3778,0.4586297884370729,-0.0014240525889193,-0.0012993341065321,0.0224544344079372,-0.3045471202052027,18.007231251806573,0.8236928340308936,-0.0014240525889193,-1.0067558867997382,-1.2874130318416137,-1.0,-0.3452183595531939,0.9614192518030495,0.0122597494038211,-0.0136845682368742,0.0085152848861774,-0.0105266192705124,-0.0015157533746846,-0.0018378413753676,-0.0011932239234038,percentile_bootstrap_subsample_20000,-0.0025034057507613,-0.0005281009986079,0.0005039135290631,-0.0660338686049079,-0.0803661516675861,-0.0518625454016242,0.0047135321015262,0.0071515659471433,True,-0.0007283459433128,-0.0006957066456064,1.0,1.0,False,1.0,1.0,False,not_significant,False,False
1,ict_bos_bearish,-1,42608,496,3607,0.4591156590311678,-0.0014764434836069,-0.0013426192045999,0.0269276530319692,0.5027905797021346,30.58157993294475,0.8389008697989494,-0.0014764434836069,-0.8703994242264063,-1.1147653497353591,-1.0,-0.3713173928965774,0.9742863133095968,0.0142721964382626,-0.0154232895654267,0.0096668892065169,-0.011627979164847,-0.0014013426045534,-0.0017814500708786,-0.0010180280878674,percentile_bootstrap_subsample_20000,-0.0029461476132733,0.0001434624041664,0.0007881802975564,-0.0509800206642692,-0.0656708205082775,-0.036718023017376,0.061036542924882,0.0738311447063865,False,-0.0007262091059308,-0.000750234377676,0.9999999999999823,1.0,False,1.0,1.0,False,not_significant,False,False
1,ict_volume_imbalance_bullish,1,117776,496,3881,0.5004415160983562,-0.0001228709258249,6.397781035072381e-05,0.0189799630260678,0.5304529081948854,30.871665494386463,0.9802250199773228,-0.0001228709258249,-0.102767085261391,-0.1361907425216045,-0.9999999999999998,-0.0734782723942799,0.9665710542256876,0.010783497890374,-0.011109703818964,0.0078688015233264,-0.0082601071804496,-0.0002555007308612,-0.0005150039913023,7.369729778886884e-06,percentile_bootstrap_subsample_20000,-0.0007748255582931,0.0002638240965706,0.0002649665133808,-0.0136289569158621,-0.0274284109127556,0.0004048487955066,0.6428465968995523,0.6616432810194223,False,0.0007294954649519,-0.0008523663907768,1.0,1.0,False,1.0,1.0,False,not_significant,False,False
1,ict_nwog_gap_down,-1,131146,496,853,0.4683253778231894,-0.0016128717442753,-0.0009253418424483,0.0207797698124617,-0.8961156369714162,14.496218040166749,0.7913507257134793,-0.0016128717442753,-1.2321380565350766,-1.4984395036573377,-1.0,-0.370137542649827,0.8873657309727125,0.011096789175523,-0.0133345631964733,0.0080552877735595,-0.0096896725610935,-0.001641076931099,-0.0019302929290224,-0.001352705175403,percentile_bootstrap_subsample_20000,-0.0028976872404246,-0.0003844666217733,0.0006411394848709,-0.0787904669473995,-0.0922324964203545,-0.0653078836724279,0.0118818785252345,0.0165313092525002,True,-0.0007305625312068,-0.0008823092130685,1.0,1.0,False,1.0,1.0,False,not_significant,False,False
1,smc_swing_bos_bearish,-1,1249,445,668,0.4619695756605284,-0.0016610563989402,-0.0014836699932461,0.0290554041140687,0.5207722069230063,7.489753857487326,0.8456111428524977,-0.0016610563989402,-0.9075231846017608,-1.296110248656475,-0.9350714863076708,-0.436767234668541,0.9760433641936976,0.0174459219627617,-0.0192533068729081,0.0133286064069557,-0.0152406855163635,-0.0016610563989402,-0.0032698850888582,-3.638476112566549e-05,percentile_bootstrap_full,-0.0041822387581352,0.0008601259602546,0.0012863411568758,-0.0571685870352766,-0.1146386260629584,-0.0012211423156395,0.1965985757957401,0.2162584333753141,False,-0.0006910583278862,-0.000969998071054,0.9442916765959471,1.0,False,0.9984427012949814,1.0,False,not_significant,False,False
1,ict_ob_bullish_mitigated,-1,20574,496,3031,0.4587829299115388,-0.0032526226711096,-0.0017651211255191,0.0344791835738889,-0.3067675201085511,14.309489447103449,0.7390281768705218,-0.0032526226711096,-1.497535000162322,-1.8018501300721437,-1.0,-0.6225685930394589,0.862734556725954,0.0177439848131364,-0.0202454489810711,0.0114419382842498,-0.0140022487686769,-0.0032846001315311,-0.003760142734075,-0.0028047658117219,percentile_bootstrap_subsample_20000,-0.006489245330968,-7.99549320943606e-05,0.0016350530925245,-0.0951006420506106,-0.1087788517399949,-0.0811746995603612,0.0466673201770318,0.0584587071256768,False,-0.0007178463459454,-0.0025347763251642,1.0,1.0,False,1.0,1.0,False,not_significant,False,False
1,smc_swing_ob_bearish_formed,-1,3910,494,1412,0.4601023017902813,-0.0032661273158957,-0.0016682907957391,0.03448203878283,0.133352074402255,9.820627815017406,0.7473564121893431,-0.0032661273158957,-1.5036281379808416,-1.9265658033026989,-0.999999791192537,-0.6231084463163896,0.8678307643488259,0.0185022377212874,-0.0208858043629637,0.0127024094487926,-0.015057576990419,-0.0032661273158957,-0.004338385513495,-0.0021623697938349,percentile_bootstrap_full,-0.0074420011098533,0.0009097464780618,0.0021305869872903,-0.0947196694622957,-0.1260335617578582,-0.062202460023714,0.1252830869810413,0.14458900530271,False,-0.0007067872580758,-0.0025593400578198,0.9999999999999936,1.0,False,0.9999999999998403,1.0,False,not_significant,False,False
1,smc_swing_choch_bearish,-1,2661,493,1079,0.4592258549417512,-0.004019503330656,-0.0017382601192903,0.0367348441132455,0.0643592554367366,9.692354035175825,0.7117772867276825,-0.004019503330656,-1.7369785766550694,-2.177324834071605,-0.9999971356512888,-0.6949941913424638,0.8288535834807627,0.018998043201332,-0.0216520536546132,0.0123569643056284,-0.015043772356116,-0.004019503330656,-0.0054053257298824,-0.0026444642435556,percentile_bootstrap_full,-0.0094595255578617,0.0014205188965495,0.0027755725243961,-0.1094193653922918,-0.1480465301529912,-0.0714981555748039,0.1475692638501513,0.1659564884193395,False,-0.000714169984046,-0.00330533334661,1.0,1.0,False,0.9999999999892468,1.0,False,not_significant,False,False
2,smc_swing_choch_bearish,-1,2660,493,1078,0.4838345864661654,0.002100621060377,-0.0010364607236567,0.0438917659478726,0.5236591890320202,12.462671111125845,1.1568331977299582,0.002100621060377,0.5372172299952985,0.8267841525136512,-0.7545598242603259,0.2042349256457162,1.2242477197421937,0.0305062092186491,-0.0292593423200845,0.0191374813859774,-0.020790701505055,0.002100621060377,0.0004247311979656,0.0037766152903646,percentile_bootstrap_full,-0.0034723189276512,0.0076735610484053,0.0028433889540972,0.047859114688432,0.0096611451724672,0.0859258511703067,0.4600444068587698,0.481951283375854,False,-0.0014151908242406,0.0035158118846177,9.829389625623016e-11,2.306630098812868e-09,True,0.2702122846143692,1.0,True,significant_but_negligible_effect,False,True
2,smc_swing_ob_bearish_formed,-1,3909,494,1411,0.4829879764645689,0.0015586914694045,-0.0009158207596895,0.041931674380153,0.4931625753598059,10.887963475397587,1.11618355655542,0.0015586914694045,0.4172566111235113,0.6453116440753551,-0.7727737525124952,0.1159488344214141,1.1829890342517986,0.0291175141829991,-0.0285431132776882,0.0189873445008649,-0.021122867847982,0.0015586914694045,0.0002546683142257,0.0028815724884717,percentile_bootstrap_full,-0.0028481075803767,0.0059654905191858,0.002248408159426,0.0371721733616797,0.0061185578890146,0.068320376273308,0.4881575551254459,0.5098856362141156,False,-0.0014006779441372,0.0029593694135418,9.10030802619645e-11,2.288077446586536e-09,True,0.5116356544717957,1.0,True,significant_but_negligible_effect,False,True
2,smc_swing_bos_bearish,-1,1249,445,668,0.4811849479583667,0.0004045419802237,-0.000852895084469,0.0374072212953831,0.3387025708641961,3.201944189655226,1.0300503009794528,0.0004045419802237,0.1213929372041667,0.1903135093934898,-0.7670086976240486,-0.0469511532472172,1.0951782734207494,0.0261600051399015,-0.0270177575909193,0.0186929965909053,-0.0218028848050284,0.0004045419802237,-0.0016528768355968,0.0024617630448675,percentile_bootstrap_full,-0.0030451479548638,0.0038542319153112,0.0017600782132159,0.0108145423855275,-0.0446736479395049,0.065445666692571,0.8182136270828632,0.8300034487987545,False,-0.0013697698087689,0.0017743117889927,0.0187861662005184,0.1537844302926159,False,0.8657996034419744,1.0,False,not_significant,False,False
2,ict_ob_bearish_formed,-1,22492,496,3175,0.4679886181753512,-0.0006442998425202,-0.0017077686521429,0.0326980267713657,0.3302913650006787,6.185292168381089,0.9455897039979444,-0.0006442998425202,-0.2211830042760635,-0.3332248682881111,-0.9999999999980934,-0.1379925131686094,1.066416053216758,0.0220075870297157,-0.021772565558336,0.0150666822101013,-0.0169949027536562,-0.0006593934875283,-0.0011135774132315,-0.0002095082306452,percentile_bootstrap_subsample_20000,-0.0026970030520704,0.0013782160770136,0.0010396158115873,-0.0202249223213129,-0.0342701825712409,-0.0064244264527137,0.5354236943498114,0.5576010071335314,False,-0.0014322371743516,0.0007879373318313,1.5710728252170885e-05,0.0002513716520347,True,1.0,1.0,True,significant_but_negligible_effect,False,True
2,smc_swing_ob_bullish_mitigated,-1,6790,494,2706,0.4690721649484536,-0.0009004208568144,-0.0013277429590906,0.0297540944090996,0.0191872689020303,15.660831460645284,0.912119288033341,-0.0009004208568144,-0.3396910324793423,-0.4623135322098072,-0.9999071656087636,-0.1562304514620805,1.023234604754514,0.0189330241945198,-0.0195764285246239,0.0131448356590965,-0.0138216762690439,-0.0009004208568144,-0.0015936677688327,-0.0002007011782758,percentile_bootstrap_full,-0.0023397579357152,0.0005389162220863,0.0007343691409131,-0.0302620824023142,-0.0536371728642633,-0.0067340252063094,0.2201554850897258,0.2414166067027522,False,-0.0014408094353441,0.0005403885785296,0.0548245795277634,0.3641179621466552,False,0.9999999999932822,1.0,False,not_significant,False,False
2,ict_nwog_gap_up,1,147587,496,854,0.5271399242480707,0.0019624977207584,0.0013055770008221,0.0279790129860385,0.7477528890734316,15.374145240029652,1.2317609841351425,0.0019624977207584,0.7873395066223953,1.15340868372914,-0.836070518000998,0.2622880244544148,1.0939856389000624,0.0185595012550827,-0.0164471883171591,0.0131845691444369,-0.011917885937275,0.0019475672056257,0.001556318983114,0.0023391801623953,percentile_bootstrap_subsample_20000,0.0006484943933855,0.0032466400178658,0.0006628044251017,0.0689083390066253,0.0552121094752206,0.0825707635110796,0.0030674136867842,0.0047726813049966,True,0.0014649787297004,0.000497518991058,1.2986714905456158e-12,3.8094363722671395e-11,True,2.0720454549050738e-05,0.0010419428573236,True,significant_but_negligible_effect,False,True
2,smc_internal_bos_bearish,-1,16606,495,2944,0.4701914970492593,-0.0010099786843241,-0.001569363864458,0.0337167174228998,0.0580637040515351,8.363138586482581,0.9174654371772942,-0.0010099786843241,-0.3362421813446636,-0.4759033176305543,-0.9999999999977884,-0.1808257786780175,1.02592094415919,0.0221497301052042,-0.0225568622109631,0.0152231097134495,-0.0170881632301647,-0.0010099786843241,-0.001510342314287,-0.0004977470091403,percentile_bootstrap_full,-0.0030635435378723,0.001043586169224,0.0010477564146832,-0.0299548343231724,-0.0448735455032854,-0.0147262947395297,0.3350739188432478,0.3552590946771783,False,-0.0014362064257802,0.000426227741456,0.0284574253146724,0.208687785640931,False,1.0,1.0,False,not_significant,False,False
2,smc_internal_ob_bullish_mitigated,-1,54146,496,4037,0.468270971078196,-0.0010503565515642,-0.0014387148410349,0.0317992784637984,-0.0492240355676613,13.84417788232458,0.9049235518240794,-0.0010503565515642,-0.3707701438302452,-0.5021468251627477,-1.0,-0.1787558610789669,1.018882175408157,0.0196728964574389,-0.0202881719413962,0.0133123110630726,-0.0145806473420936,-0.0007314165657977,-0.0011627943070444,-0.0003028957816145,percentile_bootstrap_subsample_20000,-0.0018142967466578,0.0003514636150623,0.0005525000361537,-0.0235791573012248,-0.0376163328698549,-0.0097435819409863,0.0572892159682013,0.0695372552441616,False,-0.0014521898591385,0.0004018333075742,0.0003863710212604,0.0054401039793473,True,1.0,1.0,True,significant_but_negligible_effect,False,True
2,ict_ob_bullish_mitigated,-1,20573,496,3030,0.4622077480192485,-0.0010251317425099,-0.0022985573838514,0.0427720157406803,0.1277281592305984,11.445516137040109,0.929506484924856,-0.0010251317425099,-0.2690328026647589,-0.3714922632812835,-1.0,-0.2180134397127513,1.0741767549520709,0.0269428482547228,-0.0285297402452224,0.0170757585373242,-0.019702160603634,-0.0010107799272124,-0.0016100260365227,-0.0004161222079661,percentile_bootstrap_subsample_20000,-0.0047377406591488,0.0027161808047239,0.0019015455038645,-0.0237585776199105,-0.0380114590629449,-0.0097563731195261,0.5898147491279736,0.6106317402736667,False,-0.0014223343695858,0.0003972026270759,0.0222147547545966,0.1737687483026229,False,1.0,1.0,False,not_significant,False,False
2,ict_sweep_sellside_bullish,1,49436,496,3927,0.5423577959381827,0.0018074027566634,0.0021840119078511,0.0293957743506024,-0.0004484367248565,10.729883518125588,1.1951216357794578,0.0018074027566634,0.690168776779317,0.929285566034821,-0.8862396677597675,0.2130711634477078,0.9997086396860244,0.0194174246072978,-0.0179078677804848,0.0146302685473024,-0.012918771619001,0.0018231334664338,0.0014040852095265,0.0022425741030761,percentile_bootstrap_subsample_20000,0.0008036872551984,0.0028425796776692,0.0005201351714804,0.0612723176479308,0.0474315619794844,0.0753106313047259,0.0005110985819755,0.0009419198997665,True,0.0014314010667373,0.0003760016899261,0.0013400767431066,0.0152163552765663,True,0.0567881723749993,1.0,True,significant_but_negligible_effect,False,True
2,ict_mss_bearish,-1,36626,496,3548,0.4659531480369137,-0.0010744829598333,-0.0016023951034159,0.0288060037346137,0.102429048074995,6.447681428555015,0.8995568267607801,-0.0010744829598333,-0.4186988734010472,-0.6077372710385652,-1.0,-0.1713444029080247,1.0230574505215035,0.0194656174469455,-0.0193240817005764,0.0136112812947623,-0.0151414128764971,-0.0009766852433513,-0.0013861125829327,-0.0005828727888519,percentile_bootstrap_subsample_20000,-0.002286739374972,0.0003333688882694,0.0006684072419803,-0.0338121965375357,-0.0480347866826463,-0.0202182723962986,0.1079387224366753,0.1266481009923657,False,-0.0014483835642676,0.0003739006044343,0.0053567704324424,0.0509617078978305,False,1.0,1.0,False,not_significant,False,False
2,ict_liquidity_sellside_swept,-1,32979,495,3726,0.4667818915067164,-0.0011880869523815,-0.0016649462222371,0.0324410620556053,0.1791019150937724,11.076562180798495,0.8988679635748289,-0.0011880869523815,-0.4110914415090883,-0.5814258065303279,-1.0,-0.1946529760612353,1.0192697916176572,0.0203869666952776,-0.0212444256031744,0.013922762054449,-0.0159826952074304,-0.0010717014476481,-0.0015242610405346,-0.0006293734011257,percentile_bootstrap_subsample_20000,-0.0025345417874158,0.0003911388921194,0.0007463608207944,-0.0328944635301395,-0.0469665019406018,-0.0192488464359119,0.1114206769408791,0.1298678088847333,False,-0.0014025532932067,0.0002144663408252,0.0821169593577189,0.4983649947227078,False,1.0,1.0,False,not_significant,False,False
2,smc_internal_ob_bearish_mitigated,1,42391,496,4047,0.5326602344837348,0.001645619723901,0.0016814483378355,0.0297748666571374,-0.0634283867377408,7.926041686098353,1.1735568984854508,0.001645619723901,0.6203902035893146,0.8450601291189085,-0.7484646271287914,0.2180311216560059,1.0185725463471154,0.0201281322619493,-0.0186295902661864,0.0150032260375509,-0.0134915776842612,0.001550965384565,0.0011424625929331,0.0019661817556003,percentile_bootstrap_subsample_20000,0.0006364656413475,0.0024654651277826,0.0004665900716633,0.0520065620264474,0.0381459627272214,0.0660977122405138,0.0004204446406549,0.0007914252059386,True,0.0014421785706654,0.0002034411532355,0.0687273003498975,0.4320001736279275,False,0.333293047547564,1.0,False,not_significant,False,False
2,smc_internal_ob_bearish_formed,-1,42986,496,3657,0.46510491788024,-0.0012919154975925,-0.00176193944293,0.0314194718018919,0.0011862583884883,7.768673386414097,0.8890793756116838,-0.0012919154975925,-0.4615518550216786,-0.6534432350125351,-1.0,-0.2019448662273729,1.014483459002118,0.0206581604131669,-0.0211374201674453,0.014286840191986,-0.0162815859675287,-0.001455877647461,-0.001899759401262,-0.001017264779494,percentile_bootstrap_subsample_20000,-0.0030177396470989,0.0001059843521768,0.0007968830037887,-0.0464497167762168,-0.0605787057667686,-0.0325739183771641,0.1049723928116569,0.1235795393635559,False,-0.0014409148961765,0.000148999398584,0.1367452453125619,0.7640369261908222,False,1.0,1.0,False,not_significant,False,False
2,smc_equal_lows,1,9360,495,2629,0.5353632478632478,0.0015259499050975,0.0015904724363835,0.0271267521938681,0.7072977855250239,38.10927820296945,1.1850542212135522,0.0015259499050975,0.6314336887936488,0.8669095911992023,-0.7453229184705814,0.2106315983841733,1.019747316278754,0.0174677604597922,-0.0157049260848788,0.0128481234792413,-0.0111937872352887,0.0015259499050975,0.0009661955799664,0.0020850325130319,percentile_bootstrap_full,0.0005787286511786,0.0024731711590163,0.0004832850266223,0.0562525839507779,0.0357022144577296,0.0765772190758498,0.0015915372356686,0.0026804837653365,True,0.0014285250444453,9.74248606521234e-05,0.3697788066612913,1.0,False,0.5725282898634356,1.0,False,not_significant,False,False
2,ict_bos_bearish,-1,42603,496,3606,0.4633241790484238,-0.0013672728059216,-0.0019429602629716,0.0350415209616517,0.4130832286948775,15.11407536623895,0.8889246857600834,-0.0013672728059216,-0.4379832484677656,-0.615105193331288,-1.0,-0.2212470312402951,1.0210091937561483,0.0215536123469671,-0.0227269496071569,0.0145098492881567,-0.0168398100364133,-0.0011312531823368,-0.001619028306322,-0.0006482346758394,percentile_bootstrap_subsample_20000,-0.0029354648048483,0.0006729584401745,0.0009205330416841,-0.0322105599018912,-0.0464337177603634,-0.0182967417048701,0.1374629109376948,0.1560869182260276,False,-0.0014392376709043,7.196486498274764e-05,0.3014331921807577,1.0,False,1.0,1.0,False,not_significant,False,False
2,smc_internal_choch_bearish,-1,26380,496,3357,0.4619029567854435,-0.0014693924771654,-0.0018844717892751,0.0298822337292699,-0.0551196527228916,6.852588511440386,0.8696874903768695,-0.0014693924771654,-0.5519630760605735,-0.7824985396379024,-1.0,-0.214959020933259,1.0050832367244216,0.0197192291657837,-0.0202438927006274,0.0138147407705164,-0.0158349731099836,-0.0016367727083808,-0.002051528618953,-0.0012218941550658,percentile_bootstrap_subsample_20000,-0.0030768869857283,-0.0001966584310334,0.0007347656780162,-0.0551712198586573,-0.0690467371753892,-0.041155002497339,0.0455206775380441,0.0576376924222717,False,-0.0014438788408088,-2.551363635662517e-05,0.5587060889951837,1.0,False,1.0,1.0,False,not_significant,False,False
2,ict_sweep_buyside_bearish,-1,65600,496,4010,0.461234756097561,-0.0014672901717213,-0.0017259711205723,0.0274949741179242,-0.2279941789455453,9.291905587162288,0.8565044448460075,-0.0014672901717213,-0.5990291628588551,-0.8210026624390234,-1.0,-0.2080222905425895,0.9933719132278844,0.0171234854274579,-0.0182785391387283,0.0121240184367155,-0.0137864745069721,-0.0015495337055691,-0.0019208055311576,-0.001169834054047,percentile_bootstrap_subsample_20000,-0.0023437624012803,-0.0007553050098578,0.0004052261652312,-0.0568310641901103,-0.0704302192306928,-0.042954375237312,0.0002935610765376,0.0005740749941181,True,-0.0014395268696582,-2.776330206311615e-05,0.6022057519176063,1.0,False,1.0,1.0,False,not_significant,False,False
2,smc_swing_bos_bullish,1,4581,492,2157,0.527177472167649,0.0013985803679428,0.000991507842563,0.0228529361225421,0.7988145791786195,14.25748476097334,1.1978826386291608,0.0013985803679428,0.6869588052033824,1.0029518867919254,-0.5161097576557829,0.2991202063447558,1.061973800954465,0.0161153914460694,-0.0145859496988354,0.0114879881480394,-0.011069597438908,0.0013985803679428,0.0007230538892442,0.0020525397801989,percentile_bootstrap_full,0.0006246912099238,0.0021724695259617,0.0003948486594748,0.061199154473777,0.0320102260267893,0.0892603293473846,0.0003970047698326,0.0007553820485464,True,0.0014727339415421,-7.415357359936156e-05,0.5724895777756545,1.0,False,0.6999972622977071,1.0,False,not_significant,False,False
2,smc_internal_choch_bullish,1,26469,496,3581,0.5263893611394461,0.0012504571957532,0.0013148905478981,0.0278745312325396,0.6311028507075763,21.56951379342469,1.1442532704757562,0.0012504571957532,0.5035545564123823,0.6974725809024236,-0.8370452025207624,0.1372993608737332,1.0172052686508803,0.0184409247043325,-0.0168984587982408,0.0132820998539975,-0.0123106164086342,0.0012101327318277,0.0008306354937905,0.0015906828374288,percentile_bootstrap_subsample_20000,0.0004193120547931,0.0020009534088622,0.0004034873482546,0.044171531357496,0.0303552327129014,0.0579997455388683,0.0019409397643049,0.0031777246373737,True,0.0014428200289526,-0.0001923628331994,0.8677614144010786,1.0,False,0.9648072785907956,1.0,False,not_significant,False,False
2,smc_swing_ob_bullish_formed,1,7290,494,2627,0.5198902606310014,0.0012291471939195,0.0007798327332017,0.0242095668918573,0.9911021063771832,13.14996158956404,1.1630848133785223,0.0012291471939195,0.569904579223408,0.8500049384745635,-0.7029739971866059,0.1787745387063636,1.0608929287201985,0.0169868197433192,-0.0154107742320569,0.0120282026567797,-0.0116006661913816,0.0012291471939195,0.0006777458721529,0.0017993800361872,percentile_bootstrap_full,0.0004464404471699,0.0020118539406691,0.0003993475118673,0.0507711352049418,0.0283206852966216,0.0735802971621227,0.0020847276186259,0.0033973338970201,True,0.0014521515022935,-0.0002230043083739,0.7529220711097195,1.0,False,0.8860134169390333,1.0,False,not_significant,False,False
2,ict_liquidity_buyside_swept,1,44366,496,3860,0.529482035793175,0.0010686579792043,0.001347383012033,0.0256105888832823,0.0558286646538539,10.495297808347708,1.1301112982255974,0.0010686579792043,0.4683865771358902,0.6316689532642821,-0.915982268039894,0.1066436611744898,0.9949270681794552,0.0169959999748005,-0.0160087747626008,0.0125525149166668,-0.0116602986374135,0.0010367048304578,0.0006788206652464,0.001395098279902,percentile_bootstrap_subsample_20000,0.0003630969014456,0.0017103127594699,0.0003436838273622,0.0405258936162114,0.026437910336535,0.0545415401624297,0.0018745390953191,0.0030978298664428,True,0.0014012514653374,-0.000332593486133,0.9950890924813676,1.0,False,0.9999188073400528,1.0,False,not_significant,False,False
2,ict_ob_bearish_mitigated,1,20162,496,3512,0.5215256422973912,0.0010991375940035,0.0010578781933013,0.0267799337832728,0.4955229174976789,11.502158156693485,1.1306158243307665,0.0010991375940035,0.4607102091028688,0.6514436891024943,-0.8988554368215463,0.1090460695859708,1.025134690363246,0.0177971773359114,-0.0166953960424171,0.0127469244958023,-0.0123806004402463,0.0010675989871831,0.0006969917531263,0.0014405269904361,percentile_bootstrap_subsample_20000,0.0003654141420727,0.0017697838322935,0.0003582641543979,0.0398680425475053,0.0260464653484741,0.053757415941878,0.0021553050012827,0.0034961629513895,True,0.0014435107688973,-0.0003443731748938,0.957877236785212,1.0,False,0.9923420930966724,1.0,False,not_significant,False,False
2,ict_bpr_bullish,1,26886,496,3296,0.5261102432492747,0.0011274988688716,0.0013299583183086,0.02843471877571,0.3234611722744338,10.43502948324588,1.1230891436028447,0.0011274988688716,0.4450947278117712,0.6258175046757839,-0.936525304301331,0.101967504439558,1.00137152909997,0.0187275808498761,-0.0173004454682718,0.0136680676100903,-0.0124408054296875,0.0010862600241778,0.0006861517882398,0.0014858113721794,percentile_bootstrap_subsample_20000,-5.275294555428297e-05,0.00222527299391,0.0005811397401851,0.0380556749167381,0.0239851888164845,0.052025081651001,0.0523613371365999,0.0644447226296615,False,0.0014744075059313,-0.0003469086370596,0.9770029928114614,1.0,False,0.993075767783432,1.0,False,not_significant,False,False
2,ict_liquidity_buyside_pool_formed,1,59080,496,3929,0.5302132701421801,0.0010199758712627,0.0014434027912784,0.0269369861005785,0.1692434688276157,11.217833227001064,1.1168357663287896,0.0010199758712627,0.4250364430666168,0.5758476615377652,-0.8969785928164425,0.0961703774333484,0.9791075439719464,0.017432924306565,-0.0167163123979176,0.0131649803567054,-0.0119341884415813,0.0009893348418897,0.0006090250158999,0.001358045956422,percentile_bootstrap_subsample_20000,0.0001086699409876,0.0018699997427918,0.0004493270799372,0.037223406432464,0.0229902950858904,0.0510652879098621,0.0232071239623376,0.0306609345552368,True,0.0013970526796965,-0.0003770768084337,0.9996351373039916,1.0,False,0.99999565550699,1.0,False,not_significant,False,False
2,smc_equal_highs,-1,10504,495,2909,0.4623952779893374,-0.0018153385535769,-0.00137792379624,0.0268454878842373,-1.731865966072568,33.30764695217457,0.815726900331717,-0.0018153385535769,-0.7590521287350177,-0.9335168082375545,-0.9999999999074995,-0.2418576709319803,0.93950510200857,0.0156464218926234,-0.0174038678802123,0.0112733999099216,-0.0127086773314064,-0.0018153385535769,-0.0023311785513197,-0.0012985682758592,percentile_bootstrap_full,-0.0027188416677535,-0.0009118354394004,0.00046097944359,-0.0676217382006634,-0.0858523636012668,-0.0488087402370646,8.216247711099953e-05,0.0001731807900782,True,-0.0014188254716504,-0.0003965130819265,0.9274545964582988,1.0,False,1.0,1.0,False,not_significant,False,False
2,ict_displacement_bearish,-1,190874,496,4077,0.4561647998155851,-0.0018630510396479,-0.0020030043846775,0.0306239652410521,-0.0423941923920621,15.141991895854652,0.8342829833483566,-0.0018630510396479,-0.6828866180030935,-0.9326015691880007,-1.0,-0.255434845043077,0.9863645213259046,0.0185256275466959,-0.019933381999262,0.0126730913135253,-0.0147758876524005,-0.0018286411351479,-0.0022565279782866,-0.0013974723981823,percentile_bootstrap_subsample_20000,-0.0029055063952626,-0.0007517758750333,0.0005494311426713,-0.0599088051094641,-0.0742917986021653,-0.0456206426148058,0.0006967046436483,0.0012512246661439,True,-0.001451777537233,-0.0004112735024148,0.999999999985261,1.0,False,1.0,1.0,False,not_significant,False,False
2,ict_fvg_bearish_formed,-1,90914,496,3875,0.4538794905075126,-0.0018876112439183,-0.0022863186633645,0.0315393834702528,0.1495469762423819,14.780150705422614,0.8373173737651987,-0.0018876112439183,-0.6718071607987617,-0.9308107037582009,-1.0,-0.2602079410804747,0.9999757701422304,0.0193539581737342,-0.0206328089209119,0.0132661762943174,-0.0156519805664889,-0.0020889788116489,-0.0025180458607158,-0.0016562932461695,percentile_bootstrap_subsample_20000,-0.0034516043772363,-0.0007263532460615,0.0006952298948283,-0.0667813572058302,-0.0808030937845499,-0.0527178574111398,0.0066257902879988,0.0096775028272846,True,-0.0014507395096063,-0.0004368717343119,0.9999987611231168,1.0,False,1.0,1.0,False,not_significant,False,False
2,smc_swing_choch_bullish,1,2709,492,1489,0.5075673680324843,0.000942630630538,0.0003761860042408,0.0263471328335793,1.1968008581460683,11.521896790249285,1.1131585590182418,0.000942630630538,0.4015997737625222,0.6200828851351596,-0.7807849396497737,0.1008569493715989,1.0653939372130954,0.0184604310499642,-0.0168055771802619,0.0129653204489763,-0.0127206833548247,0.000942630630538,-4.9705580454003845e-05,0.001934040409937,percentile_bootstrap_full,-0.0004737502929312,0.0023590115540073,0.0007226566015851,0.0357773514291734,-0.0019193825295444,0.0719882271224581,0.1920984804005522,0.2119707369937128,False,0.0014173459821022,-0.0004747153515641,0.8066768714274359,1.0,False,0.8938172917869408,1.0,False,not_significant,False,False
2,ict_bpr_bearish,-1,26231,496,3245,0.4563302962144028,-0.0019527294687595,-0.0022051247518337,0.0292082474606749,-0.0585396674312319,9.625619755084951,0.8257647986919057,-0.0019527294687595,-0.7504501580581856,-1.0410303407392354,-1.0,-0.2596178322089159,0.97705153248734,0.018457014371068,-0.0198135781936559,0.0132461647819991,-0.0152939740152777,-0.0019812457314778,-0.0023907236936744,-0.001583768601,percentile_bootstrap_subsample_20000,-0.0033554378093049,-0.0006070536536507,0.0007011312849762,-0.0674572216017607,-0.0815203215291916,-0.0538769438673263,0.0053509163105789,0.007947352495037,True,-0.0014596007835103,-0.0004931286852491,0.9975900692145602,1.0,False,1.0,1.0,False,not_significant,False,False
2,ict_displacement_bullish,1,212897,496,4053,0.5246668576823534,0.0009749583916151,0.0011793663526518,0.0275757116661315,0.334347661121277,16.860783387380494,1.1116140663607008,0.0009749583916151,0.3968666678798049,0.5359461348202179,-0.9809025872792368,0.0793337232462413,0.9977656785436334,0.0177715011649004,-0.0168821871031576,0.0129399628083475,-0.012204571573578,0.0008517512696944,0.0004714227573559,0.0012359507493135,percentile_bootstrap_subsample_20000,0.0001001945879061,0.0016033079514826,0.0003834543296653,0.0311192650346611,0.017156388502374,0.0450603943630303,0.0110041446724676,0.0153708687488436,True,0.0014692421017016,-0.0004942837100865,1.0,1.0,False,0.9999999999996664,1.0,False,not_significant,False,False
2,ict_mss_bullish,1,36599,496,3755,0.5253695456160005,0.0009511064527096,0.0011722648017198,0.0273672743423724,0.342588648486138,16.60040752703627,1.1079570307328337,0.0009511064527096,0.3901062020136327,0.5295393023598525,-0.962023687169167,0.0783553378298975,0.9912147307398692,0.0180060420876804,-0.0170416604205638,0.0131478153328399,-0.0123967070287595,0.0011846910550492,0.0008005778606097,0.001565746939051,percentile_bootstrap_subsample_20000,0.0003631918979449,0.0020061902121536,0.0004191399215007,0.0425870266513154,0.028817939852462,0.0562286425079886,0.0232570156995688,0.0306609345552368,True,0.0014496270136556,-0.000498520560946,0.9996635677222784,1.0,False,0.9999747442300853,1.0,False,not_significant,False,False
2,smc_fvg_bullish_formed,1,68247,496,3889,0.5177810013626972,0.0009289004981186,0.0009939855952156,0.0310286092208408,0.3812325211333754,11.28466108001138,1.0928563135579592,0.0009289004981186,0.3360409149143356,0.4728080080408957,-0.9951950807698818,0.0584163098284407,1.008983140329638,0.0204469761014455,-0.0191688824529808,0.0145099587984063,-0.0139205975847112,0.0009996911031713,0.0005698758500399,0.0014259103372447,percentile_bootstrap_subsample_20000,-0.0002217553129006,0.0022211375192434,0.0006231983934766,0.032188633279613,0.018432135001453,0.0458164821755488,0.1360829965434053,0.1550201125672449,False,0.0014525271477957,-0.0005236266496771,0.9999995795970064,1.0,False,0.9999995135039408,1.0,False,not_significant,False,False
2,ict_nwog_gap_down,-1,131146,496,853,0.4631250667195339,-0.0019872296441366,-0.001607709155583,0.0292771775607478,-0.4274959908172113,15.910547401772943,0.8158011820687835,-0.0019872296441366,-0.7619107882006597,-0.9796934446254318,-1.0,-0.2634754356470474,0.9378953379376154,0.0169682996214367,-0.0200319815605623,0.0120626064504963,-0.0144295977658756,-0.0019558321525553,-0.0023693071665609,-0.0015592030213312,percentile_bootstrap_subsample_20000,-0.0035568449169491,-0.0003548193881615,0.0008168582506585,-0.0669122451053182,-0.0808831557083012,-0.0532388027608767,0.0149837446501498,0.0204429384374137,True,-0.0014475996214278,-0.0005396300227087,0.9999999999995832,1.0,False,1.0,1.0,False,not_significant,False,False
2,ict_liquidity_sellside_pool_formed,-1,51775,495,3820,0.4540994688556253,-0.0020474384410204,-0.0022348389013264,0.0308514041093719,0.1928550696134093,13.489195071652617,0.8227890987613705,-0.0020474384410204,-0.7449398224778181,-1.0551798034575617,-1.0,-0.2729430103389252,0.9818105638105672,0.0180782366646452,-0.0200380371557323,0.0127017652820504,-0.0150347480528032,-0.0020835893217227,-0.0025130467665373,-0.0016600246641244,percentile_bootstrap_subsample_20000,-0.0035232049639639,-0.0006439736794815,0.0007345112676769,-0.0674793101270971,-0.0814593223058897,-0.0536119891589131,0.0053119069588368,0.0079228442775872,True,-0.0014056138862669,-0.0006418245547534,0.99999993535522,1.0,False,1.0,1.0,False,not_significant,False,False
2,ict_volume_imbalance_bearish,-1,84868,496,3777,0.4555662911815996,-0.0021112408403786,-0.002189950588784,0.0309431753765838,-0.1413830912919631,16.970697228475466,0.8159381200516054,-0.0021112408403786,-0.7658754917221199,-1.0257872138879731,-1.0,-0.2794218826155378,0.9686877802676652,0.0185577626222299,-0.0205794562553927,0.0128119628578573,-0.0152859667076823,-0.0018091362743438,-0.0022204960785705,-0.0013802054813619,percentile_bootstrap_subsample_20000,-0.0031344543238278,-0.0004838182248598,0.0006761950982181,-0.0596671152779333,-0.0734114196448414,-0.0454659870278691,0.0017948285229976,0.0029800926419582,True,-0.0014430343913751,-0.0006682064490034,0.999999999998902,1.0,False,1.0,1.0,False,not_significant,False,False
2,ict_fvg_bullish_formed,1,112422,496,3905,0.521890733130526,0.0008017366246572,0.001054078170027,0.0266877538326242,0.5491067687241907,16.274345004467317,1.0934056806062529,0.0008017366246572,0.3372135155370918,0.4692249600678984,-0.9672782096685842,0.0599189559796657,0.9922872727972548,0.0174284442197384,-0.0165490237845474,0.0126383221001419,-0.0119184564664451,0.0008582260454061,0.0004844360964397,0.0012300201770905,percentile_bootstrap_subsample_20000,9.573400963617954e-05,0.001620718081176,0.000389033694379,0.0321128540137945,0.0182044496133487,0.0458717774328119,0.0393182024952228,0.0505109754683155,False,0.0014806255849977,-0.0006788889603405,1.0,1.0,False,0.9999999999999978,1.0,False,not_significant,False,False
2,smc_internal_ob_bullish_formed,1,58462,496,3903,0.518918271697855,0.0007489691822229,0.0008887839960721,0.0264409852596579,0.6901724708410111,19.25690519771232,1.0892363769667148,0.0007489691822229,0.3179593398971883,0.4428751980411904,-0.9905351287582616,0.0523789091225462,0.9980747208662932,0.0171795194074816,-0.0163122948165937,0.0122251596160714,-0.0118872527894905,0.0007155530061652,0.0003514234388305,0.0010848458272022,percentile_bootstrap_subsample_20000,8.952998235095024e-05,0.0013415760299795,0.0003194053685753,0.0270758386801625,0.0133003540243159,0.040915095291821,0.0190328971970704,0.0253771962627605,True,0.0014623041643613,-0.0007133349821383,0.9999999997457252,1.0,False,0.9999999999875911,1.0,False,not_significant,False,False
2,ict_ob_bullish_formed,1,32596,496,3712,0.5228555651000123,0.0007193893121859,0.0010749475354463,0.0263914561541345,0.5773022992048747,20.811595693809704,1.0856803729727087,0.0007193893121859,0.3059749698750815,0.412792727438997,-0.9926838964527516,0.0484017615524105,0.9791062214745372,0.0171832190507441,-0.0162421201998417,0.0123301763054988,-0.0117216412619262,0.0007724404413274,0.0004028701668268,0.0011459555071761,percentile_bootstrap_subsample_20000,7.958948374567592e-05,0.0014652913989092,0.0003535018794129,0.0291178831367897,0.0152815938541663,0.0430182227912879,0.0418471763607512,0.0533703118803784,False,0.0014650602225323,-0.0007456709103463,0.999999298408362,1.0,False,0.9999999745709124,1.0,False,not_significant,False,False
2,smc_fvg_bearish_formed,-1,67869,496,3782,0.4444886472469021,-0.0023551991500762,-0.0031087455473168,0.0374326781049201,0.3198374310826454,13.635751772878873,0.8274505630659619,-0.0023551991500762,-0.7062557698254814,-0.9932530950471664,-1.0,-0.320371152492819,1.027435382746869,0.0227209109053232,-0.0239657071578961,0.0151410404265373,-0.0179548665304238,-0.0023555486984688,-0.0028829048689268,-0.0018401120445766,percentile_bootstrap_subsample_20000,-0.0046362599594328,-7.483743750481484e-05,0.0011636495675247,-0.0615331582035478,-0.0757193576205288,-0.047888151139646,0.0429725899910857,0.054607767786506,False,-0.0014182709122335,-0.0009369282378426,1.0,1.0,False,1.0,1.0,False,not_significant,False,False
2,ict_bos_bullish,1,80881,496,3895,0.5143358761637468,0.0004833939344687,0.0006359631476946,0.0250569319644676,0.6202200055617588,15.029982740914178,1.060069306439546,0.0004833939344687,0.2165501931591192,0.2999766541423284,-0.9997723580257758,0.0218178763733942,0.988769452607386,0.0160820313085948,-0.0157883912962605,0.0114704372437004,-0.0115427721797852,0.0004623695560716,0.0001063613376353,0.0008124744582567,percentile_bootstrap_subsample_20000,-0.0001526152877037,0.0010773543998471,0.0003137735406239,0.0185673313692307,0.0042777888138589,0.0324939355455871,0.1234185005361712,0.1430126991338019,False,0.001473713294293,-0.0009903193598242,1.0,1.0,False,1.0,1.0,False,not_significant,False,False
2,ict_volume_imbalance_bullish,1,117767,496,3880,0.5160953408000544,0.0004031734041444,0.0007711763321969,0.0270468262469002,0.3474583266540821,19.44594739373489,1.046164768280658,0.0004031734041444,0.1673250013140428,0.2239876068639441,-0.9988435361686444,0.0046942066807895,0.9725808925275228,0.0165175311045078,-0.0166856162019418,0.0118982014739936,-0.0119224092651841,0.0004238604134461,4.052328548747262e-05,0.0008058853516332,percentile_bootstrap_subsample_20000,-0.000370399267709,0.0012181200946013,0.0004052419744215,0.015526091424647,0.0015099195378855,0.0295172321531371,0.3197871068782644,0.3411062473368153,False,0.0014452323277785,-0.0010420589236341,1.0,1.0,False,1.0,1.0,False,not_significant,False,False
2,smc_internal_bos_bullish,1,31993,496,3643,0.5127371612540244,0.000334069478221,0.0005735693550752,0.025186268912243,0.7403650724560519,15.89884465524731,1.0409135588516585,0.000334069478221,0.1488874992048605,0.2085211038723625,-0.996354595168906,0.0024380444638238,0.9779663355902074,0.0161359118432537,-0.0158273395316809,0.0114784409353554,-0.011550175980784,0.0003361479036763,-1.319420331124342e-05,0.0006900149712904,percentile_bootstrap_subsample_20000,-0.0003045157524768,0.0009768115598296,0.0003268752161535,0.0131867875133817,-0.000524205458417,0.0269154979537386,0.3067765460156776,0.3282229306915456,False,0.0014784241149796,-0.0011443546367585,0.9999999999998944,1.0,False,0.9999999999999998,1.0,False,not_significant,False,False
2,smc_swing_ob_bearish_mitigated,1,3857,492,1743,0.515426497277677,-0.0011602074721118,0.0010800936894883,0.0404973556401619,-0.8367756802999105,7.054620338540527,0.9169778773751994,-0.0011602074721118,-0.3215838755095883,-0.3754174586577306,-0.9998256484947032,-0.2236308412884877,0.8510182010851323,0.0254290245147667,-0.0264590660059111,0.0179924609451875,-0.0171593242661497,-0.0011602074721118,-0.0024369108747263,0.0001037774938297,percentile_bootstrap_full,-0.0055614786133045,0.0032410636690807,0.0022455877460977,-0.0286489686492343,-0.0596867821910468,0.0026351205072826,0.6053928683211272,0.6249216705250344,False,0.0014010231094376,-0.0025612305815495,0.9999999793751868,1.0,False,0.9999852760998682,1.0,False,not_significant,False,False
3,smc_swing_choch_bearish,-1,2656,492,1077,0.4619728915662651,-0.000280820283996,-0.0035605519142379,0.0572893228513378,0.7821747278699258,7.89012214379505,0.9852422412473482,-0.000280820283996,-0.0449256560923378,-0.0697317908175849,-0.9960933478913064,-0.1481962817373085,1.1386092078962833,0.0391444628135118,-0.036050395532658,0.0238973346254147,-0.0257825926811412,-0.000280820283996,-0.002451711778731,0.0018806172184422,percentile_bootstrap_full,-0.0093655868269014,0.0088039462589092,0.0046351701066475,-0.0049017909449688,-0.0436499173317199,0.03247351507635,0.9516899770459952,0.9544013445019668,False,-0.002120200793823,0.0018393805098269,0.0033544147057464,0.0337358278977926,True,0.9912919317333572,1.0,True,significant_but_negligible_effect,False,True
3,smc_swing_ob_bearish_formed,-1,3905,493,1410,0.4676056338028169,-0.000950870842937,-0.0027341053684302,0.0546566705848941,0.7328241391178336,7.480903090404642,0.9495345923382096,-0.000950870842937,-0.1594476051049391,-0.2462329292032274,-0.9999406183851676,-0.1846421820510636,1.073296494296859,0.0370379617035642,-0.0353773592640575,0.0236828074507101,-0.0257334200759524,-0.000950870842937,-0.0026419175591777,0.0007459433592282,percentile_bootstrap_full,-0.0079801026287,0.0060783609428259,0.0035864086206496,-0.0173971599945907,-0.0489045679686438,0.0135031706051541,0.7909079587653529,0.8046231256803591,False,-0.0020986383943768,0.0011477675514398,0.022043724960335,0.1737687483026229,False,0.9999215198663614,1.0,False,not_significant,False,False
3,ict_nwog_gap_up,1,147587,496,854,0.5411248958241579,0.002690804315813,0.0024787166453639,0.0354103539455311,0.4115125389021503,11.66949357820956,1.2513301866410242,0.002690804315813,0.696452482598439,0.9743537830783868,-0.8818811133414894,0.214709813144048,1.0530928361610494,0.0236533286982152,-0.021125107630123,0.0168148143264206,-0.0148684024298226,0.0025846675691082,0.0020998727167243,0.003073993004792,percentile_bootstrap_subsample_20000,0.0008118858025464,0.0043574493356699,0.0009044971063559,0.0740002662396747,0.0602132240609062,0.0877126871505683,0.0029306730573655,0.0045848751830784,True,0.002195336410525,0.0004954679052879,6.814540880447586e-09,1.499198993698469e-07,True,0.0031068655018162,0.0994196960581187,True,significant_but_negligible_effect,False,True
3,smc_swing_bos_bullish,1,4581,492,2157,0.5383104125736738,0.002562530536621,0.0019867682293919,0.0278191359990546,1.0093873549886334,11.477502567684205,1.310722823446089,0.002562530536621,0.8442383081272414,1.2961648640070196,-0.4900983822691532,0.4099654434256867,1.1119351770678094,0.0201411648105128,-0.0176640842694735,0.0145771701770298,-0.0131432726651715,0.002562530536621,0.0017491525176984,0.0033702048692536,percentile_bootstrap_full,0.0015815401384151,0.0035435209348269,0.0005005144983305,0.0921139512279651,0.0636454437629154,0.1201551227993596,3.058714918019305e-07,1.0660075753889062e-06,True,0.0022075656062665,0.0003549649303545,0.2379446298188206,1.0,False,0.3220497544623085,1.0,False,not_significant,False,False
3,ict_sweep_sellside_bullish,1,49420,496,3926,0.5498988263860786,0.0024214840244128,0.0031651382332019,0.0362489827524418,-0.2725488135630838,8.51793424419906,1.213094573816576,0.0024214840244128,0.6122452545375687,0.8030825317529464,-0.975289787206214,0.1628644333354952,0.9865544294936762,0.0244722900325971,-0.0225172470386896,0.0185509219787722,-0.0158919999165426,0.0023389900594875,0.0018436985532637,0.0028400903258314,percentile_bootstrap_subsample_20000,0.0009283019198265,0.0037496781991486,0.0007197520667017,0.0645949866497878,0.050669766403301,0.0788723789000047,0.0007672952411933,0.0013710046949242,True,0.0021453300312029,0.0002761539932099,0.0362259960452259,0.2602357266922353,False,0.3858606197271818,1.0,False,not_significant,False,False
3,smc_internal_bos_bearish,-1,16597,495,2943,0.4617701994336325,-0.0018911847263956,-0.0024709283692816,0.043295153000224,0.0449910545914897,7.41586019324853,0.880742008019646,-0.0018911847263956,-0.4003449144437782,-0.5685691581982256,-1.0,-0.212450510948912,1.020024277555112,0.0279420564815285,-0.028329453414895,0.018982385566634,-0.0209699092801138,-0.0018911847263956,-0.0025540823093909,-0.001230425050877,percentile_bootstrap_full,-0.0050075121345917,0.0012251426818003,0.001589992167303,-0.043681211298315,-0.0590010760780314,-0.0283874597223085,0.2342704165943612,0.2553039834093348,False,-0.0021526713071932,0.0002614865807976,0.1707064239940501,0.8968456902373979,False,1.0,1.0,False,not_significant,False,False
3,smc_internal_ob_bearish_mitigated,1,42382,496,4046,0.5419281770562975,0.0024149745141707,0.0027985849410234,0.0369122137930156,0.0708747496352389,9.15133816090037,1.2093032356471067,0.0024149745141707,0.5996282734291468,0.8147988181789414,-0.8408522719308498,0.1860036391646328,1.014123546751956,0.0251890209732149,-0.0231543613838227,0.0187247823474652,-0.0164850999230078,0.0020891963861687,0.0015774390852817,0.0025891158281627,percentile_bootstrap_subsample_20000,0.0008060716704587,0.0033723211018788,0.0006546674917039,0.0568512489209321,0.0429039954084441,0.070552212761322,0.0002252641103014,0.0004479828634242,True,0.0021613436696659,0.0002536308445048,0.0657139526443119,0.4205692969235962,False,0.4074705762456728,1.0,False,not_significant,False,False
3,smc_swing_ob_bullish_mitigated,-1,6787,494,2705,0.457492264623545,-0.0020786949260579,-0.0021547695917862,0.0355473735784449,-0.4248689314409379,10.809839282306845,0.8407249586518338,-0.0020786949260579,-0.5359482789556785,-0.711277335140256,-0.999999992316262,-0.2047974392846626,0.990728703287298,0.0232087416625738,-0.024267530154075,0.0158253427348321,-0.0171402487936669,-0.0020786949260579,-0.0029478356874834,-0.0012376201111348,percentile_bootstrap_full,-0.0037478967502368,-0.0004094931018789,0.0008516492263015,-0.0584767513546596,-0.0825879456494682,-0.0349435682457733,0.0146552688183648,0.0200725860858538,True,-0.0021587746891505,8.007976309258808e-05,0.4233950620498128,1.0,False,1.0,1.0,False,not_significant,False,False
3,ict_sweep_buyside_bearish,-1,65576,496,4009,0.4558680004879834,-0.0022158119555857,-0.0025161715502574,0.0333079693632967,-0.2925944283540264,7.913211553819053,0.8259784147303639,-0.0022158119555857,-0.6097115018635302,-0.8339465383047214,-1.0,-0.2084527298921971,0.980348569380078,0.021222975245922,-0.0229604113547055,0.0149702493840843,-0.01716420908744,-0.0025176024886979,-0.0029761758314396,-0.0020650158803634,percentile_bootstrap_subsample_20000,-0.0035531906535843,-0.0014820143238116,0.0005283710133892,-0.0756154068055901,-0.0892916024007403,-0.0621703710682011,2.744811245731695e-05,6.398500387401037e-05,True,-0.0021576069898458,-5.820496573998805e-05,0.6709294076644652,1.0,False,1.0,1.0,False,not_significant,False,False
3,ict_nwog_gap_down,-1,131146,496,853,0.4603495341070258,-0.0022511147593572,-0.0022392687010077,0.0373480002125241,-0.522725248293924,12.772671548738368,0.8349530140679673,-0.0022511147593572,-0.5524206770957266,-0.7197239288770805,-1.0,-0.2209775947004148,0.9724776156596038,0.0223025578041894,-0.0250390609519435,0.0154519750495311,-0.0180285880545522,-0.0024448496162312,-0.0029659477060099,-0.0019197998020245,percentile_bootstrap_subsample_20000,-0.0046713271166315,-0.0002183721158309,0.0011359787732837,-0.0659407184744079,-0.0798232564421129,-0.0517283615951461,0.0475181880090976,0.0593134829049728,False,-0.0021695884793881,-8.152627996913615e-05,0.8107926787853913,1.0,False,1.0,1.0,False,not_significant,False,False
3,smc_internal_ob_bullish_mitigated,-1,54122,496,4036,0.4574295111045416,-0.0022659233556406,-0.0024826246943426,0.0388717688098554,-0.2178332597233536,12.40916575372781,0.838641297587858,-0.0022659233556406,-0.5342574116955942,-0.7086767379442475,-1.0,-0.2254645176440726,0.9878264280389192,0.0240859461566556,-0.0253514229382045,0.0164092714491617,-0.0181817176968377,-0.0020263045786984,-0.0025671923833013,-0.0014781050348693,percentile_bootstrap_subsample_20000,-0.0034828594651834,-0.0005697496922135,0.000743153897972,-0.0521073448854675,-0.0661543878745473,-0.0378698975395798,0.0022955602611567,0.0036728964178508,True,-0.0021762622267538,-8.96611288868001e-05,0.7294697914097814,1.0,False,1.0,1.0,False,not_significant,False,False
3,ict_mss_bearish,-1,36610,496,3547,0.4553400710188473,-0.0022629094176761,-0.0026215920593007,0.0351294915866056,-0.0641890318545628,5.500431802537536,0.8339088588693346,-0.0022629094176761,-0.5903845019654872,-0.8407266679557351,-1.0,-0.2155176540697635,0.99028552910482,0.0236266086687932,-0.0243511379790881,0.0166178840803339,-0.0186911786120345,-0.0023038813651023,-0.0027989439880398,-0.0018166712780751,percentile_bootstrap_subsample_20000,-0.0039127851156599,-0.0006949776145447,0.000820884337956,-0.0654517355247523,-0.0794717536873454,-0.0518606233976514,0.0058392773770992,0.0086001072666901,True,-0.0021706773743953,-9.223204328084052e-05,0.6959570857850294,1.0,False,1.0,1.0,False,not_significant,False,False
3,ict_ob_bearish_formed,-1,22483,496,3174,0.458880042698928,-0.0023428080095705,-0.0026420331855776,0.0400631702574369,0.0860830708347425,5.58322355895395,0.8470785560558683,-0.0023428080095705,-0.5359583364780297,-0.767063732724062,-1.0,-0.2328508272445747,0.9923225189969204,0.0268867683262459,-0.0272915067644277,0.0184827922952586,-0.0206492480743092,-0.002332273248132,-0.0028943685789995,-0.0017812194047677,percentile_bootstrap_subsample_20000,-0.0047061303038944,4.158380763048721e-05,0.0012111738051119,-0.058214806246578,-0.0723189307916936,-0.0444010180605955,0.0530727512833065,0.0650584826625257,False,-0.0021464777547989,-0.0001963302547716,0.8009222116510785,1.0,False,1.0,1.0,False,not_significant,False,False
3,smc_swing_ob_bullish_formed,1,7290,494,2627,0.5286694101508916,0.0019789521721013,0.0014750283886355,0.0297247052530512,0.6707109672103442,11.3643895104546,1.2184973007125266,0.0019789521721013,0.610179179113699,0.8985349102793123,-0.7154183223224331,0.193052074910862,1.076223355377644,0.0210425595308234,-0.0188871749805442,0.015168495442501,-0.0140059792611182,0.0019789521721013,0.0012995079264956,0.0026692843638229,percentile_bootstrap_full,0.0009722484073769,0.0029856559368257,0.0005136338038475,0.0665760065660605,0.0440127056276767,0.0891998644465791,0.0001167526166631,0.0002389355875897,True,0.0021765162575789,-0.0001975640854776,0.689210070228688,1.0,False,0.8640378280629709,1.0,False,not_significant,False,False
3,ict_liquidity_buyside_pool_formed,1,59053,496,3928,0.5422755829509085,0.0018832624257834,0.0024065212146324,0.0327263380746167,0.1674869237133482,9.561950570415297,1.1810422729336107,0.0018832624257834,0.5274157224643694,0.7204083346453348,-0.8727894356617538,0.1372085925058953,0.9890394601773924,0.0221240191705852,-0.0208614406964127,0.01668634888135,-0.0147876197064705,0.0018672111590346,0.0014215964884473,0.0023063956351128,percentile_bootstrap_subsample_20000,0.0007590042893382,0.0029754180287311,0.0005654220535155,0.0572448725381035,0.0435754944474774,0.0709409829234271,0.0008662174876012,0.0015245427781781,True,0.0020935347231827,-0.0002102722973993,0.9376066161929756,1.0,False,0.999261122723382,1.0,False,not_significant,False,False
3,ict_liquidity_sellside_swept,-1,32963,495,3725,0.4562084761702515,-0.0023490642217141,-0.0028148902369935,0.0407684798322417,0.1845966808445301,9.361201963414644,0.8445895957943538,-0.0023490642217141,-0.5280925191527088,-0.7453494332865329,-1.0,-0.2351609535255408,1.0013986230225649,0.0253398232396992,-0.0267866024254788,0.0172638051526345,-0.0197975780504762,-0.0024487041470074,-0.0030262999693611,-0.0018740539084257,percentile_bootstrap_subsample_20000,-0.0046056422155367,-0.0002917660784781,0.0011004988196361,-0.0597968450192168,-0.074047981380356,-0.0456620718173222,0.032798196469912,0.0427591302126261,True,-0.0021014882145073,-0.0002475760072067,0.904587058169398,1.0,False,1.0,1.0,False,not_significant,False,False
3,smc_internal_ob_bearish_formed,-1,42968,496,3656,0.4566188791658909,-0.0024792448898239,-0.0027148678834379,0.0391259943269101,-0.064000689876313,7.549602993119862,0.8334339452329723,-0.0024792448898239,-0.580755968986912,-0.8121775767277937,-1.0,-0.2395418838971963,0.9854230714329506,0.0254990756295227,-0.02649092536185,0.0175817689583109,-0.0198671036603396,-0.0022684802229626,-0.002802402982232,-0.0017293742869257,percentile_bootstrap_subsample_20000,-0.0043332040883466,-0.0002037563575787,0.0010534498926429,-0.0586942172474216,-0.0725190801867082,-0.0446910350764656,0.0185999553006711,0.024894236752229,True,-0.0021593574537032,-0.0003198874361206,0.9722621005930416,1.0,False,1.0,1.0,False,not_significant,False,False
3,smc_swing_bos_bearish,-1,1249,445,668,0.4795836669335468,-0.0023757341612294,-0.0013453718329141,0.0485775713460067,0.5026176510166499,4.675484746425501,0.871200281389796,-0.0023757341612294,-0.4482307914235093,-0.6838871123301773,-0.9877645278183586,-0.2612821584729503,0.9395582333519336,0.0325584845634353,-0.0339461468305885,0.0230592157126188,-0.0257209937550846,-0.0023757341612294,-0.0050476105377911,0.0003192872284655,percentile_bootstrap_full,-0.0068762488425204,0.0021247805200616,0.0022962231353693,-0.0489059888216236,-0.1055545860547269,0.0066155675388759,0.3008431992258502,0.3228561162423758,False,-0.002052785926059,-0.0003229482351703,0.6210108333911742,1.0,False,0.9997078324519468,1.0,False,not_significant,False,False
3,ict_bpr_bullish,1,26875,496,3295,0.5361116279069768,0.0018530899785708,0.0021743719608222,0.0347934819535941,0.2594930042953554,10.269406979050183,1.1685204904752031,0.0018530899785708,0.4881330996243003,0.6769179735928538,-0.9202490024182156,0.1200260442814239,1.0040452298780551,0.02359218264243,-0.0216964078914498,0.0172631176377802,-0.0155859467034233,0.0018674165084705,0.0013928268450663,0.0023497771779662,percentile_bootstrap_subsample_20000,0.0004517862894072,0.0032830467275337,0.000722273582098,0.0541818075670452,0.0404796681137385,0.0680508683613947,0.0102987302183631,0.0145023569556649,True,0.0022100221787527,-0.0003569322001818,0.9527211402685054,1.0,False,0.9893564750105506,1.0,False,not_significant,False,False
3,ict_ob_bearish_mitigated,1,20154,496,3511,0.5308127418874665,0.0017040573208479,0.0017745098544331,0.0325586169523134,0.4295201415433027,10.66499390091514,1.167399098097228,0.0017040573208479,0.4796869395752627,0.6746125104154885,-0.8578315159892986,0.1210003349251051,1.0225927227770728,0.0221989932928888,-0.020676042935558,0.0160344590193564,-0.0150544066389948,0.0017008908948944,0.0012469709128392,0.0021427414723373,percentile_bootstrap_subsample_20000,0.0007311134865104,0.0026706683032785,0.0004947934800762,0.0522975999397299,0.0383420000359021,0.0658861398910639,0.0005732246529024,0.0010476201366001,True,0.0021635633743648,-0.0004595060535169,0.9696894410244464,1.0,False,0.9971685268906892,1.0,False,not_significant,False,False
3,ict_liquidity_buyside_swept,1,44356,496,3859,0.5370637568761836,0.0016261463126192,0.0020824194837213,0.0315454867634264,0.4451995106007729,14.619351395468016,1.1614876392517717,0.0016261463126192,0.4724567177889108,0.6540226611691285,-0.9650282875135592,0.1031661609205467,0.9933249800384664,0.021422916915418,-0.0201262530822482,0.0159517166674598,-0.0143926867201094,0.0016485732751046,0.0012080890172476,0.0020826660973016,percentile_bootstrap_subsample_20000,0.0007229854201288,0.0025741611300805,0.0004722473754496,0.0518292277010946,0.0380280446638943,0.065227366967323,0.0005744053589881,0.0010476201366001,True,0.0021000584089626,-0.0004739120963433,0.998640581888421,1.0,False,0.9999960223966,1.0,False,not_significant,False,False
3,ict_bos_bearish,-1,42583,496,3605,0.4529976751285724,-0.0026706137894401,-0.0030736998258569,0.0440022678316627,0.1359242987074729,13.683944796821804,0.8322469970185157,-0.0026706137894401,-0.5562572315100646,-0.7635397457272141,-1.0,-0.2647152355500534,0.9980060930550702,0.0267963951244619,-0.0285007011404866,0.0177572477373491,-0.0208712302549776,-0.0025484893396043,-0.0031501942112435,-0.0019468037901249,percentile_bootstrap_subsample_20000,-0.0051703779128634,7.339923365473231e-05,0.0013377228220819,-0.0583448082738444,-0.072182989985527,-0.0444924718744254,0.0458917059663848,0.0576924303577409,False,-0.0021570173721423,-0.0005135964172977,0.998753089411532,1.0,False,1.0,1.0,False,not_significant,False,False
3,smc_internal_choch_bullish,1,26459,496,3580,0.5370195396651423,0.0016135195613461,0.0022607227740585,0.0339190297295478,0.285290603021151,14.288131233137218,1.1505950593082994,0.0016135195613461,0.43598390544287,0.5867376241361849,-0.8610631044922215,0.1057315204308696,0.9828927320630684,0.0229685925821983,-0.0211424406967834,0.0167158382515859,-0.0149410136835135,0.0015096559528416,0.0010464587490901,0.0019825622085499,percentile_bootstrap_subsample_20000,0.0004127988571857,0.0026065130484976,0.0005596312461126,0.0445814100850565,0.0308918383935962,0.0584526182987421,0.0039367806708904,0.0060249860702323,True,0.002162591299561,-0.0005490717382149,0.9952609550627998,1.0,False,0.9996916965516062,1.0,False,not_significant,False,False
3,smc_equal_lows,1,9360,495,2629,0.5357905982905983,0.0015361735605263,0.0020518507314088,0.0330188765627794,0.4699429301735722,15.530027735522925,1.1473759170742783,0.0015361735605263,0.4264004323900873,0.5889678989467574,-0.8523206526328209,0.101959916089654,0.9872237451995036,0.021916943538677,-0.019842723429278,0.0160227807002887,-0.0138584953987814,0.0015361735605263,0.0008757162661622,0.002220984041879,percentile_bootstrap_full,0.0002765733505588,0.0027957737704939,0.0006426649724013,0.0465241013759398,0.0266041161375319,0.0669895696730764,0.0168337966732217,0.0227903708806693,True,0.002141222052127,-0.0006050484916006,0.9537003551594369,1.0,False,0.9915385388315738,1.0,False,not_significant,False,False
3,smc_internal_choch_bearish,-1,26371,496,3356,0.4533768154412043,-0.0028493497221176,-0.0028657685828334,0.0362530656537858,-0.1923763383125547,6.976854911269603,0.8003508324090127,-0.0028493497221176,-0.7203451927460406,-0.9959210458057288,-1.0,-0.256112374239035,0.958734076761616,0.0239615475418226,-0.0253338190671934,0.0168343962951907,-0.0192263616699241,-0.0029215862398942,-0.003431371914008,-0.0024168749644072,percentile_bootstrap_subsample_20000,-0.0047022016943771,-0.0011409707854112,0.0009084939593191,-0.0801956539676324,-0.0941641758604986,-0.0663936072797887,0.0017106832667371,0.0028674309994831,True,-0.002163565484253,-0.0006857842378646,0.9993898502151938,1.0,False,1.0,1.0,False,not_significant,False,False
3,ict_displacement_bearish,-1,190757,496,4076,0.4500490152392835,-0.0029350165244096,-0.0029069680516227,0.0372008509772209,-0.1823698335008267,13.878233524463806,0.792402370927331,-0.0029350165244096,-0.7230982644611686,-0.9755412140843542,-1.0,-0.2646429674049922,0.96242044515542,0.0229292514126995,-0.0250923800679754,0.0157495310528115,-0.0184475046675156,-0.002860367039992,-0.0033777160035259,-0.0023521216932714,percentile_bootstrap_subsample_20000,-0.0041847460976403,-0.0015359879823437,0.0006757160119513,-0.0777218994021697,-0.0918163551530074,-0.0639117031400216,1.4018887407652102e-05,3.475104484150381e-05,True,-0.0021757479879133,-0.0007592685364963,1.0,1.0,False,1.0,1.0,False,not_significant,False,False
3,ict_displacement_bullish,1,212891,496,4052,0.5323052641962319,0.0014358472540512,0.0018558501157439,0.0334442556196326,0.2549292564370778,12.4241156120061,1.1351561542889474,0.0014358472540512,0.3934833415291738,0.5312452461797275,-0.9936191683329751,0.0768415942723446,0.9896893234374512,0.0223343797444052,-0.0211673286386811,0.0162645285144709,-0.0150122200562591,0.0011807669036047,0.0007206969106378,0.0016396873944633,percentile_bootstrap_subsample_20000,0.000210369442563,0.0021511643646463,0.0004951098392836,0.0360961252016542,0.0219777115345815,0.0500897470965581,0.0037309360747252,0.0057348886388789,True,0.0022019564402869,-0.0007661091862357,1.0,1.0,False,1.0,1.0,False,not_significant,False,False
3,smc_equal_highs,-1,10504,495,2909,0.4538271134805788,-0.0029000809184315,-0.0025337134476423,0.0325876022734134,-0.7852567068126042,14.073945077015065,0.7700779947443136,-0.0029000809184315,-0.8156378133442543,-1.0570618605508768,-0.9999999999999998,-0.2518402798558777,0.9220904539543826,0.0196519322600025,-0.0223353654364662,0.0139820990823695,-0.0163496544509459,-0.0029000809184315,-0.0035226797167086,-0.0022731614008875,percentile_bootstrap_full,-0.0040523052768679,-0.0017478565599951,0.0005878803684334,-0.0889933814123406,-0.1077810168859241,-0.0699171377421363,8.092885837950478e-07,2.6376813101468225e-06,True,-0.0021266855983895,-0.000773395320042,0.9897096974353792,1.0,False,1.0,1.0,False,not_significant,False,False
3,ict_fvg_bullish_formed,1,112379,496,3904,0.5301079383158775,0.0012596339049436,0.001661318614329,0.0326054165964838,0.40299189111946,13.225678219659144,1.120956261602652,0.0012596339049436,0.3540741582157503,0.4876647086626371,-0.9794422778518432,0.0644794704809493,0.9862864621248654,0.021934428580171,-0.0208089032049462,0.015929778267081,-0.0149051625690658,0.0013388467155718,0.0008893571017133,0.0017952636656638,percentile_bootstrap_subsample_20000,0.0003765594807696,0.002301133950374,0.0004909718927501,0.0413435769164647,0.0274855105548637,0.0554393361468474,0.0102999694287393,0.0145023569556649,True,0.0022191417714166,-0.000959507866473,1.0,1.0,False,1.0,1.0,False,not_significant,False,False
3,ict_mss_bullish,1,36582,496,3754,0.5330490405117271,0.0011872353233568,0.0019316552840198,0.0334823223739182,0.1159810293285203,10.40573682627743,1.108181585198621,0.0011872353233568,0.3249831762713266,0.4392592652937839,-0.9293318698090332,0.0579874064586341,0.9616174668279932,0.0224808452507451,-0.0213363175425998,0.0165465050751312,-0.0151561415355491,0.0010352383682512,0.0005785909550983,0.0014856820378412,percentile_bootstrap_subsample_20000,-0.0001294701431124,0.0021999468796148,0.000594249951205,0.0314684412760443,0.0175535145677523,0.045306491072632,0.0457305417199122,0.0576924303577409,False,0.002172603336562,-0.0009853680132051,0.9999999780469236,1.0,False,0.999999999778042,1.0,False,not_significant,False,False
3,ict_liquidity_sellside_pool_formed,-1,51765,495,3819,0.4452042886119965,-0.0031176359393353,-0.0034080949297756,0.0372301273630309,0.2753478994758958,8.922953282628587,0.7837379662758631,-0.0031176359393353,-0.7674861029621642,-1.102176045143096,-1.0,-0.2745551829073946,0.9717316952341628,0.0225300110992484,-0.0251910695222385,0.0156367825030012,-0.0190078263616246,-0.0029325778319779,-0.0034330984253963,-0.0024191176285786,percentile_bootstrap_subsample_20000,-0.0046757607414824,-0.0011893949224734,0.0008893953712948,-0.0797932618915915,-0.0936141706931475,-0.0654991629143609,0.0004560191759314,0.0008523336993981,True,-0.0021062499883865,-0.0010113859509487,0.9999999999939586,1.0,False,1.0,1.0,False,not_significant,False,False
3,smc_fvg_bullish_formed,1,68195,496,3888,0.5200527897939732,0.0011306624196956,0.0013095979002906,0.0377734269965505,0.4312679815578856,10.955328853248703,1.0926991472589955,0.0011306624196956,0.2743381543946381,0.3844812622255512,-0.9998947608156512,0.0358451010413341,1.0014996695799705,0.0255405592433555,-0.0240932155857599,0.018225625075753,-0.0173334694046241,0.0009886736709723,0.0004618434773316,0.001521657428469,percentile_bootstrap_subsample_20000,-0.0004603840521721,0.0024377313941168,0.0007393287443771,0.0261152070407942,0.0122585037519691,0.0401085364651627,0.1261877533057519,0.1451571541294924,False,0.0021767328550643,-0.0010460704353687,0.9999999999999994,1.0,False,0.9999999999999902,1.0,False,not_significant,False,False
3,smc_internal_ob_bullish_formed,1,58450,496,3902,0.5258340461933276,0.0011252960497514,0.0014584847332398,0.0322816799628365,0.6132500756154021,15.398302162455348,1.1095123999889205,0.0011252960497514,0.3194848801646825,0.4432271264064694,-0.970377191772355,0.0539256045845599,0.9909983538147336,0.0214983599253874,-0.0204124987027915,0.0154740899340309,-0.0145349312881135,0.0008647900578763,0.0004147298257284,0.0013050874711835,percentile_bootstrap_subsample_20000,1.311646127031467e-05,0.0017164636544823,0.0004345353264682,0.0267869287348949,0.0128403730771272,0.0402922516752211,0.00960725024164,0.0136913039880862,True,0.0021916027527825,-0.0010663067030311,0.9999999999999816,1.0,False,1.0,1.0,False,not_significant,False,False
3,smc_swing_choch_bullish,1,2709,492,1489,0.5123661867847914,0.0009921037085115,0.0007474171122214,0.0326770535229357,0.3307872088393087,10.5902146161264,1.0951474797709089,0.0009921037085115,0.2782619515134413,0.3962468487556627,-0.8491547853482517,0.0462611656782128,1.0351826321753836,0.0225668449548701,-0.0209554579437833,0.0161185301901962,-0.015639341306742,0.0009921037085115,-0.0002540928913612,0.0022336024373418,percentile_bootstrap_full,-0.0008002204125242,0.0027844278295473,0.0009144678785099,0.0303608679961065,-0.0078967707586651,0.0678059422878225,0.2779671555076608,0.3001363151493761,False,0.0021240108805624,-0.0011319071720509,0.9536733378166052,1.0,False,0.9853180590273888,1.0,False,not_significant,False,False
3,ict_ob_bullish_formed,1,32591,496,3711,0.5298702095670584,0.0010433001468919,0.0016595586881267,0.0322888980210207,0.4437368037491062,15.38242082559777,1.1011439200470108,0.0010433001468919,0.2961390563764892,0.4000265175706535,-0.987780711990864,0.0454735489234747,0.967494162885708,0.0214602796397541,-0.0203372080614623,0.0155328325194741,-0.0143589517794376,0.0011927629386489,0.0007420191704204,0.0016471742278554,percentile_bootstrap_subsample_20000,0.0002215047396434,0.0021640211376544,0.0004955489993721,0.03660213471345,0.0228556758279986,0.0503577160779615,0.0352615441377389,0.0456325865311916,True,0.0021956403182422,-0.0011523401713503,0.9999999993785348,1.0,False,0.999999999996771,1.0,False,not_significant,False,False
3,ict_volume_imbalance_bullish,1,117712,496,3879,0.5251036427891804,0.0008510922828041,0.0014191749305244,0.0331254257817167,0.1242179809241571,14.63142255410689,1.0800249698957092,0.0008510922828041,0.2354804333712516,0.313613563955382,-0.9920730847025088,0.0256506221275503,0.9697352543114004,0.0210047103363503,-0.0209626926596518,0.0150818983812662,-0.0147479425726049,0.000956867282115,0.0005005121684879,0.0014141446480398,percentile_bootstrap_subsample_20000,-6.109688179049822e-05,0.0019748314460206,0.0005193790109948,0.0289811999388579,0.0151847782889234,0.0426031223109888,0.1012814118708085,0.1196344193910221,False,0.0021661548291067,-0.0013150625463025,1.0,1.0,False,1.0,1.0,False,not_significant,False,False
3,ict_bos_bullish,1,80874,496,3894,0.5188193980760195,0.0008570514876382,0.0010188511801864,0.0308795202136719,0.6774336004940542,13.880455983224262,1.0869834820849358,0.0008570514876382,0.2543759287320728,0.355318614182934,-0.9921462680628812,0.0330325068080912,0.9978414586369444,0.0202047912971357,-0.01980474825009,0.0144728631807337,-0.0141098826565299,0.0012459257401397,0.0008136408432109,0.001683642069488,percentile_bootstrap_subsample_20000,0.0003717839711546,0.0021200675091248,0.0004459988902781,0.0398840916555792,0.0262360048263902,0.053660432761627,0.0546504562824654,0.0665638775481932,False,0.0022084354730619,-0.0013513839854236,1.0,1.0,False,1.0,1.0,False,not_significant,False,False
3,ict_volume_imbalance_bearish,-1,84860,496,3776,0.4447207164741928,-0.0035956257779819,-0.003278998168371,0.0377761919577077,-0.3838828815961385,12.688496017541002,0.7546201160618868,-0.0035956257779819,-0.8723604177352565,-1.1450297104290164,-1.0,-0.3053182423270517,0.9371014531185332,0.0229063691392365,-0.026025253298697,0.0158231122731999,-0.0190786589449764,-0.0034279673001858,-0.0039563848016676,-0.0028993257885893,percentile_bootstrap_subsample_20000,-0.0051330901791438,-0.0017228444212278,0.0008699766316922,-0.0907717082576664,-0.1046435983478855,-0.0767888766464265,3.5803658678181445e-05,8.183693412155759e-05,True,-0.0021625905181989,-0.0014330352597829,1.0,1.0,False,1.0,1.0,False,not_significant,False,False
3,smc_internal_bos_bullish,1,31991,496,3642,0.5165827889093808,0.0007214979223629,0.0009097978041086,0.0308566027638863,0.9614410855379494,16.42382637258334,1.0727858831991952,0.0007214979223629,0.2143021944626618,0.3069677882021307,-0.9853174500991242,0.0216674636838027,0.9941088596945704,0.0202823652435531,-0.0198087809315736,0.014537200975514,-0.0142248468993944,0.0006008713507688,0.0001711322108115,0.0010373958002423,percentile_bootstrap_subsample_20000,-0.0002502196887966,0.0014519623903344,0.0004342380980291,0.0194026711245968,0.0055205965531591,0.0333724970924908,0.09660783663007,0.1144981767467496,False,0.002215597440063,-0.0014940995177,0.9999999999999972,1.0,False,1.0,1.0,False,not_significant,False,False
3,ict_fvg_bearish_formed,-1,90913,496,3874,0.4424119762850197,-0.003724136903772,-0.0034725853700967,0.039327672039395,-0.0672020729882486,12.9624312190716,0.7531008520120746,-0.003724136903772,-0.8678947100056421,-1.1586927000663292,-1.0,-0.3160451267190175,0.943917857627426,0.0238561387034795,-0.0263842672629726,0.0163489547629318,-0.0195738079223042,-0.0037763755672978,-0.0043272697227076,-0.0032299684739274,percentile_bootstrap_subsample_20000,-0.005578622528717,-0.0019741286058786,0.0009195306451645,-0.0957712058356732,-0.1100386903022649,-0.0817763768874283,5.120863865950094e-05,0.0001140850684059,True,-0.0021743998805184,-0.0015497370232536,1.0,1.0,False,1.0,1.0,False,not_significant,False,False
3,ict_ob_bullish_mitigated,-1,20568,496,3029,0.4491443018280824,-0.0037812114037037,-0.0038168341277725,0.0538400271633689,-0.1605007355502466,10.800396805453191,0.8052497283901211,-0.0037812114037037,-0.643673058467246,-0.8473562238837232,-1.0,-0.3589022411927138,0.9824604555840069,0.0331806156009215,-0.0351082477997429,0.0208186648710757,-0.0240704729070874,-0.0037629286353331,-0.0044874013043872,-0.0030232093743677,percentile_bootstrap_subsample_20000,-0.0090980839878939,0.0015722267172277,0.0027220680341888,-0.0699399971299597,-0.0834789525662514,-0.0561329535818857,0.1648038296154056,0.184748242116633,False,-0.0021315769013624,-0.0016496345023412,0.9999999999947612,1.0,False,1.0,1.0,False,not_significant,False,False
3,ict_bpr_bearish,-1,26231,496,3245,0.4455415348252068,-0.0039225665500676,-0.0032472504900831,0.0361499280020098,-0.3704227704202635,8.177555122359653,0.7311254454720747,-0.0039225665500676,-0.9944948235131909,-1.314921764226382,-1.0,-0.3204971656873668,0.9048514112525105,0.0228121623657396,-0.0255491223379277,0.016225859580953,-0.0192456953944872,-0.003707498853935,-0.0042044367916472,-0.003210020022756,percentile_bootstrap_subsample_20000,-0.0054522739193027,-0.0019627237885672,0.0008902077106353,-0.1029941026401845,-0.1166816652240587,-0.0892106759298448,1.0512715518946027e-05,2.6622128508410083e-05,True,-0.0021877472343832,-0.0017348193156843,0.9999999999999996,1.0,False,1.0,1.0,False,not_significant,False,False
3,smc_swing_ob_bearish_mitigated,1,3855,492,1742,0.5302204928664073,0.000302279128866,0.0022069330889367,0.049844356912216,-1.0802796675082065,10.006759923667095,1.0185157695934246,0.000302279128866,0.0555816977024579,0.0648224055968683,-0.9959318184473454,-0.0816508155551792,0.8964333999503772,0.0312765156359179,-0.033233758277757,0.0225474469598407,-0.0207339497571041,0.000302279128866,-0.0012964529855801,0.0018799274748538,percentile_bootstrap_full,-0.004463753927053,0.0050683121847851,0.0024316941820967,0.0060644604041825,-0.0257135617289604,0.038663611227426,0.9010713845416608,0.9098457037342748,False,0.0020999926072187,-0.0017977134783526,0.9991395316005875,1.0,False,0.9948198083962844,1.0,False,not_significant,False,False
3,smc_fvg_bearish_formed,-1,67848,496,3781,0.4321424360334866,-0.004938087279655,-0.0047995501033352,0.046727553118806,0.0736467836257147,14.919136977658567,0.7238697498519033,-0.004938087279655,-0.9685574029430865,-1.2998573056603664,-1.0,-0.3997279844482167,0.9467337413905506,0.0277652116361635,-0.0306297391214706,0.018420992320037,-0.0223759868346156,-0.0047666335215797,-0.0053946405500717,-0.0041160990292208,percentile_bootstrap_subsample_20000,-0.0077271627907632,-0.0018061042523962,0.001510501860842,-0.1038350125327269,-0.1180407941080196,-0.0895016528791267,0.0010786349714805,0.001861174068437,True,-0.0021252741215793,-0.0028128131580757,1.0,1.0,False,1.0,1.0,False,not_significant,False,False
5,smc_swing_choch_bearish,-1,2655,492,1076,0.4591337099811676,0.0004247336123897,-0.003692949357354,0.0737387093342494,1.07746250734839,7.268398243393783,1.017958818449923,0.0004247336123897,0.0408918131626952,0.0669837568238659,-0.9985494116734344,-0.1058272833100471,1.1916548268482694,0.0499209673633702,-0.0455522581642132,0.0294320741188551,-0.0343654116692015,0.0004247336123897,-0.0023711515690097,0.0032582734888285,percentile_bootstrap_full,-0.0156724020344596,0.0165218692592391,0.0082129751601812,0.0057599816463359,-0.0332319721796539,0.0434818642162784,0.9587558235773797,0.9587558235773797,False,-0.0035073568536723,0.0039320904660621,2.792964375725461e-06,4.915617301276812e-05,True,0.9915793323696148,1.0,True,significant_but_negligible_effect,False,True
5,smc_swing_ob_bearish_formed,-1,3903,493,1408,0.449910325390725,-0.0016755138146311,-0.0054181860981337,0.0695096090818615,0.925759106199341,6.996815339745236,0.9302797333387104,-0.0016755138146311,-0.1711269599005192,-0.2744420552403981,-0.9999999172675677,-0.18463501102493,1.1315931152684997,0.0470123903379855,-0.0453050205077815,0.0295209342674001,-0.0342513236012311,-0.0016755138146311,-0.0038742102828221,0.0004884680245866,percentile_bootstrap_full,-0.0136447104371912,0.0102936828079288,0.0061068451372372,-0.02410477970978,-0.0565035812102699,0.0068676511260512,0.7838029735690013,0.7997062223080825,False,-0.0034718294586121,0.0017963156439809,0.0068075067245049,0.0630590096585724,False,0.9999996197731066,1.0,False,not_significant,False,False
5,smc_internal_ob_bearish_mitigated,1,42367,496,4044,0.5497439044539382,0.0039127419489401,0.0041626869754165,0.0471973948330201,0.0085871164898914,9.494379193707772,1.27012762287688,0.0039127419489401,0.5885433369152623,0.7948893348842361,-0.9317029370672838,0.1617773769502157,1.034708750867971,0.0333130724348751,-0.0300314479863826,0.0249477866210434,-0.0212070432010358,0.0036209238499949,0.0029599474635703,0.0042658827038792,percentile_bootstrap_subsample_20000,0.001576217602256,0.0056656300977338,0.0010432366348253,0.0767864929666308,0.0626468952864759,0.0906184555562926,0.0001764263471636,0.0003569084724231,True,0.0035765411709762,0.0003362007779638,0.0585931157553092,0.3819403101086825,False,0.4068956865639545,1.0,False,not_significant,False,False
5,ict_liquidity_buyside_pool_formed,1,59002,496,3926,0.5535236093691739,0.0035785147026298,0.0042222226428894,0.0412388373542511,0.2950559581579934,10.425325506116057,1.2769600028144272,0.0035785147026298,0.6160438997023543,0.8771506662065846,-0.8983370839836082,0.1639912647338427,1.024453566665875,0.029783948373471,-0.0271412623349062,0.0225386031698061,-0.0193568319641943,0.0037769351874283,0.0032214476625713,0.0043498948747983,percentile_bootstrap_subsample_20000,0.0023162005320035,0.005237669842853,0.0007452864723151,0.0919670849471055,0.0784175055372719,0.1059922005529601,1.5745860236177934e-06,4.948698931370208e-06,True,0.0034634115327512,0.0001151031698786,0.2550410829925084,1.0,False,0.9233124873918964,1.0,False,not_significant,False,False
5,ict_sweep_sellside_bullish,1,49402,496,3924,0.5535201004007935,0.0036509398333561,0.0044991670635234,0.0465185294642201,-0.0461059660104459,7.095664329446468,1.2513356674859055,0.0036509398333561,0.5571780084934441,0.7577572079257361,-0.9763519362678846,0.1408425890667448,1.00413452373901,0.0326039145602537,-0.029595047648264,0.0247709935637902,-0.0207347478734116,0.0033042051285018,0.0026695501392244,0.0039561170344363,percentile_bootstrap_subsample_20000,0.0011311112321979,0.0054772990248056,0.0011087417403094,0.0715575373317783,0.0576692508216353,0.0859058685960796,0.0009917113778474,0.0017196177586319,True,0.0035495082085802,0.0001014316247759,0.3025330777811083,1.0,False,0.8131927540397206,1.0,False,not_significant,False,False
5,ict_nwog_gap_up,1,147428,496,853,0.5513064004124048,0.0036664131046308,0.0039321243737932,0.0456327169938571,0.1572809022660478,10.044980837472549,1.2659773333351692,0.0036664131046308,0.5704010773073521,0.7755635413117924,-0.9370427027901812,0.150437623014487,1.0246444658594056,0.0313264502019173,-0.0279592373515905,0.0226506147573922,-0.0191813388227135,0.0040068673553021,0.0033623890991388,0.0046390674034634,percentile_bootstrap_subsample_20000,0.0015717094611846,0.0064420252494196,0.0012424503175147,0.0880720706666199,0.0739371617246211,0.1021814843647308,0.0031679461292286,0.0048908641995109,True,0.0036314701371539,3.494296747688858e-05,0.3768681089533537,1.0,False,0.8942142280435059,1.0,False,not_significant,False,False
5,smc_swing_ob_bullish_mitigated,-1,6783,494,2703,0.4391862007961079,-0.0037501441988124,-0.0043341479137508,0.045179038807488,-2.2447140791060978,56.1105695845843,0.7780443057848652,-0.0037501441988124,-0.5892861697967446,-0.7395991768806698,-1.0,-0.2826445288708383,0.9869853748106766,0.0291912761915797,-0.0312897411971895,0.0199691521868664,-0.0227275883408661,-0.0037501441988124,-0.0048193829399865,-0.0026686741038131,percentile_bootstrap_full,-0.0060345475279934,-0.0014657408696313,0.001165533310398,-0.0830062856093983,-0.1051780227524886,-0.0596417072461444,0.0012929725871297,0.0021986780225588,True,-0.0035717123855306,-0.0001784318132817,0.6321373066452259,1.0,False,1.0,1.0,False,not_significant,False,False
5,ict_nwog_gap_down,-1,130950,496,852,0.4420389461626575,-0.0038554460528099,-0.0042792272720635,0.0467930500240199,-0.2200250987545365,11.230804637294664,0.7832475066602282,-0.0038554460528099,-0.5849362613332995,-0.7945573789702978,-1.0,-0.2228045650160665,0.984468439052804,0.0292493504388737,-0.0323848503518174,0.0199502188809077,-0.0237935989275561,-0.0034649371209316,-0.004104758546835,-0.0028112781607369,percentile_bootstrap_subsample_20000,-0.0062614964931844,-0.0006683777486788,0.0014268422135573,-0.0742706184106364,-0.0883033464392527,-0.0601560467636869,0.0068906564003459,0.0100227729459578,True,-0.0035906666946587,-0.0002647793581512,0.987474626005342,1.0,False,1.0,1.0,False,not_significant,False,False
5,ict_sweep_buyside_bearish,-1,65546,496,4007,0.4452750739938363,-0.0038872239763693,-0.0041387194689075,0.0421511919202841,-0.1854859531533945,7.543557664043311,0.7693178537183845,-0.0038872239763693,-0.6547039682048627,-0.9071361864489348,-1.0,-0.2150422039298782,0.9545435289763536,0.0275716746873955,-0.0304524762895229,0.0195533960478799,-0.0228935956242304,-0.0036932504695138,-0.0042722516943726,-0.0031038601404111,percentile_bootstrap_subsample_20000,-0.0050776609096357,-0.0023088400293919,0.0007063448308856,-0.0869954949005209,-0.100783993750615,-0.0731371836123402,3.7275791270018485e-08,1.619886237906976e-07,True,-0.0035698399678674,-0.0003173840085019,0.9707315178648774,1.0,False,1.0,1.0,False,not_significant,False,False
5,smc_swing_choch_bullish,1,2707,492,1487,0.5352789065386037,0.0031483483720972,0.0032276155123243,0.0402664659749073,0.2997014316888273,6.088667796379028,1.2502680395026475,0.0031483483720972,0.5550786651878438,0.8193615039609224,-0.7418508339927232,0.1686242622914958,1.0811496573477,0.0296230909290191,-0.0271505547411332,0.0213255052461931,-0.0200241643587298,0.0031483483720972,0.0016533329708479,0.0046867490558199,percentile_bootstrap_full,0.0009403483187756,0.0053563484254189,0.0011265513312089,0.0781878492654219,0.0411557830757712,0.1156708504094029,0.0051951410481112,0.0078149130296373,True,0.0035124665891302,-0.0003641182170329,0.6641410060506487,1.0,False,0.8174926787325525,1.0,False,not_significant,False,False
5,smc_swing_ob_bullish_formed,1,7286,494,2625,0.5417238539665111,0.0031843305575048,0.0027963221905009,0.0369745164838868,0.4058576718319784,6.497027936028495,1.2825914474947255,0.0031843305575048,0.6114077075383767,0.8924242655032054,-0.6569695245041172,0.2046278590450213,1.076895884721946,0.0272388450186092,-0.0244827867265823,0.0200887345762322,-0.0179582839848735,0.0031843305575048,0.0023455529630031,0.0040329408950442,percentile_bootstrap_full,0.0018719086634513,0.0044967524515584,0.0006696153062268,0.0861223042333112,0.063547247066693,0.1092583878352946,1.9799249555894865e-06,5.906216816673723e-06,True,0.0036017536445178,-0.0004174230870129,0.793192734485617,1.0,False,0.9348502742486132,1.0,False,not_significant,False,False
5,smc_swing_bos_bullish,1,4579,492,2156,0.5455339593797772,0.0032056024019902,0.0026348124340749,0.0348871661655578,0.4972787083996847,6.548392554626073,1.3055009157080193,0.0032056024019902,0.6523177998375561,0.9498048497245036,-0.4810251075037562,0.2910293380983086,1.0771166482282737,0.0258293334048333,-0.0229056633338351,0.0195627722490194,-0.0167614902452801,0.0032056024019902,0.0021905362066319,0.0042220466179918,percentile_bootstrap_full,0.0018952051012617,0.0045159997027186,0.0006685823314757,0.0918848606613092,0.0628104230878712,0.1206616397036957,1.629783922915374e-06,5.0572505411714444e-06,True,0.0036545381081418,-0.0004489357061516,0.7602385338455805,1.0,False,0.8922758005549413,1.0,False,not_significant,False,False
5,ict_ob_bearish_mitigated,1,20141,496,3509,0.5401916488754283,0.0030628054117593,0.0029423614623957,0.0402893165857815,0.3350127552029095,6.972082142739488,1.2456989774044274,0.0030628054117593,0.539690499961634,0.7762659966393126,-0.8541172448931236,0.1407501434037893,1.0539208719676243,0.0291669542500274,-0.026477665327493,0.0214112596157245,-0.0191854130942479,0.0030477074293556,0.0024812086155362,0.0036194248581964,percentile_bootstrap_subsample_20000,0.001755361422138,0.0043400534365731,0.0006593723186841,0.0756528994395398,0.0615953612562006,0.0897789743119535,3.400240169777749e-06,9.63643794121457e-06,True,0.0035803901274991,-0.0005175847157398,0.9510705162847592,1.0,False,0.9959933805241472,1.0,False,not_significant,False,False
5,smc_internal_ob_bullish_mitigated,-1,54098,496,4034,0.4454138785167659,-0.0041198296815016,-0.0041362639784592,0.0492797005347271,-0.6815722367572721,19.479977733218437,0.7770892864790246,-0.0041198296815016,-0.593507853921391,-0.771731647016251,-1.0,-0.2475717210021411,0.9630089302602156,0.0306947432666605,-0.0332640062859435,0.0210277398106938,-0.0239680829303348,-0.0042016701441314,-0.0048842142550093,-0.003510010011747,percentile_bootstrap_subsample_20000,-0.0064313876875256,-0.0019719526007372,0.0011376318868072,-0.084204630984877,-0.0974407623353696,-0.0707070183997372,0.0002930035394136,0.0005740749941181,True,-0.0036011188209501,-0.0005187108605515,0.9972089830025972,1.0,False,1.0,1.0,False,not_significant,False,False
5,ict_liquidity_buyside_swept,1,44312,496,3857,0.5493997111391948,0.0029430832313633,0.0035464600450136,0.0400323144057573,0.5330209284783904,13.727256932213727,1.2326702570006178,0.0029430832313633,0.5219238147033759,0.7458020250835136,-0.9128909408163324,0.125077172886086,1.0051237326645823,0.028650202717626,-0.0263870585619233,0.0216208047254292,-0.0187839191793265,0.0026438911653837,0.0020857850132799,0.0032178010504308,percentile_bootstrap_subsample_20000,0.0013068366943895,0.0039809456363779,0.0006821831783615,0.0647785937982776,0.0512537939303537,0.078331554443876,1.6017278693369007e-05,3.861700068538281e-05,True,0.0034739434009798,-0.0005308601696165,0.99576737084374,1.0,False,0.9999918380729116,1.0,False,not_significant,False,False
5,ict_liquidity_sellside_swept,-1,32943,495,3723,0.4429165528336824,-0.0042486669221807,-0.0050472548082227,0.0518440958546271,0.484233601704282,8.155010480237637,0.7866690569179743,-0.0042486669221807,-0.5817932106425819,-0.8491319290243646,-1.0,-0.2462899963686427,0.9854524722326594,0.0328393060834771,-0.0355126125537702,0.0222274350549497,-0.0264068415739231,-0.0043478636521828,-0.0050549318396699,-0.0036394051389611,percentile_bootstrap_subsample_20000,-0.0076941639592113,-0.0010015633451544,0.0017073274340898,-0.0851224293492442,-0.0995772182456581,-0.070849196060583,0.012828691341234,0.017778343905962,True,-0.0034751176277258,-0.0007735492944549,0.9993223607518306,1.0,False,1.0,1.0,False,not_significant,False,False
5,smc_equal_highs,-1,10498,495,2907,0.4428462564297961,-0.00436509564817,-0.0038342351454384,0.0431603514189358,-1.105801742784421,16.553474759928847,0.7419107305248891,-0.00436509564817,-0.7179993656151267,-0.9132293767940858,-1.0,-0.2372045807769496,0.9291039520576262,0.0260555354665673,-0.0301587598496751,0.018303954499982,-0.0220605740478998,-0.00436509564817,-0.0051968169528811,-0.0035510167787053,percentile_bootstrap_full,-0.0060907614735335,-0.0026394298228065,0.0008804579193105,-0.1011367031236666,-0.1196917718732642,-0.0827121572689172,7.131199596590338e-07,2.368096469811131e-06,True,-0.0035172946714582,-0.0008478009767117,0.9767085615474168,1.0,False,1.0,1.0,False,not_significant,False,False
5,ict_bpr_bullish,1,26872,496,3293,0.5471866626972314,0.0027436397937189,0.0037317770341156,0.0443704932585811,0.1685374254814946,7.911815369582337,1.1940985300807965,0.0027436397937189,0.4389834069538307,0.60646248671924,-0.9709123347564794,0.0952951437280961,0.9833609290498072,0.0313492984729403,-0.0288722291133531,0.0230043435235498,-0.0204527451900531,0.0030324466100474,0.0024203859162491,0.0036444781324882,percentile_bootstrap_subsample_20000,0.0010309348006236,0.0050339584194712,0.0010211982513065,0.0686670584264745,0.0548841261716729,0.0825072876397812,0.0072164598559163,0.0104534727130968,True,0.0036575161316983,-0.0009138763379794,0.9996021119325088,1.0,False,0.9999484919240712,1.0,False,not_significant,False,False
5,ict_mss_bullish,1,36556,496,3752,0.5396104606630923,0.0025622047707165,0.0031842174786922,0.0424495763521836,0.3062766918096573,8.312580768374792,1.1870501354668626,0.0025622047707165,0.428504851547267,0.6088802481751676,-0.9269996526070502,0.0942548343294209,1.0057370431946504,0.0299836761091969,-0.0280128609951823,0.0222481136243934,-0.0198806134289016,0.0021020452578539,0.0015056354697613,0.0026828948431365,percentile_bootstrap_subsample_20000,0.0004979005943676,0.0037061899213402,0.0008184561877087,0.049118331622587,0.0353223427217957,0.0625956849852606,0.0017448891019787,0.0029109050421635,True,0.0035950914217304,-0.0010328866510139,0.999996537656613,1.0,False,0.9999999612094054,1.0,False,not_significant,False,False
5,ict_liquidity_sellside_pool_formed,-1,51740,495,3817,0.4406068805566293,-0.0045438512377316,-0.0049028769639939,0.0483067831641205,0.239421511115287,8.653813340371881,0.7612706295626549,-0.0045438512377316,-0.6677766893388868,-0.961308847657668,-1.0,-0.2512290127831544,0.963367828760496,0.0295587421944276,-0.0336564715647349,0.0203393859609414,-0.0253653028889389,-0.0050667314891972,-0.005715115096985,-0.0044132820595948,percentile_bootstrap_subsample_20000,-0.0077193161669941,-0.0024141468114003,0.0013533843875688,-0.1055337025031587,-0.1192514738622165,-0.0915201895275105,0.0007867951469122,0.0013987469278439,True,-0.0034835443169538,-0.0010603069207778,0.9999999874168372,1.0,False,1.0,1.0,False,not_significant,False,False
5,smc_internal_choch_bullish,1,26440,496,3578,0.5440242057488653,0.002387622219486,0.0033481709137774,0.0427959032246797,0.3070680981339017,9.3716055645543,1.174235491098374,0.002387622219486,0.3960761421920836,0.5493246646842722,-0.9311290437952142,0.082710523090889,0.9774138998137396,0.0303492303026181,-0.0278386115101189,0.0224628788059106,-0.0196379966095484,0.0023788160540115,0.0017680701245912,0.002980190712162,percentile_bootstrap_subsample_20000,0.0008516546558624,0.0039059774521606,0.0007791782900854,0.0553072328282456,0.0411189489966538,0.0691069319249853,0.0021819293350869,0.0035231152566541,True,0.0035785241811553,-0.0011909019616693,0.9999948006165224,1.0,False,0.9999999269456662,1.0,False,not_significant,False,False
5,ict_ob_bearish_formed,-1,22474,496,3172,0.4442466850582895,-0.0048010476280264,-0.0049531762229115,0.050027207405266,0.243168923378116,5.863358441504225,0.761866999154655,-0.0048010476280264,-0.6813104056703937,-0.9909424630265684,-1.0,-0.263925496282455,0.9493577059778706,0.0340458526553407,-0.0360602075321394,0.0234723944305186,-0.0269687969045955,-0.0047022749413493,-0.005394930311896,-0.0040197061237336,percentile_bootstrap_subsample_20000,-0.0076642144585454,-0.0017403354241531,0.00151122138835,-0.0942424191335884,-0.1084225301677617,-0.0801533668289691,0.0014884191682434,0.0025188632077965,True,-0.0035515246321644,-0.001249522995862,0.9999873944432904,1.0,False,1.0,1.0,False,not_significant,False,False
5,smc_equal_lows,1,9352,495,2627,0.5316509837467921,0.0022571171381259,0.0024720237004084,0.0416962077808512,0.2042361836252784,9.877372998688136,1.168572232625127,0.0022571171381259,0.3843021448608729,0.5343771144611247,-0.957861620572428,0.0754616189101305,1.0240284025638935,0.0292156193690265,-0.0268849182611874,0.021327798535531,-0.0186598248960422,0.0022571171381259,0.0014394119532871,0.0030824301233235,percentile_bootstrap_full,0.0004567896167053,0.0040574446595466,0.0009185513210552,0.0541324321384102,0.0346912483613923,0.0741395677778678,0.0140002289155702,0.019250314758909,True,0.0035420811121549,-0.0012849639740289,0.9974305029357472,1.0,False,0.999853406674779,1.0,False,not_significant,False,False
5,ict_ob_bullish_formed,1,32574,496,3709,0.5423036777798244,0.0023177427969794,0.0031345896543742,0.0402728687788769,0.3338019760135191,10.629161439829703,1.1817924705793763,0.0023177427969794,0.4085713797719875,0.5634894002412207,-0.9812623960438616,0.0804198414397116,0.9896550250371192,0.0282862465401191,-0.0263117541432826,0.0209610632717757,-0.0186722825530197,0.0025337652516958,0.0019945116506049,0.0030858025753772,percentile_bootstrap_subsample_20000,0.0012555598118773,0.0038119706915143,0.0006521576109655,0.0635580615547648,0.0500699905505662,0.0772590051497448,0.0003794753012716,0.0007338566484196,True,0.0036332286704058,-0.0013154858734263,0.9999999726216549,1.0,False,0.999999999899866,1.0,False,not_significant,False,False
5,ict_mss_bearish,-1,36599,496,3545,0.4391650045083199,-0.0049175307849693,-0.0047027925878473,0.0443163201009822,-0.277753984536895,6.768648010731258,0.7318680526188703,-0.0049175307849693,-0.7877685979368794,-1.0919634715355886,-1.0,-0.2587988978238704,0.9306239817970802,0.0300754109261674,-0.0326342154338385,0.0213057345752806,-0.0250275603715082,-0.0050962365673781,-0.0057108389416949,-0.0044559407961678,percentile_bootstrap_subsample_20000,-0.0071572031542931,-0.0030352699804631,0.0010515328786217,-0.1140286683001642,-0.127875085920888,-0.0997887618624359,2.9176218026841505e-06,8.487627062353892e-06,True,-0.0035908981729541,-0.0013266326120151,0.999999996308812,1.0,False,1.0,1.0,False,not_significant,False,False
5,ict_displacement_bearish,-1,190677,496,4074,0.440682410568658,-0.0049319150701852,-0.0046980924160004,0.0471081742693425,-0.1684607331040886,12.27041290168226,0.7365598674623891,-0.0049319150701852,-0.743249429414006,-1.0078720904811354,-1.0,-0.2667331033561493,0.9307978607872222,0.0296652984957839,-0.0334655484064959,0.0204534626060735,-0.0245428126547901,-0.0048968133571713,-0.0055669209721041,-0.0042409314184618,percentile_bootstrap_subsample_20000,-0.0067121592836487,-0.0030814674306939,0.0009262139133562,-0.1025030421149166,-0.1166503115057492,-0.0886494127442226,1.0105743837884613e-07,4.087512455715351e-07,True,-0.0036002826188485,-0.0013316324513366,1.0,1.0,False,1.0,1.0,False,not_significant,False,False
5,ict_displacement_bullish,1,212775,496,4050,0.5384749148161203,0.0022934538557671,0.0028876812888709,0.0427405423220359,0.3506605902307386,10.000256247640229,1.1680263989579882,0.0022934538557671,0.3809476039122871,0.5315204866369384,-0.9987819214846484,0.0721707625996491,0.9957187009183988,0.0296917322976877,-0.0279090408632952,0.021776350588166,-0.0195390600435635,0.0024641273017161,0.0018635508883536,0.0030788906587632,percentile_bootstrap_subsample_20000,0.0011050169426077,0.0038232376608246,0.0006934363891931,0.0568006665625249,0.0430920900062864,0.0707694224245815,0.000941748869275,0.0016410673365585,True,0.0036440536366209,-0.0013505997808537,1.0,1.0,False,1.0,1.0,False,not_significant,False,False
5,smc_internal_choch_bearish,-1,26365,496,3354,0.4420254124786649,-0.0049378139038274,-0.0045029942606211,0.0456565968816634,-0.1941092037893803,8.302529396459947,0.7353660774598834,-0.0049378139038274,-0.7677970677891016,-1.0586873206675005,-1.0,-0.2618878100059817,0.9242240378028926,0.0305095414859551,-0.0334780096132524,0.0215772915594674,-0.0252966645595977,-0.0048999198986416,-0.0055573903773824,-0.0042669693954407,percentile_bootstrap_subsample_20000,-0.0071612735019703,-0.0026385662953129,0.0011537730301825,-0.1072050363697149,-0.1215285635670216,-0.0933334756266922,1.8713704398092347e-05,4.481104726618032e-05,True,-0.0035801168321711,-0.0013576970716563,0.9999997388788584,1.0,False,1.0,1.0,False,not_significant,False,False
5,smc_internal_ob_bearish_formed,-1,42959,496,3654,0.4413743336669848,-0.0049488745842563,-0.0048853385591596,0.049088775801698,0.082003901336302,8.104533066860556,0.7486958823907343,-0.0049488745842563,-0.7157140034280921,-1.0160108016028864,-1.0,-0.2681708998676742,0.9434413120595864,0.0323165522339601,-0.0351610078044811,0.022348785760117,-0.0262622506023113,-0.0049012272657752,-0.0055969567106345,-0.0041977173824774,percentile_bootstrap_subsample_20000,-0.007632940042978,-0.0021695144885724,0.0013937566083881,-0.098401138050012,-0.1126812912829797,-0.0840418860439303,0.0003841421228713,0.0007348805828843,True,-0.0035731615104075,-0.0013757130738487,0.999999999945456,1.0,False,1.0,1.0,False,not_significant,False,False
5,smc_internal_bos_bearish,-1,16594,495,2941,0.4403398818850186,-0.0049664480951341,-0.0056632393035035,0.0540973558202759,0.3443278688561692,7.383575556208111,0.7672181005281051,-0.0049664480951341,-0.651756139809507,-0.9632664285445832,-1.0,-0.2780438331734796,0.9708086160507542,0.0351875802182408,-0.0378350012546285,0.0237508238486111,-0.0279733916717492,-0.0049664480951341,-0.0057922622454787,-0.004146551498233,percentile_bootstrap_full,-0.0093126813900691,-0.0006202148001992,0.0022175066965183,-0.0918057457675731,-0.1075985623728978,-0.0763973736810045,0.0251133837615953,0.0329847428510506,True,-0.0035621107053999,-0.0014043373897341,0.9999686776759572,1.0,False,1.0,1.0,False,not_significant,False,False
5,ict_fvg_bullish_formed,1,112355,496,3902,0.5391749365849317,0.002113615986022,0.0028740239497138,0.0416352196674795,0.358115226539536,9.847235121670613,1.1589046812372583,0.002113615986022,0.3603964404369323,0.5013029039090765,-0.994112249497968,0.0653040866763439,0.9856782844891546,0.0291650364193353,-0.0275462413383511,0.0213232022485538,-0.0195267693200297,0.0022456120331202,0.0016616337677733,0.002832207888679,percentile_bootstrap_subsample_20000,0.0008930988288204,0.00359812523742,0.0006900704320588,0.0539672618290778,0.040022241201724,0.0680856454193048,0.0021920408396186,0.0035232802536336,True,0.0036729570003974,-0.0015593410143753,1.0,1.0,False,1.0,1.0,False,not_significant,False,False
5,ict_bos_bearish,-1,42573,496,3603,0.4303666643177601,-0.0052108623791587,-0.0063857580119341,0.0563229697868519,0.3016760397453428,15.011057163250562,0.7564465137788714,-0.0052108623791587,-0.6568093484527512,-0.9414597433262372,-1.0,-0.3012615468821742,0.9963195759475888,0.034549344826968,-0.0378650347736988,0.0223389306817312,-0.0278433985109722,-0.0052069820279368,-0.0059743662260694,-0.0044431756621168,percentile_bootstrap_subsample_20000,-0.0094920993973763,-0.0009218646584973,0.0021863245291441,-0.0931844958273864,-0.1074882537739884,-0.0790039608270647,0.0171540452218955,0.0231349575406407,True,-0.0035691128753511,-0.0016417495038075,0.9999999999999816,1.0,False,1.0,1.0,False,not_significant,False,False
5,smc_fvg_bullish_formed,1,68171,496,3886,0.5310615951064236,0.0018592847075707,0.0026545838920666,0.0479180149529231,0.3498518573095149,9.40179913159412,1.1200783535773071,0.0018592847075707,0.2754624125467277,0.3832538017955057,-0.9986461367991588,0.0365443099630484,0.9845972301810408,0.0336540130298326,-0.0320373960663649,0.024101416692817,-0.0227938080812203,0.0013943062832146,0.000733925376839,0.0020613966984388,percentile_bootstrap_subsample_20000,-0.0007410461630973,0.0035296587295266,0.0010894855447916,0.0290747977076291,0.015322639602953,0.0429740778700841,0.0879017727597017,0.1048861830895424,False,0.0036036273947794,-0.0017443426872087,1.0,1.0,False,1.0,1.0,False,not_significant,False,False
5,smc_internal_ob_bullish_formed,1,58412,496,3900,0.5334177908648908,0.0018453246003191,0.0024151695979863,0.0407760827720843,0.5358651567902096,10.45449898779962,1.140670852904551,0.0018453246003191,0.3212791465690843,0.4563309447231061,-0.9772414041149778,0.0539362396364393,0.9909024319779024,0.0284209022830074,-0.0268125453665784,0.020688601983048,-0.0191280547102477,0.0021738631446581,0.0016144351193093,0.0027386522908512,percentile_bootstrap_subsample_20000,0.0009848310739106,0.0033628952154056,0.000606660158425,0.0533341876720496,0.0397231599117974,0.0669260424241158,0.0023518646773058,0.0037290827315839,True,0.003626953872029,-0.0017816292717099,1.0,1.0,False,1.0,1.0,False,not_significant,False,False
5,ict_volume_imbalance_bullish,1,117672,496,3877,0.5346556530015637,0.0017779648886201,0.0025489006731218,0.0426290109237441,0.0636590386260688,11.818481041096014,1.130969589638162,0.0017779648886201,0.2960964443142092,0.3954582853527928,-0.9970499315679452,0.0444125525732254,0.979554056473489,0.0282753700505249,-0.0276292728658413,0.0204238616267999,-0.0193051598406897,0.0019501800696153,0.0013547104896506,0.0025454495877079,percentile_bootstrap_subsample_20000,0.0004952459285432,0.0034051142106874,0.0007423269718587,0.0455553265122253,0.0315953127908064,0.0594674012175652,0.0166147610077927,0.0225806790530619,True,0.0035845806213757,-0.0018066157327555,1.0,1.0,False,1.0,1.0,False,not_significant,False,False
5,ict_bpr_bearish,-1,26211,496,3243,0.4388996985998245,-0.0054961141650842,-0.0050630386776036,0.0461705452202062,-0.637508927586188,9.857259242294075,0.7116697903786663,-0.0054961141650842,-0.8450959305570175,-1.119228630341002,-1.0,-0.2841589326597227,0.9068469625487542,0.0295120029051218,-0.0337835248709079,0.0210350053083484,-0.0253800911202561,-0.0055392166447024,-0.0061841174789552,-0.0049030963644236,percentile_bootstrap_subsample_20000,-0.00796883513256,-0.0031095981568448,0.0012396240379198,-0.120137952873759,-0.1337938812869622,-0.1065094127728582,9.263190135626755e-06,2.4152910575856428e-05,True,-0.0036199988063339,-0.0018761153587503,0.9999999999961838,1.0,False,1.0,1.0,False,not_significant,False,False
5,ict_bos_bullish,1,80827,496,3892,0.5292167221349302,0.0015231580196942,0.0020434154646933,0.0388464510844149,0.4396242907004909,10.052342410802623,1.121436881178094,0.0015231580196942,0.2783613158544971,0.3910486795587998,-0.997009232443602,0.0397661747377319,0.991426232580498,0.0267843282707145,-0.0260354138730976,0.0194086196654081,-0.0184615208552434,0.0015340709535948,0.0009888206511831,0.0020831356368863,percentile_bootstrap_subsample_20000,0.0004187672736958,0.0026493746334937,0.0005690429415534,0.0394505193382972,0.0255785910915475,0.0534900222818732,0.0074350872249596,0.0107260274720728,True,0.0036548329288239,-0.0021316749091297,1.0,1.0,False,1.0,1.0,False,not_significant,False,False
5,smc_internal_bos_bullish,1,31972,496,3640,0.5246465657450269,0.001396858784894,0.0017031779562806,0.0390218404009639,0.7751602326990354,11.525461805192675,1.1105640826666268,0.001396858784894,0.2541323914682229,0.3702714753773328,-0.981368549349669,0.0336506309232644,0.9993355349809266,0.0268262259149821,-0.0259640157520653,0.0192749697846642,-0.0187029655556708,0.0014428766739871,0.0009112793993779,0.00197787429202,percentile_bootstrap_subsample_20000,0.0002556696229396,0.0026300837250346,0.0006057290088223,0.0369903904630711,0.0235092394636063,0.0503819996777523,0.0211062334303985,0.0280354496886803,True,0.0036670039479299,-0.0022701451630358,1.0,1.0,False,1.0,1.0,False,not_significant,False,False
5,ict_volume_imbalance_bearish,-1,84807,496,3774,0.4295635973445588,-0.0059104283309571,-0.0057298044112332,0.0493152318826472,-0.6525006069415514,19.24744732610054,0.7012209752385868,-0.0059104283309571,-0.8508502762337418,-1.120593201541838,-1.0,-0.3145527601939307,0.9273132501535593,0.0298311625656669,-0.0346964449302249,0.0202139689702623,-0.0254462850891217,-0.0058312796590351,-0.0065059146225193,-0.0051652458401103,percentile_bootstrap_subsample_20000,-0.0083258840982956,-0.0033366752197746,0.0012727807445751,-0.1197428109791794,-0.1332697013336229,-0.1059220616184558,3.42203051889722e-06,9.63643794121457e-06,True,-0.0035780704824961,-0.0023323578484609,1.0,1.0,False,1.0,1.0,False,not_significant,False,False
5,ict_fvg_bearish_formed,-1,90850,496,3872,0.4336708860759494,-0.0059837060262988,-0.0055520817909007,0.0494956536960095,-0.4566546440391762,14.696593864501716,0.7000529718378018,-0.0059837060262988,-0.8582591708181168,-1.1327807110411512,-1.0,-0.3081929104200189,0.9111225231579178,0.0306353037557522,-0.0350804487407139,0.0210952958964454,-0.0260067686401845,-0.0060624854234239,-0.0067356284699398,-0.005364062288135,percentile_bootstrap_subsample_20000,-0.0084786899290532,-0.0036462809177946,0.00123278004373,-0.1232600686453406,-0.1371170332236655,-0.1089647616964544,1.210989307527613e-06,3.875165784088362e-06,True,-0.0035973003629786,-0.0023864056633202,1.0,1.0,False,1.0,1.0,False,not_significant,False,False
5,ict_ob_bullish_mitigated,-1,20560,496,3027,0.4344357976653696,-0.0059975272859545,-0.0065432178208215,0.0690722253175214,-0.4025131178858132,16.527685439261305,0.7603229023820369,-0.0059975272859544,-0.6164304062059472,-0.8063612637766606,-1.0,-0.3713624656169031,0.9863257355464244,0.0419955774380161,-0.0450466034846509,0.0260091085498548,-0.0316715313112869,-0.0059609789413696,-0.0069173152407646,-0.0050034749546248,percentile_bootstrap_subsample_20000,-0.0149406004896918,0.0030186426069525,0.0045815237159061,-0.0866006674840903,-0.1005175324152043,-0.072856520980852,0.1905112290741002,0.2108803541952304,False,-0.0035265247275286,-0.0024710025584258,0.9999999999999992,1.0,False,1.0,1.0,False,not_significant,False,False
5,smc_swing_bos_bearish,-1,1248,445,667,0.4302884615384615,-0.0061435882687503,-0.0079006411176192,0.0593020708937837,0.1340666036632538,3.204100145964449,0.7527095207138073,-0.0061435882687503,-0.7354743159146918,-1.0960790335842503,-0.9999528797135768,-0.330208409112711,0.993800838335362,0.0408246723873474,-0.0447790461665748,0.0297889048744625,-0.0337169027239283,-0.0061435882687503,-0.0094488139932539,-0.0027967056097508,percentile_bootstrap_full,-0.0120327749272966,-0.0002544016102039,0.0030047422598304,-0.1035982078898078,-0.1609519273604225,-0.0469570109211144,0.0408912805148966,0.0523408390590676,False,-0.0033962483417171,-0.0027473399270331,0.9797962301063996,1.0,False,0.9999999982317656,1.0,False,not_significant,False,False
5,smc_swing_ob_bearish_mitigated,1,3853,492,1740,0.5476252270957696,0.0003262850277348,0.0045440049119713,0.06348204024363,-0.9913731194179236,7.182259484399264,1.0155352417012704,0.0003262850277348,0.0364889644132862,0.0416733155854461,-0.9998336977649408,-0.0877603128918482,0.834086527899669,0.0405669554537775,-0.0427072090553031,0.0305601312936714,-0.0266666412353515,0.0003262850277348,-0.0016865868562083,0.0023405337814662,percentile_bootstrap_full,-0.0087852706395567,0.0094378406950265,0.0046488382783008,0.005139800587421,-0.0261693376528498,0.0375018541106412,0.9440453322776714,0.9494398770335438,False,0.0034741973350343,-0.0031479123072994,0.9999913849676038,1.0,False,0.999701609979558,1.0,False,not_significant,False,False
5,smc_fvg_bearish_formed,-1,67781,496,3779,0.4247945589471976,-0.0079790122404298,-0.0072579063537643,0.0587680465199978,-0.7465723349248002,18.346847854692083,0.661561662238428,-0.0079790122404298,-0.9638803901092394,-1.2315852968130578,-1.0,-0.3990901267781255,0.8933253717163923,0.035019282104009,-0.0405780738719346,0.0236363412543363,-0.0296322236594845,-0.0078573508376091,-0.0086572139423101,-0.0070540186425391,percentile_bootstrap_subsample_20000,-0.0120585609532218,-0.0036561407219963,0.0021435139194458,-0.1353841800928002,-0.1489782695194097,-0.1214995070000124,0.0001973395226549,0.0003946790453098,True,-0.0035161768500592,-0.0044628353903705,1.0,1.0,False,1.0,1.0,False,not_significant,False,False
10,smc_swing_choch_bearish,-1,2653,492,1074,0.4327176781002638,-0.0036830114404279,-0.0113944203566098,0.0976920289258381,1.202769659965989,6.497611315435233,0.89361332827171,-0.0036830114404279,-0.1892536259112595,-0.332993194067239,-0.999999999730222,-0.1889929176908929,1.1683916426270355,0.0685699162780855,-0.0628431746893945,0.0397375052236202,-0.0495280689518853,-0.0036830114404279,-0.007337406828928,-5.032279560325773e-05,percentile_bootstrap_full,-0.0245915964408239,0.017225573559968,0.0106678413483084,-0.037700224684901,-0.0768778116354144,-0.000502105339022,0.7299107156816407,0.7490628918948615,False,-0.00693709603532,0.0032540845948921,0.0032342223143525,0.0334837133721205,True,0.9999999976246802,1.0,True,significant_but_negligible_effect,False,True
10,smc_swing_ob_bearish_formed,-1,3898,493,1404,0.4340687532067727,-0.0049298785316403,-0.0110619449736294,0.0949930739266659,1.0817572372836073,6.523256812867452,0.8574710077285748,-0.0049298785316403,-0.2605220864592403,-0.4379973747434125,-1.0,-0.2101077673956773,1.1154218014247002,0.0651312142717726,-0.0632222042344697,0.0389593609023742,-0.0492921701049456,-0.0049298785316403,-0.0078346867109978,-0.0019588254427374,percentile_bootstrap_full,-0.021356941958997,0.0114971848957163,0.0083813087522815,-0.0518972418499287,-0.0844637341605148,-0.02017105467595,0.5563986400591839,0.5777354610644034,False,-0.0068655192892749,0.0019356407576345,0.0271837496585287,0.2035889336128107,False,0.9999999999999996,1.0,False,not_significant,False,False
10,ict_sweep_sellside_bullish,1,49304,496,3919,0.5713126723998053,0.0082161347593187,0.0086263406640452,0.0645726675960576,-0.0888967881455966,5.057693132505728,1.430811939083666,0.0082161347593187,0.6387326200064395,0.8885175686229371,-0.977364704108919,0.1696045602124905,1.0701120108163729,0.0481248762801445,-0.0421664708498894,0.0368662767140955,-0.02949630472027,0.0080533378970808,0.007137209398888,0.0089612901778964,percentile_bootstrap_subsample_20000,0.0041215623735334,0.0119851134206281,0.0020060447658974,0.1250551317759238,0.1104537029131403,0.1394277772385213,4.2091532556601e-05,9.497576576874071e-05,True,0.0070236973473252,0.0011924374119934,5.432215990665423e-06,9.105428708162997e-05,True,0.0108275056206195,0.3176068315381739,True,significant_small_effect,False,True
10,ict_sweep_buyside_bearish,-1,65448,496,4002,0.4374006845128957,-0.0059243719650955,-0.0070083849200612,0.0598007936959238,-0.1295249340908617,6.739210841442475,0.7575630903599136,-0.0059243719650955,-0.4973196741218968,-0.7085879283675619,-1.0,-0.1785171652381878,0.971782995221181,0.0394736066400471,-0.0444525306531628,0.0280736359280096,-0.0337668643843902,-0.0060990729662497,-0.0069283779055169,-0.0052716692587429,percentile_bootstrap_subsample_20000,-0.0089020884065751,-0.0032960575259243,0.0014301361863408,-0.1013994522406228,-0.1153390194274794,-0.0877076651457244,3.4350599073294743e-05,7.902882924052125e-05,True,-0.0070611759680317,0.0011368040029361,4.565745182843095e-07,8.92856835755983e-06,True,1.0,1.0,True,significant_small_effect,False,True
10,smc_swing_ob_bullish_mitigated,-1,6776,494,2698,0.4281286894923258,-0.006004141062505,-0.007797501747437,0.0599246584755225,-0.2009299274829332,7.26007000402422,0.7510528712216403,-0.006004141062505,-0.5029740626111446,-0.7103805047417643,-1.0,-0.1805466539661675,1.000109355921819,0.040495139249836,-0.0446256014402809,0.0272023368374154,-0.033390545969144,-0.006004141062505,-0.0074520440868772,-0.0045511374770806,percentile_bootstrap_full,-0.0102723903090935,-0.0017358918159165,0.0021777181859404,-0.1001948315643314,-0.1245830869039163,-0.0760196042494764,0.0058320260810719,0.0086001072666901,True,-0.0070673386774482,0.0010631976149431,0.072573781708904,0.4481749326584954,False,1.0,1.0,False,not_significant,False,False
10,smc_internal_ob_bearish_mitigated,1,42268,496,4039,0.570644459165326,0.0078676055956285,0.008500469524856,0.0648786339560319,-0.1085386954974498,6.850944555962839,1.4108469967935708,0.0078676055956285,0.6087530552069749,0.8284611456313034,-0.9036143400032643,0.1712451163463429,1.057433333666425,0.0482999545235669,-0.0422392229629082,0.0367510934251323,-0.0294790566324582,0.0086483152925243,0.007736391330281,0.0095549902911253,percentile_bootstrap_subsample_20000,0.0052521016841614,0.0120445289008873,0.0017327938719093,0.1334942589810978,0.1190624777795968,0.1477914016905997,5.6143255275293386e-06,1.508582126481166e-05,True,0.0070781476892119,0.0007894579064166,0.0039027495181526,0.0381602175108259,True,0.1312581496160075,1.0,True,significant_small_effect,False,True
10,ict_liquidity_buyside_pool_formed,1,58941,496,3921,0.5715885376902327,0.0074293430878938,0.0082209481025341,0.0589150908181834,0.3193451941537626,7.9428310952307,1.4210232037483297,0.0074293430878939,0.6330297686442288,0.9248060369387572,-0.97432323979769,0.1580934496181777,1.0608113260394922,0.0444532164708567,-0.0384280460766207,0.0341600627111147,-0.0273866544584705,0.0070470990886488,0.0062126833418382,0.0078935599500945,percentile_bootstrap_subsample_20000,0.0042972413597479,0.0097969568175498,0.0014030144068467,0.1181210398281187,0.1044107342065029,0.1320353040575441,1.188393007996103e-07,4.700161110276722e-07,True,0.006845704341042,0.0005836387468518,0.0077016956619739,0.0695127403337137,False,0.5811962173891718,1.0,False,not_significant,False,False
10,ict_nwog_gap_up,1,147321,496,852,0.5698101424779902,0.0076672287612617,0.0077030577821652,0.0626270769931437,0.273657420852985,9.167622746447536,1.422551822118206,0.0076672287612618,0.6145773483449405,0.8668557081569581,-0.9782099674444872,0.1573768591118484,1.0700362106618606,0.0461138679180228,-0.0397383051846425,0.0341561689600804,-0.0275737327899682,0.0074665450375719,0.0066043325111398,0.0083264824473735,percentile_bootstrap_subsample_20000,0.0040591242496572,0.0108739658254866,0.0017385119256857,0.1213562526022578,0.1073885766820142,0.1354652245117392,1.0326326715568097e-05,2.6339615970144716e-05,True,0.0071875883526514,0.0004796404086103,0.000912023442457,0.0110700776463749,True,0.1912768934664974,1.0,True,significant_small_effect,False,True
10,smc_swing_choch_bullish,1,2699,492,1484,0.5694701741385698,0.0073393012263925,0.0067255450539571,0.0547620413913131,0.7205339630837233,6.088822302051467,1.461349097069841,0.0073393012263925,0.6727835343029294,1.0861866258986348,-0.8321065295851136,0.1910962103591328,1.1000526384579092,0.042633191003495,-0.0364681624861527,0.0316150050308861,-0.0276766085085344,0.0073393012263925,0.0052983725834218,0.0093900039061717,percentile_bootstrap_full,0.004173209658076,0.010505392794709,0.0016153825112688,0.1340216880146614,0.0974794858203561,0.1699366885099465,5.53585718119698e-06,1.508582126481166e-05,True,0.006946761869472,0.0003925393569204,0.370527218798923,1.0,False,0.5548044288277253,1.0,False,not_significant,False,False
10,smc_internal_ob_bullish_mitigated,-1,54035,496,4029,0.4346071990376607,-0.007177100576663,-0.0077562639444164,0.066091282371724,-0.078689513145717,8.263865157622954,0.7306851706227167,-0.007177100576663,-0.5451363275236757,-0.7533273277992584,-1.0,-0.2128266110535335,0.947924306259227,0.0429445598086302,-0.0482122957011192,0.0294117900898136,-0.0355284547799918,-0.0073260399612746,-0.0082430953694307,-0.0064190982951719,percentile_bootstrap_subsample_20000,-0.0110166975078663,-0.0036353824146829,0.0018830231303185,-0.1117453698213934,-0.1256774386643406,-0.0979559291659206,0.0001381385471003,0.0002810680264699,True,-0.0071241936121379,-5.290696452509708e-05,0.5811110071774543,1.0,False,1.0,1.0,False,not_significant,False,False
10,ict_nwog_gap_down,-1,130643,496,851,0.4280826374164708,-0.0073143324730519,-0.0082813373595631,0.0656073252438814,0.0594386999906431,7.907816008093292,0.7252241865302055,-0.0073143324730519,-0.5596578959652143,-0.7938501448836243,-1.0,-0.2163129814437751,0.966602490147007,0.041349732197323,-0.0477834915961171,0.0285865881572264,-0.0356007343885758,-0.006786289095326,-0.0077055922904737,-0.0058487306621601,percentile_bootstrap_subsample_20000,-0.010980863851937,-0.0025917143387149,0.0021401284700183,-0.1031901606454811,-0.1176016204567286,-0.0888382192410627,0.0006315100580955,0.0011399566176904,True,-0.0071069641457419,-0.00020736832731,0.8978668977720463,1.0,False,1.0,1.0,False,not_significant,False,False
10,ict_ob_bearish_mitigated,1,20112,496,3504,0.5658313444709626,0.0068463022452767,0.0067156232497617,0.0556367143167538,0.4420692602047134,5.789938665302543,1.4176348732430832,0.0068463022452767,0.6177245534934865,0.9239070457709994,-0.9291117035228452,0.1538576631175773,1.0829086074782182,0.0425871368559723,-0.0368785088929793,0.0315523317699918,-0.0267478791440145,0.0069071912449918,0.0061295997881708,0.0076884761636943,percentile_bootstrap_subsample_20000,0.0045598638847114,0.0092545186052722,0.0011976379975756,0.1241739019320603,0.1104782856493528,0.137875329222468,1.087379963143738e-08,5.888580723486089e-08,True,0.0070850250551491,-0.0002387228098723,0.7096801957521306,1.0,False,0.9392170110071824,1.0,False,not_significant,False,False
10,ict_mss_bullish,1,36506,496,3747,0.5661535090122172,0.0067595233126525,0.0076476374431769,0.0614191247560754,0.4387954868995067,7.16476921159768,1.3643205009199169,0.0067595233126525,0.5524751103095645,0.8085506319687356,-0.9029565486491542,0.1448591819375443,1.0412614467539565,0.0448683333797494,-0.0397899594664969,0.0336996941654742,-0.0280237086262927,0.0066050633187129,0.0057567782288333,0.0074701046041877,percentile_bootstrap_subsample_20000,0.0034346276682071,0.0097754989692186,0.0016175989204422,0.1073565633859303,0.0936141788780686,0.1211467944052357,2.9313015294259347e-05,6.788277226039006e-05,True,0.0071151225456977,-0.0003555992330452,0.868734160506178,1.0,False,0.9819845247513832,1.0,False,not_significant,False,False
10,ict_liquidity_buyside_swept,1,44261,496,3852,0.5705926210433565,0.0064167267328184,0.0072672581002346,0.0559268327252092,0.4169234107158529,7.640105347633867,1.376750768580476,0.0064167267328184,0.5759616803175648,0.8485399066667544,-0.9254031202520698,0.1406214347475743,1.0320588220457565,0.0423542621075358,-0.037278528075088,0.0323509578373271,-0.0266037206397625,0.0058386110967751,0.0050593406279428,0.0066152452879114,percentile_bootstrap_subsample_20000,0.0033796126300311,0.0082976095635192,0.0012546140983936,0.1034783988763466,0.0898991822151118,0.1171760986759816,3.145692032681369e-07,1.0855721524547468e-06,True,0.00686758151285,-0.0004508547800315,0.9476013154954124,1.0,False,0.9998515536326408,1.0,False,not_significant,False,False
10,smc_swing_ob_bullish_formed,1,7275,494,2621,0.5696219931271478,0.006573651764506,0.0063508196797945,0.0516504830155367,0.6539100702322036,7.201170616758425,1.4391971078541863,0.006573651764506,0.6388995423020136,0.9767755724202728,-0.7072296742698978,0.1999680221184822,1.082176203685725,0.0394162621632967,-0.0337812615581919,0.0298254447662109,-0.0243635385547733,0.006573651764506,0.0054053317182342,0.00776076869711,percentile_bootstrap_full,0.0044086691114625,0.0087386344175495,0.0011046032748782,0.1272718352416693,0.1049022453214699,0.1498011639688752,2.662767185227842e-09,1.9128449983677565e-08,True,0.0071270064388693,-0.0005533546743633,0.7836965987594621,1.0,False,0.9296123207905082,1.0,False,not_significant,False,False
10,smc_equal_highs,-1,10483,495,2903,0.4247829819708099,-0.0075341879060914,-0.0080431540136407,0.058911524798308,-0.5014649634844555,8.707723417921581,0.695741161704682,-0.0075341879060914,-0.6420021082466565,-0.8746386311998192,-1.0,-0.2112416671071854,0.9397895997425696,0.0373116898372605,-0.0445010022938661,0.0265115525007706,-0.0334466537572892,-0.0075341879060914,-0.008686722132965,-0.0063904806444046,percentile_bootstrap_full,-0.0101383311914319,-0.0049300446207509,0.0013286689374603,-0.1278898811715667,-0.147626874003961,-0.1088957994897356,1.4239970131928938e-08,7.401407576997351e-08,True,-0.0069563277740563,-0.000577860132035,0.8370967115624752,1.0,False,1.0,1.0,False,not_significant,False,False
10,smc_internal_choch_bearish,-1,26315,496,3349,0.4363670910127303,-0.0076683959345759,-0.0074694778722737,0.0651361517381335,0.0234116525414649,6.294966054457042,0.7175747753913032,-0.0076683959345759,-0.5909934966888779,-0.8390693791214253,-1.0,-0.2207725883995141,0.9242923019082788,0.0429958992403471,-0.0486731969051892,0.0306153952888759,-0.0371890586806751,-0.007494193987436,-0.0084023640254375,-0.0065968302480439,percentile_bootstrap_subsample_20000,-0.0121539027467325,-0.0028344852281396,0.0023774460955897,-0.114537868284746,-0.1285373571547215,-0.1005804353142405,0.0012576326658045,0.0021489645551611,True,-0.007083410309922,-0.0005849856246539,0.9411939898974524,1.0,False,1.0,1.0,False,not_significant,False,False
10,smc_fvg_bullish_formed,1,68004,496,3881,0.5558643609199458,0.0065334826287078,0.0065779957931342,0.0662544613066918,0.4360013243603449,8.332658420326139,1.328473390473521,0.0065334826287078,0.4950281362208434,0.7194109812265294,-0.9918207162980088,0.1164504206081493,1.057935887236433,0.0495653006000271,-0.0445121744948046,0.0359126840555618,-0.0318665990761324,0.0059469434927816,0.0050423890767364,0.0068685818829981,percentile_bootstrap_subsample_20000,0.0023423764733801,0.0095515105121832,0.0018390985851788,0.0901589977992598,0.0768067086569541,0.103988992613183,0.0003815220643772,0.0007338566484196,True,0.0071342789100207,-0.0006007962813129,0.99540203809424,1.0,False,0.9995843308537108,1.0,False,not_significant,False,False
10,smc_internal_choch_bullish,1,26396,496,3573,0.5678890741021367,0.0063951662191522,0.0076113684474428,0.0604210461914126,0.3264691475312088,6.493044308796982,1.3482839618657367,0.0063951662191522,0.5313294233590591,0.7646388176440233,-0.8738818958391211,0.1396069249780011,1.0220514115197044,0.0446508044172,-0.0393782166365504,0.0337625715902458,-0.0279529025170717,0.0063609485589381,0.0055186350916448,0.0071848595706561,percentile_bootstrap_subsample_20000,0.0033811349871022,0.009340762130774,0.0015203409714851,0.1053380851193724,0.0913752298174328,0.1188966067063202,2.5946783003407885e-05,6.08884507813305e-05,True,0.0070818360884156,-0.0006866698692634,0.9671142148794576,1.0,False,0.9972006492036036,1.0,False,not_significant,False,False
10,ict_bpr_bearish,-1,26182,496,3238,0.4397295852112138,-0.007852787976803,-0.007514065222767,0.0649880223843514,-0.3109089341891538,6.544892396773436,0.7136008661310106,-0.007852787976803,-0.6065838186164505,-0.8349819930568393,-1.0,-0.2259226545436918,0.907543114904044,0.0425225762148589,-0.0495964982773383,0.0302722061574403,-0.03717976991347,-0.0081016648528556,-0.0089905738176379,-0.0071906250449031,percentile_bootstrap_subsample_20000,-0.0120559043760231,-0.004147425329688,0.0020175062007095,-0.1236640255859412,-0.1374379480201014,-0.1099114327071709,9.928848973223492e-05,0.0002043833238932,True,-0.0071625173392795,-0.0006902706375234,0.9658887329866196,1.0,False,1.0,1.0,False,not_significant,False,False
10,smc_swing_bos_bearish,-1,1245,445,664,0.4369477911646586,-0.0075868571605451,-0.0093436880998756,0.0889488662397045,0.7136810064687076,6.2751922719390265,0.780241421776566,-0.0075868571605451,-0.4281754483174194,-0.6500590322704443,-0.9999994733718776,-0.2532861763452276,1.003987123609552,0.057803602687236,-0.0640298872730918,0.0374908845652031,-0.0487288620600032,-0.0075868571605451,-0.0125094201236176,-0.0026326485844932,percentile_bootstrap_full,-0.018601600795033,0.0034278864739427,0.005619870382562,-0.0852945909405932,-0.1442708931510355,-0.0286827755559743,0.1770141481863612,0.1971803169670858,False,-0.006712994705132,-0.000873862455413,0.6810424519010012,1.0,False,0.9999999984678796,1.0,False,not_significant,False,False
10,smc_equal_lows,1,9341,495,2623,0.5511187239053634,0.005974045072359,0.0056553979357385,0.0588924169996906,0.2840098296706465,6.869153983780226,1.3335496421572552,0.005974045072359,0.5092246129529957,0.7446383193629071,-0.922548121700615,0.1220062824875881,1.083055760267965,0.0435671277123115,-0.0383701294569771,0.0325305919661542,-0.0272518566683116,0.005974045072359,0.0047680995898665,0.0071398741365281,percentile_bootstrap_full,0.0033242090360102,0.0086238811087077,0.0013519819937247,0.1014399709964423,0.0810766264483504,0.1213287656443379,9.928201638035931e-06,2.5508956033493786e-05,True,0.0070077111150639,-0.0010336660427048,0.9482885402630774,1.0,False,0.992379709406934,1.0,False,not_significant,False,False
10,ict_bpr_bullish,1,26830,496,3288,0.5595974655236675,0.006190668484569,0.0068384872670889,0.0626845626044529,0.1375848487604635,5.075353477875932,1.3210031056207234,0.006190668484569,0.4957665469802871,0.7056489530219877,-0.9435191279189356,0.1186841781768172,1.0361084702137762,0.0463650960402031,-0.0413812735564962,0.034936866330393,-0.0293680706342487,0.0060858777354605,0.0052394134153674,0.0069388753779495,percentile_bootstrap_subsample_20000,0.0026235153247101,0.0095482401462108,0.0017665438807806,0.0977057747551546,0.0840201356334744,0.1115198658007275,0.0004576450829154,0.0008523336993981,True,0.0072374171347075,-0.0010467486501385,0.9972843311401228,1.0,False,0.999328464929191,1.0,False,not_significant,False,False
10,smc_swing_bos_bullish,1,4576,492,2154,0.5697115384615384,0.006122059129534,0.0062187606018355,0.0497246617223495,0.592200591689004,7.995827210119556,1.4247754070054195,0.006122059129534,0.6180533332565995,0.9133786529664508,-0.6715250052069701,0.1953380709274875,1.070631002042047,0.037518864667734,-0.0321964832355158,0.0287133601638269,-0.0228362480965331,0.006122059129534,0.004687742284448,0.0075233327670917,percentile_bootstrap_full,0.003882076766609,0.0083620414924591,0.0011428691358234,0.1231191710004619,0.0945899347868496,0.1508263370047688,8.473432941639431e-08,3.468195808671023e-07,True,0.007233317647961,-0.0011112585184269,0.8976131031104506,1.0,False,0.9661333524434064,1.0,False,not_significant,False,False
10,ict_liquidity_sellside_pool_formed,-1,51635,495,3812,0.4251767212162293,-0.0082296747785722,-0.0090014036815511,0.0647433857712262,0.2149595008792122,7.678966956357291,0.6986155066961769,-0.0082296747785722,-0.6380982245448632,-0.9314165968220784,-1.0,-0.2353208399943725,0.9421794626154872,0.041919130538255,-0.0489096638637429,0.0291092916088328,-0.0375203795381129,-0.0081279064898018,-0.0090181303384465,-0.0072280502125288,percentile_bootstrap_subsample_20000,-0.0122096078244047,-0.004046205155199,0.0020825389316348,-0.1257883603732818,-0.1398039444701419,-0.1116350371652882,7.758152420746113e-05,0.0001655072516425,True,-0.0068871074769137,-0.0013425673016585,0.9999998401006972,1.0,False,1.0,1.0,False,not_significant,False,False
10,ict_mss_bearish,-1,36553,496,3540,0.4294038792985528,-0.0084623701195708,-0.0084442687519528,0.063558395723184,-0.0896495512122142,6.29389524349499,0.6876712922019007,-0.0084623701195708,-0.6683737115975126,-0.9377700115983196,-1.0,-0.2345609165276044,0.911418571080284,0.0418866422725691,-0.0482492839173391,0.0299859648952779,-0.037056603883474,-0.0081861572541433,-0.0090754076767379,-0.0073074166520422,percentile_bootstrap_subsample_20000,-0.0123010985155722,-0.0040712159927143,0.0020994983894749,-0.1277430777265112,-0.141881959033334,-0.1138453056538491,5.561978207248223e-05,0.0001216034986926,True,-0.0071051442793814,-0.0013572258401894,0.999990747902712,1.0,False,1.0,1.0,False,not_significant,False,False
10,ict_displacement_bullish,1,212461,496,4045,0.5603757866149552,0.0056631236355506,0.0064648459166241,0.0600854904982137,0.2552340461232614,8.319477692837232,1.3093364648985213,0.0056631236355506,0.4731367721456603,0.6660163890593427,-0.9982810036206508,0.1019391871141435,1.023039398000848,0.0439511649577862,-0.0398502716295398,0.0328299161095873,-0.0278828811628936,0.0055110157242725,0.0046778482900977,0.006365115676692,percentile_bootstrap_subsample_20000,0.0030380464938855,0.0079839849546596,0.0012617421699516,0.0906609093295196,0.0770761708378373,0.1046562185165164,7.178143013696319e-06,1.885601746881421e-05,True,0.0072136732067465,-0.0015505495711958,1.0,1.0,False,1.0,1.0,False,not_significant,False,False
10,ict_fvg_bullish_formed,1,112181,496,3897,0.5589716618678743,0.0056419965023506,0.0062563990054116,0.0591235506250743,0.4810577175547444,9.01780021565205,1.3145178891286882,0.0056419965023506,0.4790408789853584,0.692654707746504,-0.9773105866017984,0.1056433242391069,1.0333176377209723,0.0434980263801345,-0.0391950250630131,0.0322696530159505,-0.0278180447757829,0.0054532206485251,0.0046389446899533,0.0062305053740057,percentile_bootstrap_subsample_20000,0.0030180923722134,0.0078883489248368,0.0012424352061117,0.0932140523315638,0.0794196595694292,0.1065815370808627,5.596703673015203e-06,1.508582126481166e-05,True,0.0072716797912096,-0.001629683288859,1.0,1.0,False,1.0,1.0,False,not_significant,False,False
10,smc_internal_ob_bearish_formed,-1,42864,496,3649,0.4270483389324375,-0.0087024317979142,-0.0089724907064304,0.0688086831196796,0.2134062249780214,6.117154426914588,0.6982063024242101,-0.0087024317979142,-0.6348887805008624,-0.9200531938090613,-1.0,-0.2456538152930868,0.9344636002781056,0.0449770178351926,-0.0512701543293432,0.0312943199347431,-0.0388891069098618,-0.0076449237893807,-0.0086071188258675,-0.0066673717834914,percentile_bootstrap_subsample_20000,-0.0126035298178405,-0.0026863177609209,0.002529947503352,-0.109832131247197,-0.1241309406249284,-0.0955245287755145,0.000582213600127,0.001056387563117,True,-0.0070703526730708,-0.0016320791248434,0.9999999846653034,1.0,False,1.0,1.0,False,not_significant,False,False
10,ict_ob_bearish_formed,-1,22431,496,3167,0.4277562302171102,-0.0086744365955981,-0.0090446905945686,0.0708431847914538,0.268675885732959,6.204029593278023,0.705344094119051,-0.0086744365955981,-0.6146720569047704,-0.8934793625567634,-1.0,-0.2477344472203309,0.9415369627385934,0.0470457011288973,-0.0523205853413417,0.0325616815452697,-0.0396435424032053,-0.0086957572215499,-0.0096928048527192,-0.0077195040690316,percentile_bootstrap_subsample_20000,-0.0147480430274437,-0.0026434714156561,0.0030879576389636,-0.1225404158517516,-0.1369675388288919,-0.1083846429169148,0.0049677474285574,0.0075049231538721,True,-0.007026705567538,-0.00164773102806,0.9999707566673388,1.0,False,1.0,1.0,False,not_significant,False,False
10,ict_fvg_bearish_formed,-1,90730,496,3867,0.4286013446489584,-0.0087778230800699,-0.0087001894659577,0.0688431333586926,0.0490253685212209,8.495938720662645,0.6929134234525384,-0.0087778230800699,-0.640068515140192,-0.8935188178936774,-1.0,-0.2482595283723551,0.9216334765149188,0.0436076650785908,-0.0513198449785005,0.0298830161175649,-0.0382432337589363,-0.0082983144510253,-0.0092564877766,-0.0073375927989515,percentile_bootstrap_subsample_20000,-0.0126986803819891,-0.0038979485200616,0.0022451258956612,-0.1195006608635689,-0.1337974208301379,-0.1055500338845624,9.2401553995339e-05,0.0001913255706256,True,-0.0071196275989601,-0.0016581954811098,1.0,1.0,False,1.0,1.0,False,not_significant,False,False
10,ict_ob_bullish_formed,1,32541,496,3704,0.5644571463691958,0.0055280233880096,0.0064845262897952,0.0563592362399698,0.4639045324934915,8.338552547979788,1.3232618450053677,0.0055280233880096,0.4923852596014789,0.7075149558779004,-0.9128174889012516,0.1144891235571241,1.0160040178631695,0.0415857897618366,-0.037058456517777,0.0313783723719645,-0.0262517200591193,0.0057357038212367,0.0049621184251164,0.0065206961050279,percentile_bootstrap_subsample_20000,0.0035303907330479,0.0079410169094256,0.0011251804054507,0.1016530573057856,0.0881166644147131,0.1153413427637179,8.968837345878564e-07,2.896358482338766e-06,True,0.0071905621832946,-0.001662538795285,0.9999996734906992,1.0,False,0.9999999965055112,1.0,False,not_significant,False,False
10,ict_displacement_bearish,-1,190415,496,4069,0.4268886379749494,-0.0090159942042497,-0.0084535245442849,0.0652519562776657,-0.1620051900771678,9.44520573135058,0.6731773309676522,-0.0090159942042497,-0.693618004468068,-0.9506890835874212,-1.0,-0.2506232442713889,0.9013682639386764,0.0415976562292739,-0.0492625144019591,0.0290283595587742,-0.0366376643479819,-0.0090883508835242,-0.0099882376563769,-0.0081971938265367,percentile_bootstrap_subsample_20000,-0.0122372416608304,-0.005939460106218,0.0016066064362948,-0.1398798840727869,-0.1540604978831057,-0.1260824941835581,2.002038224616606e-08,9.707351932153008e-08,True,-0.007124264830897,-0.0018917293733527,1.0,1.0,False,1.0,1.0,False,not_significant,False,False
10,ict_liquidity_sellside_swept,-1,32884,495,3718,0.4205084539593723,-0.0088453830526892,-0.0096483999807519,0.0689675016405407,0.472897021893942,6.32231106769158,0.6937500218507934,-0.0088453830526892,-0.6438317970227996,-0.9570500406577216,-1.0,-0.2478883258577994,0.9542825546444852,0.0453431350878081,-0.0513568081765424,0.0311435375602084,-0.0394416125124215,-0.0082068899755026,-0.009158762098986,-0.0072538858293218,percentile_bootstrap_subsample_20000,-0.0131659676209634,-0.0032478123300418,0.0025301881286905,-0.1199952212598515,-0.1345629498914974,-0.1054542381753816,0.0004723968913933,0.0008751773987918,True,-0.0068706232631341,-0.001974759789555,0.9999999984340966,1.0,False,1.0,1.0,False,not_significant,False,False
10,smc_internal_ob_bullish_formed,1,58340,496,3895,0.5579876585533082,0.0051984258096331,0.005899601142312,0.0572212558865863,0.5122795325537792,7.847663501146396,1.2954837106759465,0.0051984258096331,0.4560523891097557,0.6675584796691612,-0.9270260774824384,0.1015806718275311,1.0218056632358183,0.0418617362534705,-0.0379740087563909,0.0310974916724438,-0.0272088354699181,0.005473581866017,0.0046908411289104,0.0062648432973439,percentile_bootstrap_subsample_20000,0.0032804255970505,0.0076667381349835,0.001118977832739,0.0954598703979971,0.0819751321348129,0.1088347904299325,3.389391877333457e-06,9.63643794121457e-06,True,0.0071791530291907,-0.0019807272195576,0.9999999999999992,1.0,False,1.0,1.0,False,not_significant,False,False
10,ict_volume_imbalance_bullish,1,117546,496,3872,0.5551443690129821,0.0050128544465555,0.0056853964140028,0.0587521245753676,0.3101096990945041,10.683211403033058,1.2783972067633884,0.0050128544465555,0.4283135254678121,0.5992073506394096,-0.9865593688918556,0.0871832423313164,1.0208370492686636,0.0421943474266707,-0.0392988827113293,0.0312286540229381,-0.0276927780801934,0.005296728376935,0.0044623141767606,0.0061095406345546,percentile_bootstrap_subsample_20000,0.0028306059962689,0.0077628507576011,0.001258248815114,0.0892417894425665,0.0753324860849893,0.1027213721222932,6.776687519845779e-05,0.0001465967283901,True,0.0070932330694562,-0.0020803786229006,1.0,1.0,False,1.0,1.0,False,not_significant,False,False
10,ict_volume_imbalance_bearish,-1,84642,496,3769,0.4163181399305309,-0.0093969326870335,-0.0100480433027178,0.0675463695185296,0.0140181397874516,9.27530470009974,0.669331950214672,-0.0093969326870335,-0.6983680698737467,-0.9831983688819071,-1.0,-0.2607814638659879,0.936453103965422,0.0423447968715054,-0.0504842435565787,0.0285247701547875,-0.0378225923409462,-0.0093109824478857,-0.0102627040718727,-0.008364295798093,percentile_bootstrap_subsample_20000,-0.0136651585109792,-0.0049568063847921,0.0022215592036861,-0.1355357389794822,-0.1498065557241947,-0.121436807481905,2.338142058919634e-05,5.560986518511562e-05,True,-0.0070807676453006,-0.0023161650417329,1.0,1.0,False,1.0,1.0,False,not_significant,False,False
10,ict_ob_bullish_mitigated,-1,20531,496,3022,0.4186839413569724,-0.0094232171956191,-0.0114601452036551,0.0872782976359794,0.6915763361415044,7.343373072401619,0.7261080183011368,-0.0094232171956191,-0.5419924101961184,-0.8168415587372553,-1.0,-0.2855551121834038,1.0066343943804847,0.0575646312281529,-0.0622112018483029,0.0356363932291666,-0.0458064774539832,-0.0095013799684134,-0.0107052723665893,-0.0083022568163658,percentile_bootstrap_subsample_20000,-0.0219629755252287,0.0029602155884018,0.0063580736976879,-0.1087871212013078,-0.1232408391995337,-0.0943418832001546,0.138317196623267,0.156551939586463,False,-0.0069758815281011,-0.002447335667518,0.9999999947878212,1.0,False,1.0,1.0,False,not_significant,False,False
10,smc_swing_ob_bearish_mitigated,1,3846,492,1736,0.5652626105044202,0.004391963490538,0.0091718215342821,0.0833793218300766,-1.04669121653123,7.355899922527158,1.1683984899741109,0.004391963490538,0.2644238554507933,0.3019816570572353,-0.993697702167088,0.0141327079239395,0.893765726231346,0.0567409571759433,-0.0586259559851195,0.0434167779826771,-0.0350088458236956,0.004391963490538,0.0018001516046768,0.0070323092976275,percentile_bootstrap_full,-0.0071016479052396,0.0158855748863157,0.0058641951565323,0.0526744928375483,0.0210936984614489,0.0862609064319347,0.4538899604417563,0.4769231823149201,False,0.0068690334951025,-0.0024770700045645,0.9927880305762212,1.0,False,0.988978453254588,1.0,False,not_significant,False,False
10,ict_bos_bullish,1,80739,496,3887,0.552013277350475,0.0043520961359336,0.0050373596075867,0.0546127811492979,0.7025602369288688,10.258749626763112,1.2580413326991424,0.0043520961359336,0.4000409565608728,0.586795436364893,-0.9703425733366398,0.0775136144466622,1.0162503556545406,0.0395839817473636,-0.0369482615569303,0.0291069305221673,-0.0263630473785115,0.0046052427461276,0.0038404080383059,0.0053644395243097,percentile_bootstrap_subsample_20000,0.0025823245519748,0.0066281609402804,0.0010321200767732,0.084691841387931,0.0709258867927271,0.0984430619808517,2.4795090290208302e-05,5.857632068559277e-05,True,0.0072348706117669,-0.0028827744758332,1.0,1.0,False,1.0,1.0,False,not_significant,False,False
10,smc_internal_bos_bullish,1,31944,496,3635,0.5498059103431004,0.0042095340036705,0.004727797834148,0.0544165658628601,0.7059044075938395,9.316018320489976,1.2482402822747551,0.0042095340036705,0.3883319840597546,0.5790536977888822,-0.8513365098747911,0.0842104575327789,1.0172557740817951,0.0395570704868225,-0.0368136822097878,0.0290964206461681,-0.0265760869939389,0.0042317904352256,0.0034775215819769,0.0049783435355085,percentile_bootstrap_subsample_20000,0.0022199024649042,0.0062436784055471,0.0010264923081859,0.0780907488476136,0.0643777001794905,0.0917493332969006,4.115607766039122e-05,9.346412475134006e-05,True,0.0072595680670288,-0.0030500340633582,1.0,1.0,False,1.0,1.0,False,not_significant,False,False
10,smc_internal_bos_bearish,-1,16549,495,2936,0.412230346244486,-0.0103466794106852,-0.0112136185345887,0.0742478554367181,0.4301778801165936,5.699288151634331,0.671670185364281,-0.0103466794106852,-0.699547725872969,-1.0461085031117574,-1.0,-0.2835923483258392,0.955815619981888,0.0481272465996714,-0.0553996446077053,0.032400724907868,-0.0418848399546605,-0.0103466794106852,-0.011458387432479,-0.0092073890788903,percentile_bootstrap_full,-0.0168751711197383,-0.0038181877016322,0.0033309242971059,-0.139353242593031,-0.1551870054536087,-0.123351764662974,0.0018947725545798,0.0031166352299631,True,-0.0070495893814073,-0.0032970900292779,0.999999999994352,1.0,False,1.0,1.0,False,not_significant,False,False
10,smc_fvg_bearish_formed,-1,67673,496,3774,0.4209655253941749,-0.0108983512375711,-0.0106353504893286,0.0776065829459852,0.0225120385364951,8.292123456089525,0.664652616556483,-0.0108983512375711,-0.7049568082607361,-0.9739518335036632,-1.0,-0.3010662786548684,0.9122408490367344,0.0492454440981944,-0.0586302377876609,0.0331001224514454,-0.0432493883916269,-0.0110586043213705,-0.0121532701982714,-0.0099918136813784,percentile_bootstrap_subsample_20000,-0.0176604269319785,-0.0044567817107624,0.0033683387095926,-0.1414107728279813,-0.1558457149425925,-0.1272506845433098,0.0012141835139433,0.0020848419361368,True,-0.0069589399780843,-0.0039394112594868,1.0,1.0,False,1.0,1.0,False,not_significant,False,False
10,ict_bos_bearish,-1,42496,496,3598,0.402414344879518,-0.0119880474476639,-0.0122902238398807,0.0742945940468261,0.3237595036922701,10.268080276867352,0.624438431712417,-0.0119880474476639,-0.8100121058067259,-1.166949716149716,-1.0,-0.322969833952881,0.925429367482574,0.0468144056650076,-0.0553958764487237,0.030789223404876,-0.0418259967008453,-0.0116818120486676,-0.0127195654440567,-0.0106489852956761,percentile_bootstrap_subsample_20000,-0.0174490683497788,-0.0059145557475564,0.0029425317511501,-0.1552682610045565,-0.1702459211376536,-0.1408914907159331,4.6200803744732605e-05,0.0001035839676315,True,-0.0070616104740594,-0.0049264369736044,1.0,1.0,False,1.0,1.0,False,not_significant,False,False
20,smc_swing_ob_bearish_mitigated,1,3834,492,1729,0.6082420448617631,0.0211153624708311,0.020697233752095,0.1079836342751148,0.0282710108898324,5.868165599398759,1.7404915701805432,0.0211153624708311,0.6941061200528191,0.9668136761466608,-0.8418502074109668,0.2464996469410956,1.1172881134478017,0.0835649450615181,-0.0755990882064067,0.0656322512136735,-0.0501720947848761,0.0211153624708311,0.0177597658230571,0.0245255480389561,percentile_bootstrap_full,0.0087144464658441,0.033516278475818,0.0063271141740292,0.1955422468652475,0.1636622168922638,0.2284608129611997,0.0008460214666814,0.0014964801822706,True,0.0137888054694684,0.0073265570013626,1.701136960360687e-07,3.522354176746834e-06,True,0.0002118795826534,0.0093227016367499,True,significant_small_effect,False,True
20,ict_sweep_sellside_bullish,1,49087,496,3909,0.5967364067879479,0.0190539720118145,0.0176029325602344,0.0900841971334366,0.4866462124193974,5.632334554809578,1.7980648929200156,0.0190539720118145,0.7507964028798688,1.1975714710637326,-0.9923531386250504,0.2090066046959562,1.2125827493766894,0.072885472107001,-0.0576131747185261,0.0560169475960685,-0.0405757787962562,0.0189032638887814,0.0176418646879597,0.020149361794504,percentile_bootstrap_subsample_20000,0.0125582921630191,0.0252482356145437,0.003237289932755,0.2112501505591645,0.1973073755559686,0.2251689755181396,3.961842336564787e-09,2.6312613254166134e-08,True,0.0141071376477967,0.0049468343640178,3.245880105254394e-38,1.1425497970495468e-35,True,1.3639948815068427e-20,4.801261982904086e-18,True,significant_small_effect,False,True
20,smc_internal_ob_bearish_mitigated,1,42138,496,4029,0.595851725283592,0.0176519807538164,0.0166802618641813,0.0901603539159021,0.4905335165804093,7.936661015398897,1.7311440790680095,0.0176519807538164,0.6949652830781378,1.0632389309017516,-0.9360904442964406,0.1986108477761847,1.1712870644896984,0.0718762865627134,-0.0576908390779516,0.0553888601026143,-0.0406031943006517,0.0171171203856681,0.0158721095108617,0.0183445840933636,percentile_bootstrap_subsample_20000,0.0116877234980079,0.0225465172733284,0.0027701513332184,0.1907723969496645,0.1772509515325623,0.2043917191554739,1.8632582822542289e-10,2.115699726946737e-09,True,0.014214043680588,0.0034379370732283,1.5161872494215408e-16,5.9299767977375816e-15,True,5.581209658153393e-09,4.911464499174986e-07,True,significant_small_effect,False,True
20,ict_sweep_buyside_bearish,-1,65302,496,3992,0.4264187926862883,-0.011383698958397,-0.012172697218368,0.0845762603606967,-0.4474214602795421,12.88724215117915,0.6859350232827904,-0.011383698958397,-0.4777714524911416,-0.6689558404909687,-1.0,-0.1861060935190229,0.9214034168603308,0.0556491369812372,-0.0650685127474313,0.0398758661729183,-0.0508607581961862,-0.0116021491841004,-0.0127731743595246,-0.0104215161848027,percentile_bootstrap_subsample_20000,-0.0167305749899611,-0.0064737233782396,0.0026165918383504,-0.1368032424411801,-0.1504993531726159,-0.1232324673879157,1.3577628714518166e-05,3.389592416674039e-05,True,-0.0141723095332598,0.0027886105748627,8.193970993332948e-18,3.605347237066496e-16,True,1.0,1.0,True,significant_small_effect,False,True
20,ict_nwog_gap_up,1,146898,496,850,0.5934525997631009,0.0166230579049221,0.0151652901240544,0.0856737705830022,0.8082693995104915,9.13213230639479,1.732636400836956,0.0166230579049221,0.6887289036216345,1.0998414821421405,-0.9894838019254312,0.1794344653267474,1.1843468245738464,0.0686080565063412,-0.0544502451371866,0.0520272772228733,-0.0391121620811242,0.0175556106658465,0.0163554283238921,0.0187406995457426,percentile_bootstrap_subsample_20000,0.0127055432441128,0.0224056780875803,0.0024745696460413,0.2045128472188623,0.1909626750935483,0.2178821716237828,1.8479891859298942e-11,3.653452626577375e-10,True,0.0144370125884595,0.0021860453164626,6.2859530031076716e-24,5.531638642734752e-22,True,2.690164495680406e-09,3.156459674931677e-07,True,significant_small_effect,False,True
20,smc_swing_ob_bullish_mitigated,-1,6763,494,2691,0.4088422297796836,-0.0128315156240382,-0.0133730008453318,0.0856247466558152,-0.919474053143492,17.417580035175746,0.6466473232840664,-0.0128315156240382,-0.5319415692407929,-0.7026475147570411,-1.0,-0.2108457791438343,0.9338382502254166,0.05620896016831,-0.0644163668566162,0.0378993410758565,-0.049156278112139,-0.0128315156240382,-0.0149104043748798,-0.010788312526159,percentile_bootstrap_full,-0.0203881886851841,-0.0052748425628922,0.0038555162549648,-0.1498575601702733,-0.1740194558726954,-0.1266054752268829,0.0008744275476962,0.0015313358049207,True,-0.0141853550793796,0.0013538394553414,0.0948783556153421,0.5566196862766739,False,1.0,1.0,False,not_significant,False,False
20,ict_nwog_gap_down,-1,130422,496,849,0.4195151124810231,-0.0135426227279192,-0.0134958650803425,0.0928806894692279,-0.1629509945866691,8.370093570265224,0.6582286598710827,-0.0135426227279191,-0.5175622854780741,-0.7139850998717798,-1.0,-0.2172598806800954,0.909470523612496,0.058589785370202,-0.0699921677255467,0.0404618999851024,-0.052954967492434,-0.0118745556486536,-0.0131392363923827,-0.0105746935637284,percentile_bootstrap_subsample_20000,-0.0192106463002192,-0.004538464997088,0.0037429721421238,-0.1283237456947696,-0.1422168703805388,-0.1140188689266949,0.0002967200714,0.0005770467686896,True,-0.0142742039892824,0.0007315812613632,0.0007834401605351,0.0102137383891986,True,1.0,1.0,True,significant_small_effect,False,True
20,ict_bpr_bearish,-1,26126,496,3229,0.4258210212049299,-0.0136744572385962,-0.0129779673968449,0.0928861078288636,-0.3570254118689228,8.863980814597145,0.6609317145997687,-0.0136744572385962,-0.5225701576160602,-0.7194773470545864,-1.0,-0.2128488692821193,0.8898368738225022,0.0597249557740806,-0.07231769759768,0.0423460505614947,-0.0549996146259986,-0.0138322274909149,-0.0150911088578855,-0.0125335499114866,percentile_bootstrap_subsample_20000,-0.0206444896003459,-0.0070199653814839,0.0034757077729136,-0.1475534877828803,-0.1611782532643741,-0.1336378183960556,8.344149748011974e-05,0.000174829804244,True,-0.0143852913413665,0.0007108341027703,0.0925586019735516,0.5522140321133929,False,1.0,1.0,False,not_significant,False,False
20,ict_liquidity_buyside_pool_formed,1,58783,496,3911,0.5886055492234149,0.0140638470289222,0.0149373709232072,0.0821436875069851,0.1544771629944499,5.732382137173188,1.6033955506051574,0.0140638470289222,0.607736347896514,0.8988605218610654,-0.9977754345525468,0.1433079250026186,1.1182525442674294,0.0656753288866879,-0.0531890281364924,0.0515790723539268,-0.038275081149492,0.0133845275074117,0.0122580669074487,0.0144852586266836,percentile_bootstrap_subsample_20000,0.0086013399220635,0.01816771509276,0.0024404466537896,0.1640618846703145,0.1499544881196867,0.1779691947138014,8.272156140507716e-09,4.773440920424125e-08,True,0.0137355226167324,0.0003283244121898,0.1673748354799118,0.8926657892261964,False,0.9873955175656168,1.0,False,not_significant,False,False
20,smc_internal_choch_bullish,1,26334,496,3563,0.5892002734107997,0.0144064135507719,0.0146287247250774,0.0852901442555661,0.50446807822771,7.564633049245511,1.6053943449436616,0.0144064135507719,0.5995733225586513,0.9156295282480376,-0.95078954737158,0.1524007170867901,1.1170299914934114,0.0670512661255981,-0.0546288627058666,0.0512173290525262,-0.038452015626672,0.0143122295000954,0.0131177011694074,0.0155215578918338,percentile_bootstrap_subsample_20000,0.0089345775339935,0.0196898814661974,0.0027437503781201,0.1683960988846224,0.1547182158731454,0.1820901101751683,1.515812312084554e-07,5.928510376152923e-07,True,0.0142228159961644,0.0001835975546074,0.3641889628729237,1.0,False,0.8254707257295346,1.0,False,not_significant,False,False
20,smc_internal_ob_bullish_mitigated,-1,53922,496,4019,0.4170283001372352,-0.014259087012644,-0.0139363918268283,0.0914024940952973,-0.6464290053244001,12.966950558401107,0.6384457564839543,-0.014259087012644,-0.5537566380607241,-0.7365591043292551,-1.0,-0.2259035437633895,0.8909337767806503,0.0589875434543087,-0.0699734848948792,0.0408304400702318,-0.0528307528108159,-0.0133983859210992,-0.0146878868729393,-0.0121170214720791,percentile_bootstrap_subsample_20000,-0.0198640959030988,-0.0069326759390996,0.003298892215367,-0.1457152571980292,-0.1596779338236178,-0.1316920159443537,1.543505257601971e-05,3.7969555896554654e-05,True,-0.0143000185057279,4.093149308391497e-05,0.4554575206425164,1.0,False,1.0,1.0,False,not_significant,False,False
20,ict_mss_bullish,1,36403,496,3737,0.5873142323434882,0.0143034274504244,0.0147808394945254,0.0861539512796242,0.6315398656091759,8.97923872237368,1.592921254338492,0.0143034274504244,0.5893186560452147,0.9068401045223952,-0.9399384027727866,0.151781010283222,1.117205528943203,0.0672282059614618,-0.0551365289293951,0.0514075197347303,-0.0390056436888116,0.0144710610395296,0.0132725058391141,0.0156725098027539,percentile_bootstrap_subsample_20000,0.0091088714028547,0.0198332506762045,0.0027358612896333,0.1674572946739699,0.1540383118071012,0.1810128429140421,1.712368328570312e-07,6.623666501722526e-07,True,0.0142917888900073,1.16385604171914e-05,0.4896795029733754,1.0,False,0.8997485901145531,1.0,False,not_significant,False,False
20,smc_fvg_bullish_formed,1,67681,496,3871,0.5748142019178204,0.0142641317473745,0.0129199011612044,0.0946626084735026,1.0494737997791737,11.943086939708936,1.54253455712581,0.0142641317473745,0.5348748115961737,0.8536847629397178,-0.9984707713684644,0.1327717116138942,1.1390188726751271,0.0737541311172819,-0.0614302131979016,0.0542495238261284,-0.0440116412479988,0.0139632986523919,0.0126827992555233,0.0152671034035469,percentile_bootstrap_subsample_20000,0.0078841733705396,0.0200424239342442,0.0031016515006665,0.1499572234811432,0.1365556132379883,0.1635677043264365,4.2476263813815406e-06,1.1866384811478589e-05,True,0.0143259534101124,-6.182166273791499e-05,0.5748205255306451,1.0,False,0.9480588005456,1.0,False,not_significant,False,False
20,ict_bpr_bullish,1,26743,496,3278,0.5803013872789141,0.0142553836918873,0.0140125229097425,0.0894339198045117,0.5360580767428813,7.398806476397768,1.564046144192904,0.0142553836918873,0.5657986641595101,0.8630872079417895,-0.9310574874702672,0.1480060020254512,1.1295720848066286,0.0698587693384179,-0.0581197455290172,0.0531015452537053,-0.0411755928643472,0.01428955859102,0.0130412878384441,0.0155155642276606,percentile_bootstrap_subsample_20000,0.0086392737540298,0.0199398434280102,0.0028828513365501,0.1594552622437823,0.1457836767772207,0.1731895627238126,7.618674355470294e-07,2.5063302552575177e-06,True,0.0145460879518631,-0.0002907042599758,0.7066789516678731,1.0,False,0.8780505152033005,1.0,False,not_significant,False,False
20,smc_equal_lows,1,9314,495,2614,0.5805239424522225,0.0135876755140378,0.0126475121354218,0.0865355821008485,1.1023675200648455,13.39113352655206,1.5692644233648465,0.0135876755140378,0.5573599006769399,0.8773781885271615,-0.9647342928351672,0.1380188137545281,1.1298587756906504,0.0659425355729766,-0.054188567954339,0.0500348701931541,-0.0387482878668061,0.0135876755140378,0.0118250859968234,0.0153239010159776,percentile_bootstrap_full,0.0089322909993571,0.0182430600287184,0.0023752398078131,0.1570183638240597,0.1375760681523386,0.1765050286627805,1.0618045086957268e-08,5.8399247978264974e-08,True,0.0140759517639241,-0.0004882762498863,0.7062510572605385,1.0,False,0.9284112545827248,1.0,False,not_significant,False,False
20,ict_liquidity_buyside_swept,1,44150,496,3842,0.5865005662514157,0.0127443097306556,0.0137704973083099,0.0790872036943642,0.329763406039034,5.9671988953992425,1.5605275312137905,0.0127443097306556,0.5719991322879286,0.8679078499140919,-0.9809230847247836,0.1307912636049186,1.09768473212049,0.0627441986589907,-0.0517794619015134,0.048728625670935,-0.0372890249508798,0.0120459389706878,0.0109264557036272,0.013137815680981,percentile_bootstrap_subsample_20000,0.0075740052428117,0.0165178726985639,0.0022816407484403,0.1525436717378998,0.1385570769602212,0.1663371544732738,2.3290814061849032e-08,1.0510726345860077e-07,True,0.0137786762301179,-0.0010343664994622,0.9957884018884198,1.0,False,0.9999999027512948,1.0,False,not_significant,False,False
20,smc_equal_highs,-1,10461,495,2895,0.4081827741133735,-0.0150753425591014,-0.0142146475430671,0.0834425242151053,-0.399816651038413,6.601238932383946,0.601086674114713,-0.0150753425591014,-0.6413055945476002,-0.8669547775119026,-1.0,-0.2133989257047467,0.8703791349066208,0.0521762308960875,-0.0660328487441073,0.0376332958497778,-0.0504633494824453,-0.0150753425591014,-0.0166815354563911,-0.0134986578538761,percentile_bootstrap_full,-0.0197941361497981,-0.0103565489684047,0.0024075919714324,-0.1806673839377017,-0.1998849232016393,-0.1620419834081881,3.810832029350343e-10,3.6254402008954614e-09,True,-0.0139649135517844,-0.0011104290073169,0.9089643496449862,1.0,False,1.0,1.0,False,not_significant,False,False
20,smc_internal_choch_bearish,-1,26265,496,3340,0.4160289358461831,-0.0153634843608196,-0.0149136999584844,0.0914731226382909,-0.1138126019845254,6.55836642729947,0.6230726920727213,-0.0153634843608196,-0.5961856112713365,-0.8335170584999407,-1.0,-0.2277208245249493,0.8735676436857407,0.0590270879543552,-0.0711003319699386,0.0418525715390339,-0.0547528558926104,-0.0154019932519562,-0.0167018555060512,-0.014135760641638,percentile_bootstrap_subsample_20000,-0.0229896364771762,-0.0078143500267362,0.0038713176493139,-0.1683046876368302,-0.1828856893476666,-0.1541566826871613,7.231389573638685e-05,0.0001552103128,True,-0.0142219796413831,-0.0011415047194364,0.9844765540288494,1.0,False,1.0,1.0,False,not_significant,False,False
20,ict_ob_bearish_mitigated,1,20062,496,3494,0.5835410228292294,0.0127582602250134,0.0125719820408375,0.0819001847453272,0.7395287591857549,9.040347721050756,1.5603955775059837,0.0127582602250134,0.5529576199572558,0.8456923055414075,-0.9895421568949312,0.1275349111263622,1.109884169632897,0.0632426860571906,-0.0514348766831012,0.0478767700929968,-0.0368809112249328,0.012758866139973,0.0116238884146452,0.0138952824265066,percentile_bootstrap_subsample_20000,0.0079270612799123,0.0175906710000338,0.0024652518413913,0.1557733185961924,0.1421676547756206,0.169483914027823,2.2762300432985627e-07,8.260133765372101e-07,True,0.0142293345398857,-0.0014710743148722,0.9918443523920094,1.0,False,0.999823661282041,1.0,False,not_significant,False,False
20,ict_fvg_bearish_formed,-1,90534,496,3857,0.4143084366094506,-0.0158917153259067,-0.0152370741793937,0.0959428073305058,-0.3543614604890065,10.285707430388554,0.6234966907715599,-0.0158917153259067,-0.5879543764098994,-0.8014257184092899,-1.0,-0.2413272343521084,0.8803323133984327,0.0606926043575328,-0.0747322451280478,0.0421297655532855,-0.0566297125890259,-0.0151859236276081,-0.0165094951768594,-0.0138328311011341,percentile_bootstrap_subsample_20000,-0.0224035658797488,-0.0079682813754675,0.0036825381752627,-0.1612068478941113,-0.1755711495758721,-0.14652702209065,1.5929651761612077e-05,3.861700068538281e-05,True,-0.0143051907929323,-0.0015865245329743,0.9999999871377596,1.0,False,1.0,1.0,False,not_significant,False,False
20,ict_mss_bearish,-1,36469,496,3530,0.4147632235597356,-0.015875063356587,-0.0152278717479761,0.0910494394956693,-0.330523286607521,8.231817839897113,0.6112170353151759,-0.015875063356587,-0.6189042474037237,-0.8455297038771155,-1.0,-0.2342382610890958,0.8611428163163899,0.0583543711299519,-0.0707098948628136,0.041711006488039,-0.0541869282994438,-0.0156094434768024,-0.0168827078164405,-0.0143452552512257,percentile_bootstrap_subsample_20000,-0.0228102343575258,-0.008408652596079,0.0036739403788658,-0.171769386299686,-0.185824476966329,-0.1576487574374484,1.5533000139499633e-05,3.7969555896554654e-05,True,-0.0142672000526009,-0.0016078633039861,0.9998289626721028,1.0,False,1.0,1.0,False,not_significant,False,False
20,ict_displacement_bullish,1,211931,496,4035,0.5770698953904808,0.0127224681051473,0.0125523553737056,0.0858501064474522,0.7146028706153201,10.962685276667566,1.5243244900433548,0.0127224681051473,0.526036410175416,0.8007167301213041,-0.9998633492090638,0.1206715288668293,1.1146854194886904,0.0657459961828454,-0.0558242246345017,0.0495574358903716,-0.0395346755102722,0.013271771393941,0.0120728035855153,0.0144497428737443,percentile_bootstrap_subsample_20000,0.0087268851457757,0.0178166576421062,0.0023188621057148,0.1550042366321045,0.1413247240204379,0.1685295100996254,4.0994425018591264e-08,1.7385587477764005e-07,True,0.0144887257444517,-0.0017662576393044,1.0,1.0,False,1.0,1.0,False,not_significant,False,False
20,smc_swing_choch_bullish,1,2693,492,1480,0.5759376160415893,0.0119575883306609,0.0110796649743809,0.0758498092751527,0.313699132244442,4.340094457336704,1.5460708116369255,0.0119575883306609,0.5595957109478852,0.8875115349069235,-0.7895952655344967,0.1531440450456773,1.137373820810917,0.061377585229718,-0.0505550378452071,0.0469828422295255,-0.0383251061841715,0.0119575883306609,0.0090826893155121,0.0148682677374449,percentile_bootstrap_full,0.0059852242332291,0.0179299524280926,0.0030471805081275,0.1576482320118114,0.1199557977420373,0.195345765719662,8.703709538176726e-05,0.0001812843643454,True,0.0139446816041841,-0.0019870932735232,0.8811300458922009,1.0,False,0.9780687806274876,1.0,False,not_significant,False,False
20,ict_volume_imbalance_bullish,1,117261,496,3862,0.5776003956984845,0.0121050803726407,0.0124574542833157,0.0836458147988728,0.6754772899480781,10.22359203658342,1.5101642493202774,0.0121050803726407,0.513699016054111,0.7774386851967627,-0.9969021289991624,0.1148706080096114,1.1019984919298005,0.0633935052188658,-0.0550348450103819,0.047874857557236,-0.0390676784360927,0.011862901669945,0.0107114231642617,0.0130292205685691,percentile_bootstrap_subsample_20000,0.0073227158272581,0.016403087512632,0.0023164638956057,0.1408003625129405,0.1272452140828912,0.154248513084775,1.7352378730728794e-07,6.639170992626668e-07,True,0.0142399677550831,-0.0021348873824424,1.0,1.0,False,1.0,1.0,False,not_significant,False,False
20,smc_internal_ob_bullish_formed,1,58196,496,3885,0.5799195821018627,0.0121642453737279,0.012462823864301,0.0819141085606402,0.8120182274316644,10.39793430511467,1.5263871734781935,0.0121642453737279,0.5271227196147809,0.8149545537815776,-0.9508804194231594,0.1238593147716061,1.1031018151984693,0.0627319936708394,-0.0530974857344482,0.0473496692903172,-0.0381512447027619,0.0121565240042498,0.0110256071836935,0.0132958222964596,percentile_bootstrap_subsample_20000,0.0079964212836846,0.016316626724815,0.0021225403734788,0.1493817200282378,0.1358416396849418,0.1631524340217512,9.984956003124601e-09,5.668878246935257e-08,True,0.0144126069960058,-0.0022483616222779,0.9999999999193862,1.0,False,0.9999999999995444,1.0,False,not_significant,False,False
20,ict_displacement_bearish,-1,189952,496,4059,0.4093928992587601,-0.0166809993419944,-0.0155827805327225,0.0923935656079117,-0.4641499420145309,10.505959175138194,0.5975777908450828,-0.0166809993419944,-0.6408636076749964,-0.860832335546095,-1.0,-0.2491760952054728,0.860853206419485,0.0576787169088979,-0.0722970881157021,0.0407733662525439,-0.0549514920225029,-0.0173071117019082,-0.0185695377073577,-0.0160724165168057,percentile_bootstrap_subsample_20000,-0.023076167742202,-0.0115380556616144,0.0029434500022928,-0.1912938593925523,-0.2055561384327006,-0.1775647737240025,1.4518455825898325e-08,7.401407576997351e-08,True,-0.0143123736123255,-0.0023686257296688,1.0,1.0,False,1.0,1.0,False,not_significant,False,False
20,ict_ob_bullish_formed,1,32461,496,3694,0.5826068204922831,0.0119689567312478,0.0127158010725609,0.0808647410731315,0.7802751066562059,10.897475691420944,1.523776588305827,0.0119689567312478,0.5253906857513458,0.7997440567988733,-0.9338879247445776,0.1243447873739336,1.08973553071258,0.0620470690021884,-0.0519030242284314,0.0474256382247328,-0.0370943231091995,0.0120370510802312,0.0109284257308868,0.0131499237294158,percentile_bootstrap_subsample_20000,0.007890561751642,0.0161835404088204,0.0021155946377531,0.1510472416780266,0.1371682161619443,0.164510014948967,1.5360224573431993e-08,7.615209929363467e-08,True,0.0144421313259077,-0.0024731745946599,0.9999999132023968,1.0,False,0.999999999444566,1.0,False,not_significant,False,False
20,smc_swing_ob_bullish_formed,1,7259,494,2613,0.583413693346191,0.0118111680746791,0.0113915321831385,0.0753463816088731,1.0483531258174763,12.613765943206753,1.5715180362469785,0.0118111680746791,0.556436642365627,0.8704774252127512,-0.8721267147952294,0.1379979460498109,1.1199153325604203,0.0579651429543948,-0.0475644498627589,0.0446424953378337,-0.0342527530036935,0.0118111680746791,0.0100803195593782,0.0135482618102304,percentile_bootstrap_full,0.0072395513130572,0.016382784836301,0.0023325003732833,0.1567582652607198,0.1346508050531505,0.1786678371428089,4.111170614677834e-07,1.4049825789966965e-06,True,0.0143042981341057,-0.0024931300594266,0.9937798142004723,1.0,False,0.9997180032482494,1.0,False,not_significant,False,False
20,ict_fvg_bullish_formed,1,111869,496,3887,0.5758968078734948,0.0121047103387998,0.0122863604345084,0.0858304301836713,0.8800048113916623,11.904824329213106,1.4957808455797748,0.0121047103387998,0.5006086906175685,0.7723427819220746,-0.9942200805137552,0.113181778325001,1.0994598671700462,0.0652672216922437,-0.0554110805999835,0.0488754886767444,-0.0392959119646318,0.0124709021341663,0.0112451345134372,0.0137024589821261,percentile_bootstrap_subsample_20000,0.0079178803292737,0.0170239239390589,0.0023230129762039,0.1422630332971141,0.128990248703778,0.1557036993701925,1.880479964930117e-07,7.11751556618711e-07,True,0.0146104380680363,-0.0025057277292364,1.0,1.0,False,1.0,1.0,False,not_significant,False,False
20,ict_volume_imbalance_bearish,-1,84372,496,3759,0.4043047456502157,-0.0169106042407474,-0.0161188863766417,0.0936781468086785,-0.5366149030841619,11.93112072751058,0.5972283566627188,-0.0169106042407474,-0.6407758091522138,-0.8611484891650069,-1.0,-0.2509324179521883,0.8786848254042133,0.0586816169887542,-0.0735104862428276,0.0403627413855713,-0.056090639375131,-0.0170520206846951,-0.0183388216484321,-0.0157408092485616,percentile_bootstrap_subsample_20000,-0.023895894774437,-0.0102081465949531,0.0034918366305411,-0.1815577974193969,-0.1954437385209474,-0.1675649304657317,1.2795979475316068e-06,4.0578241219020326e-06,True,-0.0142208313755292,-0.0026897728652182,1.0,1.0,False,1.0,1.0,False,not_significant,False,False
20,smc_swing_bos_bullish,1,4566,492,2147,0.5878230398598335,0.0117248102671104,0.0117208012659446,0.0750560763050723,1.4955553018285417,17.716264735378765,1.587999923916108,0.0117248102671104,0.5545047095187119,0.8609302826498155,-0.7774573207617422,0.1543693474701349,1.110534969146995,0.0559525045296367,-0.0458006186238774,0.0435578587999594,-0.0318827163058031,0.0117248102671104,0.0095606490502004,0.0139080959506029,percentile_bootstrap_full,0.00692103923539,0.0165285812988307,0.0024509486050357,0.1562140048389131,0.1287259528619483,0.1835058110438172,1.7202500360926835e-06,5.220069075039867e-06,True,0.0145163978526951,-0.0027915875855846,0.9879086391393196,1.0,False,0.9977680744060308,1.0,False,not_significant,False,False
20,ict_liquidity_sellside_pool_formed,-1,51479,495,3802,0.4055245828396045,-0.0172935768499903,-0.0165656019930926,0.0883606818432452,-0.2633406426202007,5.231687038579285,0.5830855076060295,-0.0172935768499903,-0.694721984340564,-0.9626991040771916,-1.0,-0.241956769399412,0.8538476704117801,0.0578002432709746,-0.0715824638688815,0.0405042429447016,-0.0560091451455191,-0.0173062849237732,-0.0185432731958872,-0.0160632782301711,percentile_bootstrap_subsample_20000,-0.0230823762955893,-0.0115301935519571,0.0029470395230811,-0.1954931369664453,-0.2095655633018051,-0.1815173075882933,4.407684661979934e-09,2.8209181836671583e-08,True,-0.0138167963911155,-0.0034767804588747,1.0,1.0,False,1.0,1.0,False,not_significant,False,False
20,smc_internal_ob_bearish_formed,-1,42774,496,3640,0.4055501005283583,-0.0181306930229006,-0.0168719970702757,0.0962938393027474,-0.0930758772824185,7.653693663091774,0.5852520563768946,-0.0181306930229006,-0.6683457252699275,-0.9270447823022686,-1.0,-0.2627592129837418,0.8567750026916029,0.0609271773421784,-0.0750685494975231,0.0424450300506992,-0.0576952554320645,-0.0175838849950565,-0.0188903995693236,-0.016225463268933,percentile_bootstrap_subsample_20000,-0.0256038249050033,-0.0095639450851097,0.0040918812335057,-0.185055106330855,-0.1996425530203231,-0.170140976700038,9.384310551812565e-06,2.428880378116193e-05,True,-0.0141986155774466,-0.0039320774454539,1.0,1.0,False,1.0,1.0,False,not_significant,False,False
20,ict_ob_bearish_formed,-1,22372,496,3157,0.4062220632934025,-0.0181772912106201,-0.0174523251324116,0.0997790258474406,0.0353080898016195,6.738461478581318,0.5935915532817041,-0.0181772912106201,-0.6466587790128602,-0.9030565258960594,-1.0,-0.2643098367394381,0.8666776320967134,0.0635876583161463,-0.0764265038570464,0.0439089581065557,-0.0585902587940454,-0.0179457343635779,-0.0193351663367369,-0.0165909388920964,percentile_bootstrap_subsample_20000,-0.0280235631610017,-0.007867905566154,0.0051418438284702,-0.1809656986626535,-0.1956117257515056,-0.1663490709632576,0.0004075131459294,0.0007712076740171,True,-0.0141111305026424,-0.0040661607079777,0.9999999999986826,1.0,False,1.0,1.0,False,not_significant,False,False
20,smc_internal_bos_bullish,1,31862,496,3626,0.5722490741321951,0.0103110893642409,0.0108635765612463,0.0789683189147714,1.1184433848083617,13.490852250479442,1.4574481462886395,0.0103110893642409,0.4634863309831122,0.7251436482687786,-0.9362844014569414,0.1023639749537498,1.0866313881779064,0.0591621072599544,-0.0518317999279913,0.0444416081447623,-0.0379475308565334,0.0102845349676452,0.0091656711818883,0.0113830143298309,percentile_bootstrap_subsample_20000,0.0063696720262215,0.014199397909069,0.0019974157389746,0.130307808294932,0.116770973489656,0.1436467269042722,2.4404484214089456e-07,8.765692289142335e-07,True,0.0145694695969042,-0.0042583802326632,1.0,1.0,False,1.0,1.0,False,not_significant,False,False
20,ict_bos_bullish,1,80581,496,3877,0.568595574639183,0.009437018102217,0.0100894425944209,0.0790897636674163,0.8018326327840009,11.9425139226291,1.4083688430657095,0.009437018102217,0.4235452181299617,0.6385947966263148,-0.996895104807783,0.0833161193965667,1.066189743999677,0.059118502506421,-0.0520920282002914,0.0443011286422638,-0.0375853907714017,0.009116555566746,0.0080317223177456,0.0101893724133746,percentile_bootstrap_subsample_20000,0.0050563250844274,0.0131767860490645,0.0020715842139542,0.1171378849739112,0.1033782200908674,0.1306401518951111,5.227117279414936e-06,1.4374572518391072e-05,True,0.0145293783589382,-0.0050923602567211,1.0,1.0,False,1.0,1.0,False,not_significant,False,False
20,ict_liquidity_sellside_swept,-1,32785,495,3708,0.4032331859081897,-0.019247551750697,-0.0178944536441376,0.0953443671188837,-0.0753402582748164,5.616624624133699,0.5680965473655143,-0.019247551750697,-0.7165817251341907,-0.9957755284825752,-1.0,-0.265666530348815,0.8395109038829566,0.0611619197637127,-0.0755094094323473,0.0430284390860091,-0.0587039370859314,-0.0190960871510303,-0.0203985678304239,-0.017827326259719,percentile_bootstrap_subsample_20000,-0.0266065346997123,-0.0115856396023483,0.0038319313766385,-0.2030309343357373,-0.2172215011576349,-0.1891945308963367,5.08871120604248e-07,1.7059298519304314e-06,True,-0.0137860387029997,-0.0054615130476972,1.0,1.0,False,1.0,1.0,False,not_significant,False,False
20,smc_swing_bos_bearish,-1,1243,445,662,0.4046661303298471,-0.0193187036041482,-0.021670092920105,0.1207348254180012,-0.0152271320807566,6.834190271658816,0.629848735018928,-0.0193187036041482,-0.5679769267856407,-0.7821983917831514,-0.9999999999999992,-0.297821290269179,0.9253642448886438,0.0762553162180343,-0.0909495760370813,0.0509725214626406,-0.0704805025763173,-0.0193187036041482,-0.0259834534259537,-0.0125990684983235,percentile_bootstrap_full,-0.0345509657171256,-0.0040864414911708,0.0077717050481424,-0.1600093720868371,-0.2178416218963394,-0.1032985285865368,0.0129269971726425,0.0178443255089027,True,-0.0134786496510979,-0.0058400539530503,0.9865357413504762,1.0,False,1.0,1.0,False,not_significant,False,False
20,smc_fvg_bearish_formed,-1,67509,496,3764,0.4063310077174895,-0.0202015584498052,-0.0180528675596582,0.1056641247090128,-0.6322410632212141,10.93644042005971,0.5764904320697235,-0.0202015584498052,-0.6786448959538129,-0.8921256196393016,-1.0,-0.297574938176425,0.841313294324493,0.0667664306115017,-0.0842929892899215,0.0455659358814602,-0.0625321780349519,-0.0196591714068423,-0.0211344990881822,-0.0181471654105715,percentile_bootstrap_subsample_20000,-0.0296960031508116,-0.0096223396628731,0.0051209265802684,-0.1828156669211805,-0.1965485686972349,-0.1689700770592746,7.983229954117862e-05,0.0001692829484246,True,-0.0139727369061082,-0.0062288215436969,1.0,1.0,False,1.0,1.0,False,not_significant,False,False
20,smc_swing_ob_bearish_formed,-1,3886,493,1398,0.3823983530622748,-0.0219170271764118,-0.0228097251172728,0.118443675491953,0.3279807398032499,6.208061161974054,0.5848132230198245,-0.0219170271764118,-0.6568331192634628,-0.944462267394838,-1.0,-0.3142449650773841,0.9441230969209684,0.0819397245992441,-0.088774610012835,0.0515678301533688,-0.0688745043053308,-0.0219170271764118,-0.0256299029458249,-0.0182342339859076,percentile_bootstrap_full,-0.0400069348204038,-0.0038271195324198,0.009229714241686,-0.1850417684640395,-0.2194095963526482,-0.1526421195219777,0.0175672150153562,0.0236017545244481,True,-0.013775885054222,-0.0081411421221897,0.9999999940341584,1.0,False,1.0,1.0,False,not_significant,False,False
20,smc_internal_bos_bearish,-1,16509,495,2927,0.3888787933854261,-0.0225331847249756,-0.0205784212403625,0.1033518930599589,-0.0417867142466223,8.46305872544968,0.5345968193531236,-0.0225331847249756,-0.7739081384195223,-1.0702629643638666,-1.0,-0.3152565496130478,0.8389506160409224,0.0639501252960932,-0.0813817867234003,0.0434693811966689,-0.0628916027986457,-0.0225331847249756,-0.0240899594032519,-0.0209507145981412,percentile_bootstrap_full,-0.0319743719927706,-0.0130919974571805,0.0048170207553786,-0.2180239186514283,-0.2343141712359618,-0.2018442035146612,2.899324654074863e-06,8.487627062353892e-06,True,-0.0141614445107985,-0.008371740214177,1.0,1.0,False,1.0,1.0,False,not_significant,False,False
20,ict_bos_bearish,-1,42365,496,3589,0.3852000472087808,-0.0229473602330155,-0.0215595081100508,0.1004832565409528,-0.0808349589651448,6.49683446776568,0.5230726735498183,-0.0229473602330155,-0.8106330464800457,-1.114860863051499,-1.0,-0.3103344199251496,0.834050740758614,0.0624669313697121,-0.0810942358244691,0.0423391760979147,-0.0625978399528837,-0.0230164528957628,-0.0244014938490444,-0.0216014979463708,percentile_bootstrap_subsample_20000,-0.0310409441330117,-0.014991961658514,0.0040942033819237,-0.2286362358688729,-0.2425655569085677,-0.2145203811718863,2.084458567569004e-08,9.851067228890204e-08,True,-0.0141863972400645,-0.008760962992951,1.0,1.0,False,1.0,1.0,False,not_significant,False,False
20,smc_swing_choch_bearish,-1,2643,492,1069,0.3719258418463866,-0.023139015901468,-0.0240477832254628,0.1173538796046758,0.5019406875556955,5.910270808735319,0.5639833813127265,-0.023139015901468,-0.6998947012402367,-1.027869974578118,-1.0,-0.3218356342342235,0.9524032685443806,0.0846130956237782,-0.0877517258780873,0.0519111609743111,-0.0684351287703268,-0.023139015901468,-0.0276409661040736,-0.0187508639635433,percentile_bootstrap_full,-0.0445674355792084,-0.0017105962237275,0.0109330679939735,-0.19717299487171,-0.2394133527851909,-0.1572616961791887,0.0343086973389184,0.0445633264328387,True,-0.0139156745381733,-0.0092233413632947,0.999999973688264,1.0,False,1.0,1.0,False,not_significant,False,False
20,ict_ob_bullish_mitigated,-1,20481,496,3012,0.3922171768956594,-0.0235715667146179,-0.0212360801154134,0.1135978894263722,-0.0793878505778226,6.234645005041076,0.5482564738115133,-0.0235715667146179,-0.7365520785668428,-1.0027682344263964,-1.0,-0.3292036971482424,0.8484222863128248,0.0746868244559474,-0.0881532562007199,0.0480486815237699,-0.0651399445387561,-0.0236957385108308,-0.0253020766936018,-0.0221260731925223,percentile_bootstrap_subsample_20000,-0.0414584254867807,-0.005933051534881,0.0090627618547839,-0.2088064018465766,-0.2234598140896239,-0.1943553447953901,0.0092972692657787,0.0133034096811143,True,-0.0140025304805123,-0.0095690362341055,1.0,1.0,False,1.0,1.0,False,not_significant,False,False
40,smc_swing_ob_bearish_mitigated,1,3816,492,1717,0.6223794549266247,0.0369021848999841,0.0351225871321204,0.1432032623573433,0.5505764570479028,4.673741356310951,2.0448330379665123,0.0369021848999841,0.6467991543490749,1.0485747028221073,-0.8975626949427479,0.2027208206305732,1.239814557756538,0.1229212576537342,-0.0970602915472055,0.0958597789858641,-0.0670127604531028,0.0369021848999841,0.0324425368640663,0.0415229128064106,percentile_bootstrap_full,0.0203704758068589,0.0534338939931094,0.0084347003787443,0.2576909512571022,0.2267934166300124,0.2891836452544377,1.2140801196195106e-05,3.052544300757627e-05,True,0.0275036171361316,0.0093985677638525,1.8103327091091692e-06,3.3538795452969874e-05,True,0.0020121662802822,0.0708282530659362,True,significant_small_effect,False,True
40,ict_sweep_buyside_bearish,-1,65001,496,3972,0.398301564591314,-0.0234693840747402,-0.0238686339698215,0.1198098638567786,-2.017695617910397,48.05033480116352,0.5724472792183785,-0.0234693840747402,-0.4916764330735777,-0.6378343403592,-1.0,-0.1996651615482512,0.8640880522153044,0.0760132273365805,-0.096485685599943,0.0546535780125021,-0.0764705634859601,-0.0238803970091161,-0.025574375020398,-0.0222049516654389,percentile_bootstrap_subsample_20000,-0.032440347317679,-0.0153204467005532,0.0043674018035856,-0.1975537009741439,-0.2136173512160498,-0.1821210050088323,7.711001513997223e-08,3.193261803443556e-07,True,-0.0282876825641528,0.0048182984894125,6.411232146288535e-26,1.1283768577467821e-23,True,1.0,1.0,True,significant_small_effect,False,True
40,ict_sweep_sellside_bullish,1,48881,496,3889,0.6193203903357133,0.0329067441381576,0.0309879059365758,0.1260364739952432,0.952330981402032,11.910557780913823,2.071736969456916,0.0329067441381576,0.6553283319752369,1.0843274715141449,-0.9991507560283804,0.1705373351340599,1.272414543425245,0.1079670508421629,-0.078057161349949,0.0846865156821963,-0.0554603419951212,0.0325056793616935,0.030715517825207,0.0342289322358266,percentile_bootstrap_subsample_20000,0.0220040299105282,0.0430073288128587,0.005358082827626,0.2596187469474647,0.2455167272027488,0.2731904021119234,8.173828956883496e-10,7.017531202007296e-09,True,0.0281768411997597,0.0047299029383978,1.2420975976310902e-18,6.245976490944911e-17,True,7.852239352312119e-06,0.0004606647086689,True,significant_small_effect,False,True
40,smc_swing_ob_bullish_mitigated,-1,6730,494,2675,0.3895988112927191,-0.0242271295356027,-0.0240125638122719,0.1211494633844725,-1.147137623497904,17.119772784933726,0.5633568598914536,-0.0242271295356027,-0.5019387690337851,-0.6517199763283651,-1.0,-0.205413888130806,0.8822056699902014,0.0766442989080498,-0.0956043277327354,0.0523617371562957,-0.0735579666809609,-0.0242271295356027,-0.0271200323866111,-0.0213454762059642,percentile_bootstrap_full,-0.0346407659645198,-0.0138134931066857,0.0053131773996445,-0.1999771922944227,-0.2236937793666076,-0.1769393961755824,5.119762502319052e-06,1.4190207880443358e-05,True,-0.028304246083795,0.0040771165481922,0.002497788596821,0.0266430783660911,True,1.0,1.0,True,significant_small_effect,False,True
40,ict_nwog_gap_up,1,146465,496,846,0.6175195439183423,0.0320238769677933,0.0281383496254274,0.122764241941159,1.4348655400566377,16.297901389322806,2.1076366855358617,0.0320238769677933,0.6547451602341968,1.1428583370456618,-0.999879369736004,0.1683279510595441,1.303987325437733,0.103252663828095,-0.0740480824589359,0.0797800212967856,-0.0541343634082991,0.0312157344041063,0.0294903168401544,0.0328920044771174,percentile_bootstrap_subsample_20000,0.0228785291126055,0.039552939695607,0.004253754299314,0.254990904803992,0.2408889132043163,0.2686865912158118,5.1373868813720056e-14,9.04180091121473e-12,True,0.028836636759199,0.0031872402085942,1.9513399331471053e-25,2.2895721882259374e-23,True,5.508863209803282e-06,0.0003878239699701,True,significant_small_effect,False,True
40,smc_internal_ob_bearish_mitigated,1,41925,496,4009,0.6132379248658318,0.0302042452832868,0.0289391850663292,0.1255607393411698,1.0100933362408304,15.606279656275484,1.9608238520878607,0.0302042452832867,0.6037878908507791,0.9794164191112288,-0.9946402981063236,0.1518627164023835,1.2355249476399588,0.1065657270215965,-0.0783596035753655,0.0839250994808407,-0.0558719180437048,0.0298222797732101,0.0280858498914763,0.0315674314010058,percentile_bootstrap_subsample_20000,0.0204649191116123,0.0391796404348079,0.0047742512931858,0.2389167916729441,0.225105470427095,0.2526669457218621,2.5080319301596436e-10,2.6752340588369542e-09,True,0.0283943806338116,0.0018098646494752,0.0011571618420922,0.0135773656138827,True,0.4891838692656086,1.0,True,significant_small_effect,False,True
40,smc_fvg_bullish_formed,1,67243,496,3851,0.6052228484749342,0.030141051957529,0.0260218599857711,0.1333165769684196,1.6820569223711657,18.15197881653444,1.9339113922857745,0.030141051957529,0.5674721157112709,0.988283921265,-0.9999583613834724,0.1464594468606675,1.2603188919626336,0.109966033774907,-0.0824098741947687,0.0822230750652228,-0.0605885546853981,0.0302498558569768,0.028413624366496,0.0321225054048084,percentile_bootstrap_subsample_20000,0.0197075363245784,0.0407921753893752,0.0053788332502017,0.2258016598362766,0.2131351250593934,0.2388979077370797,2.0989489834283104e-08,9.851067228890204e-08,True,0.0286202502766658,0.0015208016808631,0.0005230895886055,0.0070818282765056,True,0.5309637196811903,1.0,True,significant_small_effect,False,True
40,ict_liquidity_buyside_pool_formed,1,58468,496,3891,0.618731613874256,0.0284813966131258,0.0285933045684581,0.115468427460424,0.4869651953727114,6.077722802203763,1.9734357337903248,0.0284813966131258,0.6191106929441653,0.9776786882532222,-0.9993456768428844,0.1463126724164746,1.2146863523968698,0.0977619099330466,-0.0726990913566689,0.0783089233647434,-0.0523844230504769,0.0291892380069141,0.0275903615506758,0.0308110172399224,percentile_bootstrap_subsample_20000,0.0205017780861809,0.0378766979276474,0.004432458923089,0.2504920826733102,0.2368088045153404,0.2645855053842989,1.3131365105330114e-10,1.7119409322504443e-09,True,0.0273806397502842,0.0011007568628416,0.0105681614872203,0.088571258178609,False,0.9990734509709652,1.0,False,not_significant,False,False
40,smc_internal_ob_bullish_mitigated,-1,53651,496,3999,0.3923319229837281,-0.0276827391017193,-0.0254997093026956,0.1258179916239529,-1.2511213304558098,17.226500224781056,0.5324969138563354,-0.0276827391017193,-0.5522510953903448,-0.7048292865606453,-1.0,-0.2394170054931561,0.8241571789449234,0.0792068037080072,-0.1032584566413042,0.056043253429922,-0.0793651474426111,-0.0264483360908715,-0.0282496951264511,-0.0246544757823268,percentile_bootstrap_subsample_20000,-0.0357509124677191,-0.0171457597140238,0.0047462996140988,-0.2079560936646366,-0.2215906138888622,-0.1945505358487501,5.460668784920545e-09,3.314061055675917e-08,True,-0.0285512243957315,0.0008684852940122,0.0460856406969294,0.3180812848101796,False,1.0,1.0,False,not_significant,False,False
40,ict_bpr_bullish,1,26667,496,3262,0.6118798515018562,0.0296773431166923,0.0287073210974795,0.1258549661968237,1.163884026653182,13.17229423658302,1.948890615464144,0.0296773431166923,0.5918681025421316,0.98044865486078,-0.9812482943685014,0.1508921645560501,1.2352409600496526,0.1052235390866525,-0.0785602680156818,0.0814150306289569,-0.0567885748047479,0.0301490503294825,0.028406698886643,0.0318538715434877,percentile_bootstrap_subsample_20000,0.0210712845601412,0.0392268160988238,0.0046315982177944,0.2397611301970635,0.2262207433096676,0.2527495304582826,1.4784604770239712e-10,1.809372690215785e-09,True,0.0290829315444101,0.0005944115722822,0.2156806502288148,1.0,False,0.7335159856417657,1.0,False,not_significant,False,False
40,ict_nwog_gap_down,-1,129624,496,845,0.3871891007838055,-0.028889449864044,-0.0276338001519123,0.12764242108785,-0.7657078563927839,10.390953235643613,0.5258512758319985,-0.028889449864044,-0.5680865581475567,-0.7472822675030585,-1.0,-0.2408140720367997,0.8317814876915398,0.0798557261951753,-0.105252375265328,0.0559464886649985,-0.0808569268460852,-0.0300101818676607,-0.0318268154947668,-0.0281967538670418,percentile_bootstrap_subsample_20000,-0.0410015190499805,-0.019018844685341,0.0056079280957812,-0.2307022027783536,-0.2441160118942229,-0.2170044814648303,2.5836004535866615e-07,9.094273596625048e-07,True,-0.0285147557097797,-0.0003746941542643,0.8743591949871096,1.0,False,1.0,1.0,False,not_significant,False,False
40,ict_mss_bullish,1,36258,496,3717,0.6092448563075735,0.0278138205006772,0.0261090678497383,0.1229566841925707,1.2324527701343233,14.150996812775858,1.9004741917302563,0.0278138205006772,0.5677782859286807,0.9428540585128998,-0.9651848137970688,0.1422471492567711,1.217886494256836,0.1009356857724007,-0.0762278071425427,0.0784050089951636,-0.0542960568926986,0.0274751308998817,0.0257691006338486,0.0291882527354289,percentile_bootstrap_subsample_20000,0.0180940533649392,0.0368562084348242,0.004786351961027,0.2257074041954893,0.2122842493061777,0.2394428093612267,6.2075247551602835e-09,3.703472396299017e-08,True,0.0285534718441816,-0.0007396513435044,0.8781651982781806,1.0,False,0.9996541438092936,1.0,False,not_significant,False,False
40,smc_internal_choch_bearish,-1,26121,496,3320,0.3862792389265342,-0.0292500498924103,-0.0287955142357869,0.1259076008948135,-0.5310647592812441,9.664446568770058,0.5246431461490527,-0.0292500498924103,-0.5831025453233425,-0.7972098494892347,-1.0,-0.2296426246746645,0.8330854794450073,0.0793525876957142,-0.1057363506628415,0.0560225880794673,-0.083829344970727,-0.0290948703019601,-0.0308000248074493,-0.0273710624365968,percentile_bootstrap_subsample_20000,-0.0401373742079994,-0.0180523663959209,0.0056340340465637,-0.2336784986042524,-0.2478687507731488,-0.2193335527920899,2.084153008842059e-07,7.641894365754217e-07,True,-0.0283980769262855,-0.0008519729661248,0.8731812395899602,1.0,False,1.0,1.0,False,not_significant,False,False
40,smc_equal_lows,1,9271,495,2597,0.60597562291015,0.026698377474634,0.0242161098319868,0.1197426210873034,0.9902937604790324,8.979046879304411,1.878213193803771,0.0266983774746341,0.5596369530793399,0.9264692801028362,-0.9255576824748007,0.1424961165510074,1.219601589710957,0.0993689354793842,-0.0743923258342033,0.0764342665484227,-0.052842920534039,0.026698377474634,0.0242731435958926,0.0290923015142615,percentile_bootstrap_full,0.0188585341981406,0.0345382207511275,0.0039999935082958,0.2229646990537189,0.2036052197783208,0.2424371479555794,2.4789859959503175e-11,4.5926477398658515e-10,True,0.0281129582045348,-0.0014145807299007,0.8670333175801159,1.0,False,0.9969370694943148,1.0,False,not_significant,False,False
40,smc_equal_highs,-1,10409,495,2879,0.3815928523393217,-0.0293548217483675,-0.0286598142822958,0.1181110360332943,-0.7804424347995316,9.597776582900048,0.4998801507724665,-0.0293548217483675,-0.6238199265977735,-0.8244993191898614,-1.0,-0.2340265284145054,0.8099770016041276,0.0718560658193198,-0.1002770461892032,0.050811031835518,-0.0784049004864839,-0.0293548217483675,-0.0316250087389789,-0.0271093195296715,percentile_bootstrap_full,-0.0373060919229824,-0.0214035515737526,0.0040568450107322,-0.2485358077808468,-0.2678455363159402,-0.2297221959952628,4.62538579040966e-13,2.0466960278606765e-11,True,-0.0278775269155272,-0.0014772948328402,0.8963850408703902,1.0,False,1.0,1.0,False,not_significant,False,False
40,ict_liquidity_buyside_swept,1,43957,496,3822,0.6128034215255819,0.0258353410213182,0.0257352555825007,0.1124416746431688,0.6694276574046134,7.27807511789009,1.8903048905605853,0.0258353410213182,0.5767095831596872,0.9272548589707668,-0.9978653322672772,0.1307962568630419,1.193256277948257,0.0936094507790571,-0.0712926455069318,0.0745307155779608,-0.0513211701789557,0.0261845066848562,0.0246389036307014,0.0277390127051843,percentile_bootstrap_subsample_20000,0.0178027748735776,0.0345662384961347,0.0042764723287155,0.235892938547277,0.2218290400104129,0.2502185273347238,1.5290208100656236e-09,1.1700333155284774e-08,True,0.0274632033246883,-0.0016278623033701,0.9984560846840076,1.0,False,0.9999999999997992,1.0,False,not_significant,False,False
40,smc_internal_choch_bullish,1,26212,496,3543,0.6075080115977415,0.026750627571157,0.0261929664692952,0.1200954257266178,0.8866310738517604,8.622242790891939,1.8665461558809693,0.026750627571157,0.5590849269588849,0.9172179758267224,-0.9358279212637326,0.1405804801719618,1.2043934785026975,0.1000543213039862,-0.075546472533149,0.0781117569934531,-0.053866835839985,0.0264894550232082,0.0248469998201809,0.0281585069101619,percentile_bootstrap_subsample_20000,0.0172353834282492,0.0357435266181673,0.0047215518218492,0.2204326000357923,0.207269425146833,0.2338314191397941,1.4647410955683909e-08,7.401407576997351e-08,True,0.0283981560374692,-0.0016475284663121,0.9864877015952906,1.0,False,0.999993348177012,1.0,False,not_significant,False,False
40,ict_mss_bearish,-1,36228,496,3510,0.3853373081594347,-0.030239639719019,-0.0288673123740373,0.1266607500469843,-0.6667992681687523,8.399223725785307,0.51214834140872,-0.030239639719019,-0.5992455696096142,-0.7972922303615558,-1.0,-0.2459713948786188,0.8165757724265968,0.0785028573448536,-0.1056874744142336,0.0556499670380203,-0.0828499918987609,-0.0295192019159011,-0.0312684614288141,-0.0278145630576788,percentile_bootstrap_subsample_20000,-0.0401933552960788,-0.0188450485357235,0.0054460966528863,-0.234905257075651,-0.2489391046477271,-0.221381813169339,2.8155707622395303e-08,1.2388511353853933e-07,True,-0.0285005551862949,-0.0017390845327241,0.9969612394298998,1.0,False,1.0,1.0,False,not_significant,False,False
40,ict_bpr_bearish,-1,26016,496,3211,0.3844172816728167,-0.0305247161796149,-0.0284576578225739,0.1276729081747339,-0.7096554244734491,8.996008444588929,0.5126222761947684,-0.0305247161796149,-0.6000993526479995,-0.7956140736770336,-1.0,-0.2412741228220837,0.8204211731600303,0.0798210355843865,-0.1076672012507963,0.057014152921922,-0.0826051578895955,-0.0299962038591082,-0.0317541203511787,-0.0282246349052442,percentile_bootstrap_subsample_20000,-0.0404897691796498,-0.0195026385385665,0.0053539581954268,-0.2344617637094434,-0.2484178003925295,-0.2208255401274808,1.1887186000064402e-08,6.339832533367682e-08,True,-0.0287413879303237,-0.0017833282492912,0.990776136047962,1.0,False,1.0,1.0,False,not_significant,False,False
40,smc_swing_choch_bullish,1,2676,492,1470,0.6158445440956651,0.0256684976721655,0.0228790606287818,0.1110150230546673,0.8021226556059996,5.303511813188703,1.9087726730593289,0.0256684976721655,0.5803486416313711,0.9899376985305792,-0.8263848121028204,0.1589819086730501,1.1895082131261716,0.0933423577853485,-0.070116797945899,0.0747002683183601,-0.0523855067427136,0.0256684976721655,0.0214070440626487,0.0299791111985282,percentile_bootstrap_full,0.0145030307391795,0.0368339646051514,0.0056967714371212,0.2312164332887227,0.1944789685933756,0.2683600669837351,6.612416958352846e-06,1.7500532100302267e-05,True,0.0277607791956065,-0.002092281523441,0.8113206554939549,1.0,False,0.981593706290131,1.0,False,not_significant,False,False
40,ict_displacement_bullish,1,211050,496,4015,0.6043070362473347,0.0264411039663499,0.0245046389526921,0.1222016461582011,1.3232114397111072,17.296209915488337,1.8573507505572076,0.0264411039663499,0.5430912456965776,0.8909968130132682,-0.999999437093315,0.1281754571447572,1.2149184670197746,0.0994145664086614,-0.0765565345716187,0.0762817147501138,-0.0552029923053,0.0263746937896984,0.0246718477110532,0.0280873980862352,percentile_bootstrap_subsample_20000,0.0181307599696112,0.0346186276097857,0.004206165939827,0.2135505794001324,0.2002648970421813,0.2271686618238494,3.251796131795324e-10,3.179533995533205e-09,True,0.0289414358193975,-0.0025003318530475,1.0,1.0,False,1.0,1.0,False,not_significant,False,False
40,ict_displacement_bearish,-1,188852,496,4039,0.3850475504627962,-0.0313633042592543,-0.0289787873220935,0.1293655564519616,-1.0661076469998363,14.440206897065476,0.5017900144438779,-0.0313633042592543,-0.6085179941266994,-0.7852928380868012,-1.0,-0.2599482222932294,0.800923577931476,0.0783369177250224,-0.1078766469087781,0.0558713457092444,-0.0837949786147774,-0.030740355042875,-0.0325561730819581,-0.0289352080686339,percentile_bootstrap_subsample_20000,-0.0403357055101808,-0.0211450045755692,0.0048956768937112,-0.2325160086386485,-0.2462589342057009,-0.219046357093287,1.4906763640982318e-10,1.809372690215785e-09,True,-0.0286063836041984,-0.0027569206550559,1.0,1.0,False,1.0,1.0,False,not_significant,False,False
40,ict_fvg_bearish_formed,-1,90045,496,3837,0.384618801710256,-0.0321203307166262,-0.0295143495846701,0.1330472431292443,-0.8978433887028874,11.536351219851326,0.5045696589201424,-0.0321203307166262,-0.6059606223531464,-0.7901761355101536,-1.0,-0.267130240243346,0.8068190206259511,0.0814720559747133,-0.1108803921623537,0.0573140715080606,-0.0855132783266854,-0.0313905483768932,-0.0332176122832412,-0.0295902469672044,percentile_bootstrap_subsample_20000,-0.0421509345122675,-0.020630162241519,0.0054900937646682,-0.23657389447328,-0.2503614404633149,-0.223055099763086,4.898092350301599e-09,3.024786854923093e-08,True,-0.0285943180067855,-0.0035260127098406,1.0,1.0,False,1.0,1.0,False,not_significant,False,False
40,ict_fvg_bullish_formed,1,111418,496,3867,0.6010608698773986,0.0252243898946802,0.0234802608903915,0.1226513124092958,1.33275828335374,16.32253099147845,1.80201826487686,0.0252243898946802,0.5162008861714269,0.8488086547016825,-0.9998334684632518,0.1194848433861607,1.1951027970589505,0.0987892082614755,-0.0767899343707424,0.075364833153482,-0.0554472164847754,0.0231599973940861,0.0214798931904929,0.0248219316178044,percentile_bootstrap_subsample_20000,0.0148569977168465,0.0314629970713258,0.0042363021347533,0.1942322695050254,0.1805144398297844,0.2078209847416246,2.611209427241265e-09,1.9128449983677565e-08,True,0.0291895729005191,-0.0039651830058388,1.0,1.0,False,1.0,1.0,False,not_significant,False,False
40,ict_volume_imbalance_bullish,1,116756,496,3842,0.6004830586864914,0.0241335645426123,0.0229365224498702,0.118206915039658,1.0052292995403136,13.37419419688954,1.7860628891693666,0.0241335645426123,0.5124468922264749,0.8139837569751435,-0.9998846714197842,0.1145192926140653,1.187294922445122,0.0956167149892575,-0.0757676660915532,0.0738257028027922,-0.0545953807965037,0.0248218328253531,0.0231818530786068,0.0264805893361894,percentile_bootstrap_subsample_20000,0.0164718769974569,0.0331717886532493,0.0042602597945146,0.2063669426996459,0.1933654417372234,0.2194946618646345,1.4718708249710642e-08,7.401407576997351e-08,True,0.0284276808509916,-0.0042941163083792,1.0,1.0,False,1.0,1.0,False,not_significant,False,False
40,ict_liquidity_sellside_pool_formed,-1,51136,495,3783,0.3797129224030037,-0.0327507624718944,-0.0308399564689608,0.1251901776744502,-0.7989176408143225,10.18786456801738,0.4826837187132885,-0.0327507624718944,-0.6566310785979175,-0.8658999628502986,-1.0,-0.2593793260682216,0.787900317485589,0.0779190693174462,-0.1068851228744358,0.0556417998027914,-0.0846155921294145,-0.0320754428585542,-0.0337942532829471,-0.0303535380848171,percentile_bootstrap_subsample_20000,-0.0417665929625961,-0.0223842927545122,0.0049445551571569,-0.2582341613641328,-0.2720877046589589,-0.2442857727556129,3.5055125254392046e-11,6.169702044773e-10,True,-0.0275567175531996,-0.0051940449186947,1.0,1.0,False,1.0,1.0,False,not_significant,False,False
40,smc_internal_ob_bullish_formed,1,57951,496,3865,0.5995237355697054,0.0235881568992191,0.0224790908454328,0.1172348268663638,1.4684404382006062,19.89097314573314,1.7779835691030663,0.0235881568992191,0.5050189053382638,0.8336706385430602,-0.9916713683148076,0.1135044516859537,1.1861923595613495,0.094467866085055,-0.0737862503546715,0.0728084058086502,-0.0536025875163231,0.0239195865172368,0.0223046131082148,0.0255512167906796,percentile_bootstrap_subsample_20000,0.0162740096020911,0.0315651634323825,0.0039008761972901,0.2060063060079096,0.1925026041660796,0.2197833514706674,1.4767140855680287e-09,1.1551185735998804e-08,True,0.0287879679353399,-0.0051998110361207,1.0,1.0,False,1.0,1.0,False,not_significant,False,False
40,smc_internal_ob_bearish_formed,-1,42509,496,3620,0.3771907125549883,-0.0336518305349718,-0.031917577998046,0.1316024724428153,-0.8102060339812222,13.306291015439172,0.4881008841964024,-0.0336518305349718,-0.6418224727626727,-0.8536273149438716,-1.0,-0.2612875848974282,0.8055460644633404,0.0810621368302667,-0.1119230362684695,0.0569202226154741,-0.0881904635340722,-0.033715414782435,-0.0355213078218845,-0.031901054420258,percentile_bootstrap_subsample_20000,-0.0449438245091095,-0.0224870050557604,0.0057288856972242,-0.256910693176246,-0.2708344201452579,-0.243122926698036,4.2524387115934804e-09,2.7719600490387125e-08,True,-0.0283685504047983,-0.0052832801301735,1.0,1.0,False,1.0,1.0,False,not_significant,False,False
40,ict_volume_imbalance_bearish,-1,83943,496,3740,0.3773512979045305,-0.034028683793358,-0.031078209616618,0.1296907026958404,-1.052868505894989,13.30719005163848,0.4745601557484266,-0.034028683793358,-0.6585770350610587,-0.8456560875815758,-1.0,-0.273868410126473,0.7826886670275619,0.0786171531869273,-0.109803972490925,0.0555739441156306,-0.0849527466874071,-0.0338862511016127,-0.035698209700717,-0.0320592075690888,percentile_bootstrap_subsample_20000,-0.0442089893551013,-0.0235635128481241,0.0052667999276969,-0.2599946981585874,-0.2741351812269064,-0.2461102035735445,1.0402774829203062e-10,1.4083756691844142e-09,True,-0.0284029257217227,-0.0056257580716352,1.0,1.0,False,1.0,1.0,False,not_significant,False,False
40,ict_ob_bearish_mitigated,1,19959,496,3476,0.6025852998647226,0.0226706699549005,0.0226018080967118,0.1172668127220938,1.0868523870735758,13.181549124460986,1.7321802035970812,0.0226706699549005,0.4852432555908981,0.7746598233245646,-0.9889800975505028,0.1066976955484044,1.140528397130231,0.094001543028696,-0.0729089465604015,0.0727175969316589,-0.0520685196717349,0.0226706699549005,0.0210472333625672,0.0243075000619236,percentile_bootstrap_full,0.0133840232929839,0.031957316616817,0.0047381720592401,0.1933255405229343,0.179690479989181,0.2067718034198049,1.7125404668836063e-06,5.220069075039867e-06,True,0.0283991893997594,-0.0057285194448589,0.9999999999828648,1.0,False,1.0,1.0,False,not_significant,False,False
40,ict_ob_bearish_formed,-1,22216,496,3137,0.378691033489377,-0.034688967472715,-0.0319477488552123,0.1380278701285413,-1.0687442398720712,16.01614689350673,0.4898882150991807,-0.034688967472715,-0.6308046140058515,-0.820370713823954,-1.0,-0.2821047977278869,0.8035144990079157,0.0840212146778938,-0.1142744909779113,0.0585819877680179,-0.0891270726700349,-0.0344296094904208,-0.0363670339992665,-0.0325319929968923,percentile_bootstrap_subsample_20000,-0.0479011793461798,-0.0209580396346618,0.0068733761720924,-0.2490224246401279,-0.2635232980344572,-0.235191485887503,4.491301336279093e-07,1.5201327599713852e-06,True,-0.0281991668312615,-0.0064898006414534,0.9999999999999986,1.0,False,1.0,1.0,False,not_significant,False,False
40,ict_ob_bullish_formed,1,32328,496,3674,0.6001299183370453,0.0221637593545309,0.0225384468138976,0.116523378318257,1.689370059742468,26.903465375372438,1.7259538150902745,0.0221637593545309,0.4774200273959431,0.7707018322442505,-0.970159157976678,0.1064757725205596,1.148589748292899,0.0932309268468364,-0.0729067584684431,0.0727001247566259,-0.0525961495512217,0.0215391199437514,0.0199391818022759,0.0231165804812079,percentile_bootstrap_subsample_20000,0.0137969684388986,0.0292812714486041,0.003950149852167,0.1901968839727337,0.1764753121582802,0.2036485808371326,2.0131724177476407e-08,9.707351932153008e-08,True,0.02885469883277,-0.0066909394782391,1.0,1.0,False,1.0,1.0,False,not_significant,False,False
40,smc_swing_ob_bullish_formed,1,7226,494,2598,0.6051757542208691,0.0216232807426131,0.0212729700925503,0.1084006084177126,1.0908152899603394,10.029764571764508,1.759072134707333,0.0216232807426132,0.500679882814543,0.8253682301795683,-0.8753268080767771,0.1204288084474151,1.146031674315388,0.0872309822460329,-0.0682401501681939,0.0680006862763635,-0.0487873436544752,0.0216232807426131,0.0192018743778765,0.0241470046271179,percentile_bootstrap_full,0.0127822134359445,0.0304643480492817,0.004510831477858,0.1994756400193778,0.1776593560776778,0.2212850070038406,1.6378595502657518e-06,5.0572505411714444e-06,True,0.0285341775674823,-0.0069108968248691,0.9999995776660416,1.0,False,0.9999999999734578,1.0,False,not_significant,False,False
40,smc_internal_bos_bullish,1,31739,496,3606,0.5929298339582217,0.0209763959347011,0.0197135817838296,0.1147548584459648,2.013112714129168,31.102044864042632,1.7023802428563353,0.0209763959347011,0.4588070313619078,0.7614826580015103,-0.9920186498413002,0.0978897996846112,1.1673050987734817,0.0898542309926254,-0.0723325516325236,0.0688085081711884,-0.053370873847357,0.0220264188915208,0.0204191140421598,0.0236377764465145,percentile_bootstrap_subsample_20000,0.0145402868198217,0.0295125509632199,0.0038195252931681,0.1915805180371007,0.1782916984885173,0.2050284357232295,3.976649744925772e-08,1.7070496466022824e-07,True,0.0291098983511371,-0.0081335024164359,1.0,1.0,False,1.0,1.0,False,not_significant,False,False
40,ict_liquidity_sellside_swept,-1,32542,495,3688,0.3751459652141847,-0.0359029490913046,-0.0337575937175351,0.1311560823825823,-0.4799565561882399,6.190256954213581,0.4687755914811314,-0.0359029490913046,-0.6870873647726081,-0.9250482808170194,-1.0,-0.2767136467341545,0.7803454759239478,0.0813752265336364,-0.1123132310214298,0.0582494761383391,-0.0897077066215342,-0.0346304178361993,-0.0364335642932251,-0.0328190404439363,percentile_bootstrap_subsample_20000,-0.0461016597811184,-0.0231591758912802,0.0058527819617702,-0.2651223746023767,-0.2790000619652021,-0.2513144694862819,8.55139549707421e-10,7.166883845166957e-09,True,-0.0274996939696934,-0.0084032551216112,1.0,1.0,False,1.0,1.0,False,not_significant,False,False
40,ict_bos_bullish,1,80182,496,3857,0.5915292709086828,0.0205521731886096,0.0198537379251609,0.1126502599524509,1.2656258009687078,18.901223005511948,1.6816829498528465,0.0205521731886096,0.4579265535447423,0.7368133501416586,-0.9998024320397976,0.0946946671053799,1.1601945917158938,0.0896348594577807,-0.0730211429906596,0.0689416071033064,-0.0534341327297363,0.0204429811521003,0.0188641882523562,0.0220417189585791,percentile_bootstrap_subsample_20000,0.0126966578170398,0.0281893044871608,0.0039522783760622,0.1789720449153821,0.1653314913706594,0.1926591634778049,1.9920020479839805e-07,7.380891798845906e-07,True,0.0289876409778206,-0.0084354677892109,1.0,1.0,False,1.0,1.0,False,not_significant,False,False
40,smc_swing_bos_bullish,1,4550,492,2137,0.5989010989010989,0.0192441597528369,0.01985990677578,0.1067738795602888,1.2777778430726416,13.31783366081492,1.6722066730203602,0.0192441597528369,0.4523808428355368,0.7303009228815626,-0.8395485141535787,0.1077037412400212,1.1180772690800354,0.0836366875332398,-0.0671364338048666,0.0645241430936442,-0.0461511992047139,0.0192441597528369,0.0161349954974585,0.0223443559690614,percentile_bootstrap_full,0.0097758315248417,0.028712487980832,0.0048308684383974,0.1802328418906132,0.1525858710737718,0.2076766896721256,6.788428047611594e-05,0.0001465967283901,True,0.0289890377967438,-0.0097448780439069,0.9999999890668428,1.0,False,0.9999999999947236,1.0,False,not_significant,False,False
40,ict_bos_bearish,-1,42084,496,3569,0.3721842030225263,-0.0392983865921317,-0.0353273588309803,0.1402839110794572,-0.9033416613275778,11.156583733201822,0.4532741901764483,-0.0392983865921317,-0.7031324315650775,-0.9101349083553446,-1.0,-0.3075446381484087,0.7640808557255166,0.0836038938691998,-0.1205798794665856,0.0580335929529768,-0.0937832084733696,-0.0393358472208201,-0.0412817366173316,-0.0373893738229373,percentile_bootstrap_subsample_20000,-0.0521366808972383,-0.0265350135444018,0.0065311575500459,-0.2781324685687448,-0.2917847371872376,-0.2644666666905628,1.7760994678947075e-09,1.3301851334019938e-08,True,-0.0283412825584912,-0.0109571040336404,1.0,1.0,False,1.0,1.0,False,not_significant,False,False
40,smc_fvg_bearish_formed,-1,67005,496,3744,0.3743750466383105,-0.0391573680004104,-0.0332796899876151,0.1437404138141541,-1.328095684219489,14.322110840301884,0.4553020547578668,-0.0391573680004104,-0.6837618665670335,-0.8502180238851333,-1.0,-0.3255116703563136,0.7603553389641841,0.0865990957067168,-0.1230225460109025,0.0605093597781769,-0.0927511108784089,-0.0378002160409792,-0.0397673372338634,-0.0358255581742466,percentile_bootstrap_subsample_20000,-0.0511997461066705,-0.024400685975288,0.0068366205020557,-0.2640983178904877,-0.2778062234374838,-0.2506036842693072,1.0186662665971185e-08,5.691595648288661e-08,True,-0.0279265883585821,-0.0112307796418282,1.0,1.0,False,1.0,1.0,False,not_significant,False,False
40,ict_ob_bullish_mitigated,-1,20368,496,2992,0.3774548311076198,-0.0394237539072535,-0.0346040402145293,0.14829581547188,-0.5870755723011714,6.050409514660089,0.4707723133729844,-0.0394237539072535,-0.6672665486580114,-0.8691467675778225,-1.0,-0.3099187589246335,0.7760272538209979,0.0948365792794258,-0.1258448989492672,0.0636884473445323,-0.0948928488616057,-0.0392322105315126,-0.0412876990930696,-0.0371569497506109,percentile_bootstrap_subsample_20000,-0.0583485493178411,-0.0201158717451841,0.0097534132189818,-0.2644596332032242,-0.2782839603207178,-0.2506048720669755,5.298662546884268e-05,0.0001165705760314,True,-0.0279564221896183,-0.0114673317176351,1.0,1.0,False,1.0,1.0,False,not_significant,False,False
40,smc_swing_choch_bearish,-1,2627,492,1058,0.3665778454510849,-0.0394775849916515,-0.037354048870575,0.1479246201753012,-0.3774187232118114,4.811517231734937,0.4768675737702078,-0.0394775849916515,-0.6698543609740086,-0.905933688460873,-1.0,-0.3082460488662334,0.8230050961641593,0.1047891221105853,-0.1268316288823862,0.0702013498599436,-0.1003779610420274,-0.0394775849916515,-0.0452653376120482,-0.0338398765017533,percentile_bootstrap_full,-0.0601169412578763,-0.0188382287254267,0.010530477226227,-0.2668763654411811,-0.3057097313382002,-0.22848336716848,0.0001776200249838,0.0003572699931103,True,-0.0277832268854281,-0.0116943581062233,0.9999994968938768,1.0,False,1.0,1.0,False,not_significant,False,False
40,smc_swing_ob_bearish_formed,-1,3863,493,1386,0.3745793424799378,-0.0394864940294355,-0.0364719320972104,0.1533317051064657,-0.5294072852557293,5.707924971236988,0.4854391788850948,-0.0394864940294355,-0.6463784731174689,-0.8583538384916198,-1.0,-0.3349477941970323,0.8098480841939316,0.1032469596324338,-0.1298667429503356,0.0707829683058991,-0.101500288017732,-0.0394864940294355,-0.0442949700896017,-0.0346492662273936,percentile_bootstrap_full,-0.0586231320963653,-0.0203498559625056,0.0097637701850288,-0.257523347842627,-0.2893962520333248,-0.2263275034460105,5.250542331920096e-05,0.0001162384214362,True,-0.0274872292504765,-0.0119992647789589,0.9999999986280906,1.0,False,1.0,1.0,False,not_significant,False,False
40,smc_internal_bos_bearish,-1,16388,495,2907,0.3627044178667317,-0.0406678735032625,-0.037165635850189,0.1399201778906504,-1.1033263855575437,16.705531900485433,0.4386282280048835,-0.0406678735032625,-0.7295270339975236,-0.9439572476380732,-1.0,-0.3090615196287229,0.770403549860529,0.0837870045959272,-0.1217840574244745,0.0585746263715009,-0.0961814411895326,-0.0406678735032625,-0.0428259007946703,-0.0384995704805003,percentile_bootstrap_full,-0.0534738958289587,-0.0278618511775662,0.0065338048687099,-0.2906505274389017,-0.3065321786598723,-0.2746292320722764,4.839412692946016e-10,4.367880174146149e-09,True,-0.0283214877816736,-0.0123463857215888,1.0,1.0,False,1.0,1.0,False,not_significant,False,False
40,smc_swing_bos_bearish,-1,1236,445,657,0.3915857605177993,-0.0395054293387059,-0.0350799315633694,0.1642962062875483,-0.7608959825162696,6.776194273056788,0.5027439547931065,-0.0395054293387059,-0.6035309208706933,-0.7769029015386882,-1.0,-0.3883260103192691,0.7811228388520994,0.0999692405142267,-0.136317588141681,0.0718254128573359,-0.1041204151732124,-0.0395054293387059,-0.0487355006037519,-0.0306417735363553,percentile_bootstrap_full,-0.0605080819393132,-0.0185027767380987,0.0107158359034182,-0.2404524744141948,-0.2953889620367709,-0.1870683556190602,0.0002272344499295,0.0004493625077258,True,-0.0268581145360606,-0.0126473148026453,0.999639947919596,1.0,False,1.0,1.0,False,not_significant,False,False
60,smc_swing_ob_bearish_mitigated,1,3782,492,1703,0.6700158646218932,0.0647684562085793,0.0612573712388467,0.172048208658243,0.9308674269937466,5.851778009720322,2.854964594446092,0.0647684562085793,0.7715037397161821,1.4094017346520051,-0.8170544542607413,0.2852319472000245,1.40607569608079,0.1577531485865318,-0.1094051052219315,0.1268165762073781,-0.0788719762028519,0.0647684562085793,0.0593496232326678,0.0703984628633235,percentile_bootstrap_full,0.0401597670131237,0.0893771454040349,0.0125556842857601,0.3764552779345441,0.345717198606683,0.407352965884331,2.489404681869951e-07,8.851216646648713e-07,True,0.0407434871803214,0.0240249690282579,3.821846527252923e-22,2.6905799551860575e-20,True,3.614587469758453e-12,6.361673946774876e-10,True,significant_meaningful_effect,False,True
60,ict_sweep_sellside_bullish,1,48478,496,3869,0.6450761170015265,0.0479120632720285,0.0446847842160426,0.154167788067344,2.284241680385393,51.33193324466912,2.4239571337618604,0.0479120632720286,0.6369067878557859,1.126133827569206,-0.9999864804738806,0.1651327795994777,1.3332074283929394,0.1354472346718468,-0.0915239913903205,0.107969477148189,-0.0658535598266022,0.0478877756864251,0.0456302355297279,0.0500887055120625,percentile_bootstrap_subsample_20000,0.0344118508195046,0.0613637005533457,0.0068755981573746,0.2998544497350434,0.2799882923736671,0.3194630189676728,3.2051764925557048e-12,8.678631733689291e-11,True,0.0418421658391989,0.0060698974328296,5.168517336259799e-20,3.032196837272416e-18,True,0.0006183485159384,0.0241842975122599,True,significant_small_effect,False,True
60,ict_sweep_buyside_bearish,-1,64856,496,3952,0.3736585666707783,-0.0378916622485034,-0.0368268096367975,0.145236136804303,-1.5370332937144688,21.27987706867592,0.4776579484933481,-0.0378916622485034,-0.5346795997802678,-0.6811056833280386,-1.0,-0.2217543256784324,0.8004919642716988,0.0895578131051909,-0.1226675747469555,0.0640965124205664,-0.0973890817425651,-0.0382311512262538,-0.0402927490648905,-0.0361979039715079,percentile_bootstrap_subsample_20000,-0.0498469999971854,-0.0266153024553221,0.005926562309783,-0.261159468429895,-0.2749864208967452,-0.2478199130227699,1.6209768550657915e-10,1.901946176610529e-09,True,-0.0419987519326457,0.0041070896841423,1.849038230206987e-13,6.508614570328594e-12,True,1.0,1.0,True,significant_small_effect,False,True
60,ict_nwog_gap_up,1,145475,496,842,0.6393744629661454,0.04554192881958,0.0407642257938325,0.1485722150489236,1.743711408986941,25.46857758689553,2.409394390077244,0.04554192881958,0.6282007739433705,1.1207172155928096,-0.9999987975457644,0.1574634070915024,1.3584753743973517,0.1311633599020321,-0.0880250738354883,0.1025941033077872,-0.0641578696432445,0.046604074859182,0.0445226397731491,0.0487145406031623,percentile_bootstrap_subsample_20000,0.0353098346954479,0.0578983150229161,0.0057624732718223,0.3143801581696089,0.301485616238509,0.3278820082869918,2.718518068013224e-15,9.56918359940655e-13,True,0.0428315222145251,0.0027104066050549,4.681343552280709e-13,1.498029936729827e-11,True,0.3868565921622156,1.0,True,significant_meaningful_effect,False,True
60,smc_internal_ob_bearish_mitigated,1,41637,496,3989,0.6348680260345366,0.044286568124042,0.0412665340298423,0.1538767674241181,1.90806788191716,36.85803840356367,2.264307689528795,0.044286568124042,0.5898255997405971,1.027017794906536,-0.9971120641206104,0.1481033960932085,1.3018441501648872,0.1339376410633285,-0.0928500594094749,0.1063452618858047,-0.0668222252517282,0.0450713893108706,0.0429089241983175,0.0472481839980278,percentile_bootstrap_subsample_20000,0.032641019298682,0.0575017593230591,0.0063421420047452,0.2880367812505161,0.2711473030316168,0.3048222147432088,2.891402107314373e-12,8.481446181455494e-11,True,0.0421694194692227,0.0021171486548192,0.0019356026399397,0.0212916290393373,True,0.9090142710922692,1.0,True,significant_small_effect,False,True
60,ict_liquidity_buyside_pool_formed,1,58159,495,3871,0.6385426159321859,0.0424223483530702,0.0410770049088968,0.1430328286728059,0.9399863729136904,9.744057467476104,2.28465254726064,0.0424223483530702,0.607832088596519,1.016398798377098,-0.9998954242332122,0.1445066296122995,1.293141517715988,0.124453114030309,-0.0863029146311834,0.1001107941476773,-0.0624084473700322,0.0430861794048408,0.0410908624893022,0.0451092133395054,percentile_bootstrap_subsample_20000,0.0309674805676583,0.0552048782420234,0.006183123178376,0.2997110576581159,0.2860375007103338,0.31369946076402,6.838479180359405e-12,1.7193890510617932e-10,True,0.0405950209216048,0.0018273274314654,0.0008942761553948,0.0110700776463749,True,0.9999926596708146,1.0,True,significant_small_effect,False,True
60,smc_equal_highs,-1,10354,495,2864,0.3680703109909213,-0.0397604114641358,-0.0383248065630279,0.1487919820130384,-1.715657779511241,20.7741537997468,0.4647263979356887,-0.0397604114641358,-0.5476410397861272,-0.6841727051532647,-1.0,-0.2444901425627677,0.7976319519541695,0.0874235508862116,-0.1265745107375824,0.061531834065446,-0.0994237943916386,-0.0397604114641358,-0.0426186879907663,-0.0368791451766065,percentile_bootstrap_full,-0.0520876870324203,-0.0274331358958512,0.0062895418325461,-0.267221465338446,-0.2856780348877513,-0.2485972748842583,2.5875055729118406e-10,2.6788292990146113e-09,True,-0.0414155369865268,0.001655125522391,0.1252924901999755,0.7113380088772803,False,1.0,1.0,False,not_significant,False,False
60,smc_fvg_bullish_formed,1,66786,496,3832,0.6218369119276496,0.0436907427610039,0.0373144099708516,0.1644015246153824,1.9568284585592044,19.475101576441304,2.190888534579747,0.0436907427610039,0.5446383676156293,1.008057312789287,-0.999990775923306,0.1395634180511639,1.331836550541784,0.1401199162176733,-0.0965703968797838,0.1058339451505031,-0.0720163349408862,0.0437938570573802,0.0415512658534485,0.0460911480186345,percentile_bootstrap_subsample_20000,0.0293415553192316,0.0582461587955288,0.0073737587721757,0.2636007629616159,0.2507960881780524,0.2768058314915908,3.1198259176744102e-09,2.153291613767436e-08,True,0.0425653273173723,0.0011254154436315,0.024800402361456,0.1897769919833161,False,0.9907119594893252,1.0,False,not_significant,False,False
60,smc_swing_choch_bullish,1,2671,492,1465,0.6368401347809809,0.0418158320904224,0.0380523660732925,0.1466675072614972,0.7511825442878592,8.34065469414357,2.2771892283199744,0.0418158320904224,0.5842940684936251,0.9126994692482556,-0.9219038968810804,0.1478854874820893,1.2985735164434893,0.124095925153726,-0.083953093753433,0.097264000961599,-0.0608015171456455,0.0418158320904224,0.0362579743880695,0.0472553418418107,percentile_bootstrap_full,0.024642463506834,0.0589892006740108,0.0087620836829597,0.2851063120331619,0.2475095923652858,0.3229438192880663,1.820781838964365e-06,5.477907754832961e-06,True,0.0411714523063465,0.0006443797840759,0.4124603926220397,1.0,False,0.8945206108626469,1.0,False,not_significant,False,False
60,smc_swing_ob_bullish_mitigated,-1,6714,494,2663,0.3622281799225499,-0.0426856007662351,-0.0401571872697391,0.1527144733499653,-1.8188403743916752,22.807363801302085,0.4400639482214183,-0.0426856007662351,-0.5728301186812403,-0.6991194958461223,-1.0,-0.2857189324428341,0.7746355930657451,0.0900569814804272,-0.1245908104940013,0.0629020766005312,-0.0972888924861793,-0.0426856007662351,-0.0463241005741574,-0.0390085847881564,percentile_bootstrap_full,-0.0568166685254481,-0.028554533007022,0.0072098608745941,-0.2795124773040696,-0.303559438992537,-0.2564509566335112,3.2106732629191995e-09,2.17337882412992e-08,True,-0.0419803358502031,-0.000705264916032,0.6541524196302969,1.0,False,1.0,1.0,False,not_significant,False,False
60,ict_liquidity_buyside_swept,1,43710,495,3803,0.6328986501944636,0.0391534718905723,0.0384634347124862,0.1398757464040836,0.9358967376958612,10.886302024278065,2.179789224209717,0.0391534718905723,0.5736572766804771,0.9484991567416728,-0.9998195267277222,0.1309737033649025,1.264189499465757,0.1197094802717065,-0.0851859284814147,0.096044660722137,-0.061458975189973,0.0395261106687587,0.0375583067338173,0.0414667518608149,percentile_bootstrap_subsample_20000,0.0274709688658134,0.0515812524717039,0.0061506955244817,0.280133818897337,0.2664725731223016,0.2937227185700578,1.9440326034974767e-10,2.138435863847225e-09,True,0.040713443607367,-0.0015599717167947,0.989675986664336,1.0,False,1.0,1.0,False,not_significant,False,False
60,ict_bpr_bullish,1,26497,496,3246,0.6261840963127902,0.0416282165089124,0.0394704501594289,0.1557365004732955,1.7511826245829678,18.524669399971923,2.155252339764298,0.0416282165089124,0.547800013157065,0.9805944811291686,-0.9931505974202138,0.1358608585616317,1.2862408792397588,0.1335114769628406,-0.0931940792777977,0.1049726745843722,-0.0676779633446794,0.042023608887234,0.0398453269707143,0.0442596729717403,percentile_bootstrap_subsample_20000,0.0295375857035979,0.0545096320708701,0.0063705370015143,0.266114354587489,0.253330945026204,0.2793023630682799,6.38262454768852e-11,8.986735363145433e-10,True,0.0432027141331617,-0.0015744976242492,0.9543117864767496,1.0,False,0.9998933624974828,1.0,False,not_significant,False,False
60,smc_internal_ob_bullish_mitigated,-1,53434,496,3979,0.3654601938840439,-0.0445575578731381,-0.0398073924519305,0.1541646783644482,-1.5087713592895666,15.420988226248486,0.4348334683114038,-0.044557557873138,-0.5923264740293884,-0.7284606195058208,-1.0,-0.2679501177088762,0.7547237594708481,0.092983395274201,-0.1312977968956058,0.0664698067931894,-0.1015839948848166,-0.0435313809509508,-0.0456468013285471,-0.0414318950214199,percentile_bootstrap_subsample_20000,-0.0565349025013495,-0.030527859400552,0.0066345716300905,-0.2844236367077712,-0.297595614060083,-0.2712464277354635,1.868242820408885e-11,3.653452626577375e-10,True,-0.0423626237548806,-0.0021949341182574,0.9997319362208688,1.0,False,1.0,1.0,False,not_significant,False,False
60,smc_internal_choch_bearish,-1,26008,496,3302,0.3639649338665026,-0.0445070896384719,-0.0410694934590754,0.1508720537342733,-1.0176352792123182,10.235766912611409,0.4388343899134436,-0.0445070896384718,-0.6045678374138409,-0.7809719646849973,-1.0,-0.2549570298542667,0.7667316685800173,0.0933925212645099,-0.1330301150066279,0.0662900015650624,-0.1066792604410292,-0.0449326462194679,-0.0470406151296036,-0.0428233165787571,percentile_bootstrap_subsample_20000,-0.0582031041348017,-0.0316621883041342,0.0067707661545486,-0.2974309367866684,-0.3112854577907376,-0.2838125881569199,4.917249933683322e-11,7.211966569402205e-10,True,-0.0421794964363451,-0.0023275932021267,0.994356531040026,1.0,False,1.0,1.0,False,not_significant,False,False
60,ict_nwog_gap_down,-1,129152,496,841,0.3675591551040634,-0.0447928910421037,-0.0403322974436386,0.1594438410912315,-1.5706040400112582,20.56777979664489,0.4455208072758775,-0.0447928910421036,-0.5757394528783353,-0.7124043924439643,-1.0,-0.2777150209694991,0.7664260539145428,0.0943228157016539,-0.1347452082386203,0.0667770511235361,-0.1043092018228746,-0.0434677382862271,-0.045621708572308,-0.0413286968312062,percentile_bootstrap_subsample_20000,-0.057831580305509,-0.0291038962669452,0.0073286254335701,-0.2768977254580861,-0.2903000334048392,-0.2637441907240018,9.836221751979801e-10,8.051976876039277e-09,True,-0.0423780611935088,-0.0024148298485948,0.9999999990363008,1.0,False,1.0,1.0,False,not_significant,False,False
60,ict_mss_bullish,1,35937,496,3698,0.6294904972590923,0.0395899271569769,0.0375634387035297,0.1516935640769466,2.079221981074265,32.9247026232818,2.1184191965108594,0.0395899271569769,0.5348625525070932,0.9286279986692636,-0.9837341850638444,0.1300094705344253,1.2465916516644222,0.1273754521922405,-0.0906149677721114,0.1002652013240474,-0.065265743877741,0.0400235557757418,0.0379317908236295,0.0421226852795489,percentile_bootstrap_subsample_20000,0.0276221972525389,0.0524249142989447,0.0063273399527761,0.2651646588909442,0.2508642093051503,0.2796546982482088,3.9254841044774486e-10,3.636237907305426e-09,True,0.0423768607006143,-0.0027869335436373,0.9998147197969242,1.0,False,0.9999999999864952,1.0,False,not_significant,False,False
60,ict_bpr_bearish,-1,25916,496,3194,0.3660287081339713,-0.0456766590103491,-0.0416439598055892,0.1523694467457073,-0.9096970032891516,8.563128294569864,0.4336841852374495,-0.0456766590103492,-0.6143573872965569,-0.7922542727256909,-1.0,-0.2508811155670136,0.7509694736148371,0.0937499966452446,-0.1358298753132092,0.0677758253224572,-0.1065417144615746,-0.0458369581778601,-0.0479643269937383,-0.0437233116277746,percentile_bootstrap_subsample_20000,-0.0591081144947193,-0.0325658018610009,0.0067711224884024,-0.2995030667468127,-0.3132480461254125,-0.2859965160302222,1.5218289341918985e-11,3.553406048237043e-10,True,-0.0426612669051138,-0.0030153921052353,0.999394821317082,1.0,False,1.0,1.0,False,not_significant,False,False
60,ict_mss_bearish,-1,36095,496,3491,0.3662834187560604,-0.0453511435060397,-0.0409029855712288,0.1543816935219565,-1.444018974622972,16.383891172511934,0.4341150370083108,-0.0453511435060397,-0.6020285489616877,-0.7547357873264624,-1.0,-0.2644316484062373,0.750942507857202,0.0923718297157778,-0.1335172186360645,0.0655849747415772,-0.1049717012149176,-0.0452260855506726,-0.0473477041296558,-0.0431164201547195,percentile_bootstrap_subsample_20000,-0.0587189278662357,-0.0317332432351095,0.0068842296672607,-0.2969976814611116,-0.3109286953708328,-0.2831753323115278,4.467341184453316e-11,6.93526898510057e-10,True,-0.0423067042582476,-0.003044439247792,0.9999525335512284,1.0,False,1.0,1.0,False,not_significant,False,False
60,ict_displacement_bullish,1,209902,496,3995,0.6213280483273147,0.0391608262860031,0.0359967927382118,0.1515966072968395,2.018204764752204,34.13712974648751,2.104635066915046,0.0391608262860031,0.5294037459838806,0.9281777003291212,-0.9999999995450884,0.1257287738523017,1.2823269156650414,0.1274323298544012,-0.0913631615183484,0.0990178998696305,-0.0662344181918096,0.0382007242210368,0.0361771049859773,0.04022568670043,percentile_bootstrap_subsample_20000,0.0265458696911621,0.0498555787509116,0.0059464635727364,0.2581744892715891,0.2450866568239315,0.2715403654165182,4.531567802764576e-11,6.93526898510057e-10,True,0.0429905872430258,-0.0038297609570227,1.0,1.0,False,1.0,1.0,False,not_significant,False,False
60,smc_internal_choch_bullish,1,26016,496,3525,0.625,0.0381359134961591,0.0370007253104395,0.149033423842487,1.965198388087092,33.666934029081226,2.073094710280486,0.0381359134961592,0.5244150176983764,0.905194584688604,-0.9876313030783914,0.1239777323864642,1.243346839769699,0.1258459383749214,-0.0902853751356904,0.0993839521867815,-0.0646163527716856,0.0379839163684579,0.0358787895144457,0.0400690913300305,percentile_bootstrap_subsample_20000,0.0253867089568006,0.0505811237801151,0.006427264690401,0.2526707628779721,0.2382881975173693,0.2674752854910981,2.966175415413103e-09,2.088187492450825e-08,True,0.0421646312488751,-0.0040287177527159,0.9999942816904988,1.0,False,0.999999999999907,1.0,False,not_significant,False,False
60,ict_displacement_bearish,-1,187887,496,4019,0.3639368343738524,-0.0465206379303227,-0.0418121935419837,0.15710736141265,-1.7566430290541128,28.660272601178644,0.4282897786280262,-0.0465206379303227,-0.606839402287444,-0.7543853819842591,-1.0,-0.2711250264287393,0.7483029605941725,0.0927319238008788,-0.1364234177155334,0.0665289554224323,-0.106896512160955,-0.0446758157003375,-0.046826486114647,-0.0425097763773296,percentile_bootstrap_subsample_20000,-0.0572994804433543,-0.0320521509573208,0.0064407635767885,-0.2930209829999403,-0.3069748845893429,-0.2793816510152638,5.09109785398902e-13,2.0466960278606765e-11,True,-0.0424825414059527,-0.00403809652437,1.0,1.0,False,1.0,1.0,False,not_significant,False,False
60,ict_volume_imbalance_bullish,1,116177,496,3822,0.622808301126729,0.0366800287106386,0.0352002731687248,0.1439454479130441,1.1169910443191131,12.290367895349538,2.053590450641113,0.0366800287106386,0.5222234585965515,0.8711785135834277,-0.9999793640896326,0.1175561263439439,1.2431209815092148,0.1222016775748003,-0.090507647973172,0.0957652137011733,-0.0656425896965983,0.0366998167052111,0.0346984816702726,0.0387107301666951,percentile_bootstrap_subsample_20000,0.0250060471990128,0.0483935862114094,0.0059663185171759,0.2541270827192761,0.2406647000744985,0.2674784173760082,7.854046830688967e-10,6.911561211006292e-09,True,0.0422258659196663,-0.0055458372090277,1.0,1.0,False,1.0,1.0,False,not_significant,False,False
60,ict_fvg_bullish_formed,1,110888,496,3848,0.6172714811341173,0.0373573367717245,0.0346202850760554,0.151783381335538,1.8568843305934,26.66964653001371,2.033887635436763,0.0373573367717245,0.504401453280322,0.8819622454063866,-0.999995528183066,0.1171948095597134,1.260660893248015,0.1266089801491005,-0.09159567642351,0.0979691689965315,-0.0665308424068931,0.0377559491852455,0.0357019902844669,0.0398135665086909,percentile_bootstrap_subsample_20000,0.0261226071620653,0.0493892912084257,0.0059354876024152,0.2545259993302675,0.2413912938260641,0.2676089254594462,3.0959694100321717e-10,3.113660663803785e-09,True,0.043369124952847,-0.0060117881811224,1.0,1.0,False,1.0,1.0,False,not_significant,False,False
60,smc_equal_lows,1,9201,495,2579,0.612976850342354,0.0356812118293691,0.0332382027178468,0.1434797553188496,0.7046305433730874,5.206220457808282,1.9888946452813472,0.0356812118293691,0.5096518600450758,0.8570501274352768,-0.9561707872906052,0.1181133481665859,1.2546963028211051,0.1253116776250037,-0.089716206714649,0.0969965525121663,-0.0643069292360198,0.0356812118293691,0.032802149247656,0.0386641762185413,percentile_bootstrap_full,0.0236047270914854,0.0477576965672527,0.0061615849770116,0.2486846436981725,0.2293175805839926,0.2683542593085893,7.0004205613983006e-09,4.1069133960203366e-08,True,0.0416937253102238,-0.0060125134808547,0.9999384724668358,1.0,False,0.9999999998703762,1.0,False,not_significant,False,False
60,ict_ob_bearish_mitigated,1,19880,496,3459,0.6237424547283702,0.0358227698011034,0.0343263246645159,0.1490795504940776,2.2009661133749527,37.08052868543126,2.014610480261791,0.0358227698011034,0.4924540719845995,0.8260130515816124,-0.9963346815995588,0.1119232408894471,1.2149400944675544,0.1209848563964001,-0.0877890157141969,0.094374560049648,-0.0624785463173814,0.0358227698011034,0.0337499377459137,0.037855925772389,percentile_bootstrap_full,0.0229131928186279,0.0487323467835789,0.0065866398477092,0.2402929823867864,0.2263433215750691,0.2546694645637676,5.367020563848227e-08,2.2490371886602093e-07,True,0.0421626759824739,-0.0063399061813705,0.9999999986989828,1.0,False,1.0,1.0,False,not_significant,False,False
60,smc_swing_ob_bullish_formed,1,7210,494,2588,0.6321775312066574,0.0352040732327284,0.0340496467542215,0.1358890560315159,0.7461784594328608,7.831653948127858,2.0840569914157268,0.0352040732327284,0.5309248819762817,0.8373527949186611,-0.9156440740950534,0.1246102712556624,1.2116610415207714,0.1140361219522294,-0.0825539433279407,0.09049149935037,-0.0583638688771211,0.0352040732327284,0.0320132419381023,0.038315066848931,percentile_bootstrap_full,0.0219469371049081,0.0484612093605487,0.0067639691993426,0.2590648155254223,0.2363594955416504,0.2818598977763886,1.9436552531869538e-07,7.278368607678805e-07,True,0.0423619942494206,-0.0071579210166922,0.9999837860136708,1.0,False,0.999999999746319,1.0,False,not_significant,False,False
60,ict_fvg_bearish_formed,-1,89572,496,3817,0.3589849506542223,-0.0496454768654101,-0.0447786472508016,0.1614045383069991,-1.7445709627506425,26.56308357394616,0.4132967381754787,-0.0496454768654101,-0.630359917420469,-0.7797794719369815,-1.0,-0.2886050863985399,0.7378031212797024,0.0955265684636914,-0.1406461607647425,0.0678341114855876,-0.1098572303571313,-0.0512411770321052,-0.0534549423395988,-0.0490476617507838,percentile_bootstrap_subsample_20000,-0.0646716887794088,-0.0378106652848016,0.0068524277728078,-0.3211867313686911,-0.3354677998388362,-0.3069579921787868,4.326079547033588e-13,2.0466960278606765e-11,True,-0.0424727022241058,-0.0071727746413043,1.0,1.0,False,1.0,1.0,False,not_significant,False,False
60,smc_internal_ob_bullish_formed,1,57689,496,3845,0.6192861724072181,0.0354562033774941,0.0336388685190953,0.145950572027532,1.8938043864649272,28.4668676466224,2.0078368526571886,0.0354562033774941,0.4978644006801104,0.8617602366399701,-0.9994460039610018,0.1121797433265893,1.2341177139198118,0.1208511599760772,-0.0886633962383789,0.0941445200007791,-0.0642670412320987,0.0347283302739537,0.0327227942563786,0.0367371806828799,percentile_bootstrap_subsample_20000,0.0233300428815004,0.0461266176664071,0.0058155595676519,0.2393382316706743,0.2249809884826412,0.2539293717359746,1.0822442631886836e-09,8.657954105509469e-09,True,0.0427652392528809,-0.0073090358753868,1.0,1.0,False,1.0,1.0,False,not_significant,False,False
60,ict_volume_imbalance_bearish,-1,83425,496,3720,0.3581180701228648,-0.0494997819421371,-0.0441064714232029,0.1599006206950629,-2.238487654730724,41.79718586886327,0.4078186371169483,-0.0494997819421371,-0.6344213378059467,-0.7718329323667816,-1.0,-0.2909520046390784,0.7308411377440558,0.0926972350351651,-0.1390782281053427,0.0664832252831336,-0.108368549425978,-0.0497105927719499,-0.0519034840850572,-0.0475188539854952,percentile_bootstrap_subsample_20000,-0.0632660389326988,-0.0361551466112011,0.0069161709912778,-0.3131044133340693,-0.3306452981778429,-0.2942907706201373,8.239685176903887e-13,2.636699256609244e-11,True,-0.0421831328180756,-0.0073166491240615,1.0,1.0,False,1.0,1.0,False,not_significant,False,False
60,smc_internal_ob_bearish_formed,-1,42269,496,3601,0.3556980292886039,-0.0497375028079396,-0.0452925758013047,0.1579048331113791,-1.749539920976002,36.65797878248004,0.4097962285959614,-0.0497375028079396,-0.6455251969839892,-0.8146930729902753,-1.0,-0.2778032820368769,0.7421304763691944,0.095130215413221,-0.140448586936135,0.0673717280363019,-0.1119018593443437,-0.0497700462468669,-0.0519726822078963,-0.0475534265308927,percentile_bootstrap_subsample_20000,-0.0632153885189234,-0.0363247039748104,0.0068599945060503,-0.30898276619352,-0.3267546988999917,-0.2902419094964201,4.156326526160738e-13,2.0466960278606765e-11,True,-0.0421306000922238,-0.0076069027157157,1.0,1.0,False,1.0,1.0,False,not_significant,False,False
60,ict_liquidity_sellside_pool_formed,-1,50809,495,3763,0.356983998897833,-0.0485595891044141,-0.0453185265201416,0.1519469183536666,-1.6691526895248583,33.6281705303577,0.4070083664661078,-0.0485595891044141,-0.6549494049099315,-0.8318875723261173,-1.0,-0.2739863447067034,0.73289779783601,0.0914694634076539,-0.1346682854270357,0.0659618344465713,-0.108336373080589,-0.0494309477892785,-0.0515352496231602,-0.0473646302131645,percentile_bootstrap_subsample_20000,-0.0622991912275379,-0.0365627043510191,0.006565550917394,-0.3262805973618277,-0.3397867621941633,-0.3128358212265272,1.4022344509869234e-13,1.6452884224913232e-11,True,-0.0408702804928105,-0.0076893086116035,1.0,1.0,False,1.0,1.0,False,not_significant,False,False
60,ict_ob_bullish_formed,1,32200,496,3654,0.6196583850931677,0.0341344121025232,0.0337440162636187,0.1453563904358152,1.950074057725301,30.256292815829468,1.9683592907922296,0.0341344121025232,0.4812635195340514,0.8123722147710645,-0.9927966563577986,0.1069515996115009,1.2078680477351806,0.1189888563053893,-0.0878075877160271,0.0932376311311198,-0.0629665501504601,0.0334942993883816,0.0315011857384618,0.0354580485306158,percentile_bootstrap_subsample_20000,0.0220647884230441,0.0449238103537192,0.005831490254585,0.2313289634791883,0.2176477404657488,0.24497138683819,4.814415674288261e-09,3.024786854923093e-08,True,0.0428523619353925,-0.0087179498328692,1.0,1.0,False,1.0,1.0,False,not_significant,False,False
60,ict_bos_bullish,1,79940,496,3838,0.6128721541155867,0.0332365768191426,0.0313771543564589,0.1412829066692687,1.3318770546870755,15.467692926694838,1.9529194680821305,0.0332365768191426,0.4821157411378047,0.8171737182769696,-0.999976698905324,0.1038588898061082,1.233145891547543,0.1164776309628295,-0.0879021094533982,0.0902207816364321,-0.064054514611221,0.0335745862977607,0.0316182937108208,0.0356100359635786,percentile_bootstrap_subsample_20000,0.0219409892934147,0.0452081833021067,0.0059356176972362,0.2342008806062638,0.2212595907975638,0.2478231280646453,2.149530678500063e-08,9.95572103726345e-08,True,0.0431013484177057,-0.009864771598563,1.0,1.0,False,1.0,1.0,False,not_significant,False,False
60,smc_internal_bos_bullish,1,31673,496,3587,0.6145928708995043,0.0332551065932554,0.031256326878958,0.1433336490988113,1.823688438081375,23.39372206598442,1.953233276672708,0.0332551065932554,0.475482822240731,0.8248526874869445,-0.9968079051941234,0.1040385256373945,1.2248596839794383,0.1167484808858638,-0.0873311131268183,0.0899203546440687,-0.0639692021170857,0.0329833184507766,0.0310729827371447,0.034970768502085,percentile_bootstrap_subsample_20000,0.0213228166444839,0.0446438202570694,0.0059493448891371,0.2303309050166652,0.2173346696137401,0.2436030362231508,2.2745047392125867e-08,1.0397735950686112e-07,True,0.0432585748330978,-0.0100034682398424,1.0,1.0,False,1.0,1.0,False,not_significant,False,False
60,ict_ob_bearish_formed,-1,22106,496,3119,0.3530715642811906,-0.0521391239509825,-0.0473866685218394,0.1630931423365733,-2.37746510770463,56.1173760381339,0.3993553889007618,-0.0521391239509825,-0.6551679959705755,-0.811150420220168,-1.0,-0.2857946512998198,0.7314778526233557,0.0976802421473033,-0.14295880699591,0.0690504901909572,-0.1136182723032778,-0.0526041284706517,-0.0548985367391678,-0.0503079076442685,percentile_bootstrap_subsample_20000,-0.0677723729494845,-0.0374358839918189,0.0077390423899789,-0.3196221234256156,-0.33705102737275,-0.3013719473591237,1.615184567380474e-11,3.553406048237043e-10,True,-0.0418670403545933,-0.0102720835963891,1.0,1.0,False,1.0,1.0,False,not_significant,False,False
60,smc_swing_bos_bullish,1,4539,492,2130,0.6294337959903062,0.0313133466610384,0.0323863633729057,0.1289850961113447,0.7101553227182635,6.995522815954121,1.9689205853719272,0.0313133466610384,0.4975246462213014,0.7886330090219471,-0.8991867727589823,0.1125648042762373,1.157783193358361,0.1081163743533756,-0.0817306054150767,0.086383535416759,-0.0563894967648487,0.0313133466610384,0.0276032120958792,0.0350335770083427,percentile_bootstrap_full,0.018136796188466,0.0444898971336109,0.0067228533139243,0.2427671692705306,0.2145911592316581,0.2715149972173595,3.196894869053656e-06,9.223827818908907e-06,True,0.0430625753311458,-0.0117492286701073,0.9999999812318258,1.0,False,0.9999999999997372,1.0,False,not_significant,False,False
60,ict_liquidity_sellside_swept,-1,32341,495,3669,0.3504529853746019,-0.0539621831998565,-0.0498894024032219,0.1569288427902345,-0.8250587629252037,7.115771952428545,0.3848738047205674,-0.0539621831998565,-0.7047115426852963,-0.9102905538551784,-1.0,-0.2902438062943877,0.7132084454337461,0.094923764394234,-0.1416172674388751,0.0677547637182808,-0.1140385831113126,-0.0547047214026049,-0.0568951305120845,-0.052506090644417,percentile_bootstrap_subsample_20000,-0.0694819100367716,-0.0399275327684382,0.0075395204371951,-0.3482697721021657,-0.361949219818174,-0.3346831199426907,8.231544622928732e-13,2.636699256609244e-11,True,-0.0407705170858525,-0.013191666114004,1.0,1.0,False,1.0,1.0,False,not_significant,False,False
60,smc_internal_bos_bearish,-1,16261,495,2888,0.3424758624930816,-0.0581030760021784,-0.0527614264995575,0.1682112307281444,-2.558713784961353,62.9841185953874,0.3698464643454881,-0.0581030760021784,-0.7078948968720845,-0.8725392768926111,-1.0,-0.3128964406234409,0.7098740990104009,0.0979095001693662,-0.1523137623830707,0.0693864117144471,-0.1214389751974804,-0.0581030760021784,-0.0606641408605782,-0.0555764819445969,percentile_bootstrap_full,-0.0737706133101896,-0.0424355386941672,0.0079937883083623,-0.3454173407486808,-0.3660296067601941,-0.3231605324489349,3.6342520506767013e-13,2.0466960278606765e-11,True,-0.0420523948085446,-0.0160506811936338,1.0,1.0,False,1.0,1.0,False,not_significant,False,False
60,ict_bos_bearish,-1,41757,496,3549,0.3485882606509088,-0.0588154599913582,-0.0513017528475707,0.1709547250851907,-1.9442734217799147,31.164693679236336,0.3699463167201893,-0.0588154599913582,-0.7050745424069272,-0.8572989017038409,-1.0,-0.3290231974614032,0.6911459286128627,0.0978076246603858,-0.1522913809988856,0.0688001372060723,-0.1191958941919733,-0.0588409654651959,-0.0612533323620985,-0.056472875326277,percentile_bootstrap_subsample_20000,-0.0763197073837277,-0.0413622235466641,0.0089178892666048,-0.3475487924102462,-0.3623700123265055,-0.3331141435149395,4.246198309463822e-11,6.93526898510057e-10,True,-0.042081349357941,-0.0167341106334172,1.0,1.0,False,1.0,1.0,False,not_significant,False,False
60,smc_fvg_bearish_formed,-1,66537,496,3724,0.3407126861746096,-0.0613961670611662,-0.0524182981294154,0.172974010972746,-2.142579460713862,28.10056101550689,0.3489306548241007,-0.0613961670611662,-0.7274196829413013,-0.8581600658359995,-1.0,-0.3597257889556141,0.6749891899715973,0.0990575618670776,-0.15558805712558,0.070178505989379,-0.1193552057926701,-0.0624514728347919,-0.0648004251027177,-0.0601278546051149,percentile_bootstrap_subsample_20000,-0.0791203332651799,-0.0457826124044038,0.008504676836099,-0.3692582910377636,-0.3827680879553436,-0.3559205725436312,5.23302961668923e-13,2.0466960278606765e-11,True,-0.0414773388425257,-0.0199188282186404,1.0,1.0,False,1.0,1.0,False,not_significant,False,False
60,smc_swing_bos_bearish,-1,1224,443,650,0.3472222222222222,-0.0657962719682141,-0.0568067561920543,0.1930326008939689,-1.1728444631811663,8.831364466640045,0.377232673271969,-0.0657962719682141,-0.6985464178792432,-0.8705903675185097,-1.0,-0.4207871814619728,0.7091974257513018,0.113722384444394,-0.1721953854722313,0.084242679073596,-0.1399601916929346,-0.0657962719682141,-0.0768546110275413,-0.0551886381559002,percentile_bootstrap_full,-0.0889603800944022,-0.0426321638420261,0.0118186395904149,-0.3408557500831449,-0.3963331386661827,-0.2884260562172961,2.5892282085781854e-08,1.1536814296449637e-07,True,-0.0398289508437104,-0.0259673211245037,0.9999999897007148,1.0,False,1.0,1.0,False,not_significant,False,False
60,ict_ob_bullish_mitigated,-1,20264,496,2974,0.3313264903276747,-0.0700595078609462,-0.0578559699684598,0.1826802795970733,-1.3831672093876433,9.24913714731693,0.3231055752161101,-0.0700595078609462,-0.7859593047721355,-0.932710067717565,-1.0,-0.4093346965067223,0.6518898006966677,0.1074204917249803,-0.1617277093593507,0.0748405931012481,-0.1222266576698705,-0.0702033151985656,-0.0727025252560399,-0.0676498205090814,percentile_bootstrap_subsample_20000,-0.0995387915195278,-0.0408678388776035,0.0149673546661888,-0.3846952130778997,-0.3976681953882245,-0.3717877017798551,2.8572835581013373e-06,8.45179674329135e-06,True,-0.0414860944361739,-0.0285734134247722,1.0,1.0,False,1.0,1.0,False,not_significant,False,False
60,smc_swing_ob_bearish_formed,-1,3838,493,1376,0.3272537780093799,-0.0712260603152873,-0.0642945631792957,0.1814094974393778,-0.90882525426274,6.492212304860374,0.3316392712037626,-0.0712260603152873,-0.8046435755635278,-1.0189308896586249,-1.0,-0.3964805045536497,0.6817616228090088,0.1157397679576934,-0.1660316812466189,0.081944946465175,-0.1337087804163046,-0.0712260603152873,-0.0769559037132921,-0.065390422201242,percentile_bootstrap_full,-0.0974530051545622,-0.0449991154760124,0.0133813400854683,-0.3926258620450076,-0.4236686831952371,-0.3615151187667939,1.0218781139288377e-07,4.087512455715351e-07,True,-0.0407091388295623,-0.0305169214857249,1.0,1.0,False,1.0,1.0,False,not_significant,False,False
60,smc_swing_choch_bearish,-1,2614,492,1051,0.3179035960214231,-0.0737685472842305,-0.0664555840964554,0.1756835507203334,-0.7511567939693568,4.845841220935086,0.3105588506200323,-0.0737685472842305,-0.8605275439829615,-1.0975242862793224,-1.0,-0.3847508839459226,0.6663374616793232,0.1166844035431098,-0.1631455397117491,0.0809080025451504,-0.1324374360033058,-0.0737685472842305,-0.0805315836736763,-0.0670771414453732,percentile_bootstrap_full,-0.1057604187956155,-0.0417766757728455,0.0163226832285618,-0.4198944464735971,-0.4578346922953039,-0.3823355231121058,6.2018491650268925e-06,1.6538264440071714e-05,True,-0.0411212850019735,-0.032647262282257,1.0,1.0,False,1.0,1.0,False,not_significant,False,False
