signal,n_trades,mean_return,excess_return_vs_matched_random,p_value_vs_matched_random,ict.ob_swing_len,ict.mss_pivot_len,ict.displacement_perc_body,ict.sweep_penetration_atr,smc.swing_len,smc.internal_len,draw
ict_bos_bearish,2147,-0.013688219980797469,-0.0066686179597563065,0.956774407743539,7,9,0.12594414903070453,0.3751542930284718,49,10,1
ict_bos_bullish,4426,0.0036354512158144636,-0.0033099641160054196,0.991468516201666,7,9,0.12594414903070453,0.3751542930284718,49,10,1
ict_bpr_bearish,413,-0.001444222217853771,0.005296036131121643,0.08595218939604926,7,9,0.12594414903070453,0.3751542930284718,49,10,1
ict_bpr_bullish,403,0.0034095855804383767,-0.003683765520232571,0.8566376150953369,7,9,0.12594414903070453,0.3751542930284718,49,10,1
ict_displacement_bearish,3514,-0.007417780377553427,-0.00048423523413694547,0.5847067479132109,7,9,0.12594414903070453,0.3751542930284718,49,10,1
ict_displacement_bullish,3868,0.004395607733062863,-0.002701636695730544,0.9358164569156987,7,9,0.12594414903070453,0.3751542930284718,49,10,1
ict_fvg_bearish_formed,2000,-0.00816309366209842,-0.0012653117380719845,0.6838645069750433,7,9,0.12594414903070453,0.3751542930284718,49,10,1
ict_fvg_bullish_formed,2314,0.00466799008554115,-0.0024133111691170307,0.9024460259545546,7,9,0.12594414903070453,0.3751542930284718,49,10,1
ict_liquidity_buyside_pool_formed,1872,0.007598401485577107,0.0010160869770772726,0.30686703919439146,7,9,0.12594414903070453,0.3751542930284718,49,10,1
ict_liquidity_buyside_swept,1510,0.006354940018023965,-0.00024650183779904595,0.5527903996126389,7,9,0.12594414903070453,0.3751542930284718,49,10,1
ict_liquidity_sellside_pool_formed,1574,-0.008801628944741385,-0.0020514824458542063,0.7553940330589255,7,9,0.12594414903070453,0.3751542930284718,49,10,1
ict_liquidity_sellside_swept,1061,-0.010804573737886613,-0.004086337285519151,0.8875435183350935,7,9,0.12594414903070453,0.3751542930284718,49,10,1
ict_mss_bearish,1604,-0.00875302745421967,-0.0017962000390009435,0.722957247838173,7,9,0.12594414903070453,0.3751542930284718,49,10,1
ict_mss_bullish,1612,0.003924714673327392,-0.0030388371689885592,0.9282092520488225,7,9,0.12594414903070453,0.3751542930284718,49,10,1
ict_nwog_gap_down,7771,-0.0074609541369354895,-0.0005185703297956677,0.5903650363366838,7,9,0.12594414903070453,0.3751542930284718,49,10,1
ict_nwog_gap_up,8734,0.006989213289592376,3.806788000517217e-05,0.4924114654600511,7,9,0.12594414903070453,0.3751542930284718,49,10,1
ict_ob_bearish_formed,1989,-0.009509129135749356,-0.002527047990408175,0.7922582154068265,7,9,0.12594414903070453,0.3751542930284718,49,10,1
ict_ob_bearish_mitigated,1761,0.005462304310051615,-0.0015345845717757121,0.8004995599003446,7,9,0.12594414903070453,0.3751542930284718,49,10,1
ict_ob_bullish_formed,2755,0.0036039966314986333,-0.003368016542014535,0.9854881555410145,7,9,0.12594414903070453,0.3751542930284718,49,10,1
ict_ob_bullish_mitigated,1814,-0.009264588219609717,-0.002424653182082793,0.6523405423382861,7,9,0.12594414903070453,0.3751542930284718,49,10,1
ict_sweep_buyside_bearish,3262,-0.006455400629262887,0.00037052170803530526,0.43284779360507136,7,9,0.12594414903070453,0.3751542930284718,49,10,1
ict_sweep_sellside_bullish,2472,0.00898718169517937,0.0021148295292517374,0.18033114633058506,7,9,0.12594414903070453,0.3751542930284718,49,10,1
ict_volume_imbalance_bearish,5045,-0.009415081939126553,-0.0025412157087679388,0.8070744506574599,7,9,0.12594414903070453,0.3751542930284718,49,10,1
ict_volume_imbalance_bullish,6878,0.003829990662614132,-0.002981997350039685,0.976190868394778,7,9,0.12594414903070453,0.3751542930284718,49,10,1
smc_equal_highs,608,-0.006723847601595759,0.00015417538021324142,0.47666625884237424,7,9,0.12594414903070453,0.3751542930284718,49,10,1
smc_equal_lows,566,0.004623623441085305,-0.00262050862856175,0.8219914765809904,7,9,0.12594414903070453,0.3751542930284718,49,10,1
smc_fvg_bearish_formed,4076,-0.011046893020218933,-0.0041614177766649725,0.8857407837628805,7,9,0.12594414903070453,0.3751542930284718,49,10,1
smc_fvg_bullish_formed,4184,0.006487487426096057,-0.0005844099253412656,0.6023270265101864,7,9,0.12594414903070453,0.3751542930284718,49,10,1
smc_internal_bos_bearish,484,-0.012576554276016356,-0.005546572411635335,0.8837638802775092,7,9,0.12594414903070453,0.3751542930284718,49,10,1
smc_internal_bos_bullish,1061,0.0035733547883472325,-0.003434656115952213,0.9705874531056399,7,9,0.12594414903070453,0.3751542930284718,49,10,1
smc_internal_choch_bearish,877,-0.0053190361761552,0.0016586155573148622,0.34764356888996345,7,9,0.12594414903070453,0.3751542930284718,49,10,1
smc_internal_choch_bullish,874,0.0055958957050262,-0.001395004224616375,0.7068922706506306,7,9,0.12594414903070453,0.3751542930284718,49,10,1
smc_internal_ob_bearish_formed,1361,-0.007899961055165338,-0.0009036996351699991,0.594446184046683,7,9,0.12594414903070453,0.3751542930284718,49,10,1
smc_internal_ob_bearish_mitigated,1215,0.006141226648535743,-0.000859805186609176,0.6631727013273233,7,9,0.12594414903070453,0.3751542930284718,49,10,1
smc_internal_ob_bullish_formed,1935,0.0044868952334001615,-0.0025133869929405738,0.9305910404158181,7,9,0.12594414903070453,0.3751542930284718,49,10,1
smc_internal_ob_bullish_mitigated,1272,-0.007901342511838032,-0.0010506987938609363,0.5560746775038818,7,9,0.12594414903070453,0.3751542930284718,49,10,1
smc_swing_bos_bearish,70,0.0027823226692191253,0.009861443995324286,0.2640083848388971,7,9,0.12594414903070453,0.3751542930284718,49,10,1
smc_swing_bos_bullish,281,0.011476173443447122,0.004376427026506512,0.07281271466970066,7,9,0.12594414903070453,0.3751542930284718,49,10,1
smc_swing_choch_bearish,170,0.002750400883971509,0.009562901453292093,0.2389532509341445,7,9,0.12594414903070453,0.3751542930284718,49,10,1
smc_swing_choch_bullish,167,0.0047504336889417405,-0.0020741305241671684,0.6823367484776475,7,9,0.12594414903070453,0.3751542930284718,49,10,1
smc_swing_ob_bearish_formed,240,0.0027597114046687297,0.009649976361384817,0.22501393994205532,7,9,0.12594414903070453,0.3751542930284718,49,10,1
smc_swing_ob_bearish_mitigated,202,0.006985449180297803,0.00016525579695513427,0.4805683063999872,7,9,0.12594414903070453,0.3751542930284718,49,10,1
smc_swing_ob_bullish_formed,448,0.008969033847459623,0.001971866510965206,0.21700980698152172,7,9,0.12594414903070453,0.3751542930284718,49,10,1
smc_swing_ob_bullish_mitigated,213,-0.012166106176228698,-0.005611680099354653,0.6201150737345176,7,9,0.12594414903070453,0.3751542930284718,49,10,1
ict_bos_bearish,2048,-0.014321402531613098,-0.007302617694360167,0.9739270549255092,24,10,0.5569602429339984,0.5153889035335336,35,7,2
ict_bos_bullish,4348,0.0034306738750258044,-0.003506400150135459,0.9941439419295894,24,10,0.5569602429339984,0.5153889035335336,35,7,2
ict_bpr_bearish,2269,-0.00699987312952193,-4.408041619662507e-05,0.5075768653884536,24,10,0.5569602429339984,0.5153889035335336,35,7,2
ict_bpr_bullish,2327,0.004300780505841877,-0.0027484383749299375,0.9085520813746882,24,10,0.5569602429339984,0.5153889035335336,35,7,2
ict_displacement_bearish,16393,-0.008431591829859805,-0.0015124599691339223,0.8135478050832099,24,10,0.5569602429339984,0.5153889035335336,35,7,2
ict_displacement_bullish,17917,0.0048869591534450784,-0.002067414207718059,0.9200310124898594,24,10,0.5569602429339984,0.5153889035335336,35,7,2
ict_fvg_bearish_formed,7209,-0.00880307691144814,-0.0018636186646395197,0.7907681520584291,24,10,0.5569602429339984,0.5153889035335336,35,7,2
ict_fvg_bullish_formed,8856,0.004402746488928716,-0.0025717242364259613,0.9633574802893541,24,10,0.5569602429339984,0.5153889035335336,35,7,2
ict_liquidity_buyside_pool_formed,1633,0.00804936999791733,0.0014638013753412059,0.24502850953010014,24,10,0.5569602429339984,0.5153889035335336,35,7,2
ict_liquidity_buyside_swept,1325,0.006706632773258647,8.817566920513598e-05,0.48186590341210944,24,10,0.5569602429339984,0.5153889035335336,35,7,2
ict_liquidity_sellside_pool_formed,1367,-0.00751828482506984,-0.000819052074751042,0.5923092422260081,24,10,0.5569602429339984,0.5153889035335336,35,7,2
ict_liquidity_sellside_swept,937,-0.00993937471478147,-0.003278887687266651,0.7857807844689457,24,10,0.5569602429339984,0.5153889035335336,35,7,2
ict_mss_bearish,1514,-0.008494407524207895,-0.0015281474349134226,0.6828583645258499,24,10,0.5569602429339984,0.5153889035335336,35,7,2
ict_mss_bullish,1522,0.004686225827499098,-0.0022864213642899596,0.8624198845357518,24,10,0.5569602429339984,0.5153889035335336,35,7,2
ict_nwog_gap_down,7771,-0.0074609541369354895,-0.0005185703297956677,0.5903650363366838,24,10,0.5569602429339984,0.5153889035335336,35,7,2
ict_nwog_gap_up,8734,0.006989213289592376,3.806788000517217e-05,0.4924114654600511,24,10,0.5569602429339984,0.5153889035335336,35,7,2
ict_ob_bearish_formed,541,-0.004492345959966675,0.0024657163134972158,0.34145706971830503,24,10,0.5569602429339984,0.5153889035335336,35,7,2
ict_ob_bearish_mitigated,488,0.007301574094904276,0.00035052851270908625,0.45049198333773577,24,10,0.5569602429339984,0.5153889035335336,35,7,2
ict_ob_bullish_formed,872,0.003571171191169867,-0.003437465894846452,0.958978865513049,24,10,0.5569602429339984,0.5153889035335336,35,7,2
ict_ob_bullish_mitigated,482,-0.010991391998206338,-0.0041852241704508015,0.618791966189689,24,10,0.5569602429339984,0.5153889035335336,35,7,2
ict_sweep_buyside_bearish,2596,-0.006132040425166814,0.0006758216911209652,0.39024449892401003,24,10,0.5569602429339984,0.5153889035335336,35,7,2
ict_sweep_sellside_bullish,1966,0.00904935746177122,0.002136772150576445,0.1844562505216415,24,10,0.5569602429339984,0.5153889035335336,35,7,2
ict_volume_imbalance_bearish,5045,-0.009415081939126553,-0.0025412157087679388,0.8070744506574599,24,10,0.5569602429339984,0.5153889035335336,35,7,2
ict_volume_imbalance_bullish,6878,0.003829990662614132,-0.002981997350039685,0.976190868394778,24,10,0.5569602429339984,0.5153889035335336,35,7,2
smc_equal_highs,608,-0.006723847601595759,0.00015417538021324142,0.47666625884237424,24,10,0.5569602429339984,0.5153889035335336,35,7,2
smc_equal_lows,566,0.004623623441085305,-0.00262050862856175,0.8219914765809904,24,10,0.5569602429339984,0.5153889035335336,35,7,2
smc_fvg_bearish_formed,4076,-0.011046893020218933,-0.0041614177766649725,0.8857407837628805,24,10,0.5569602429339984,0.5153889035335336,35,7,2
smc_fvg_bullish_formed,4184,0.006487487426096057,-0.0005844099253412656,0.6023270265101864,24,10,0.5569602429339984,0.5153889035335336,35,7,2
smc_internal_bos_bearish,763,-0.014638819703540966,-0.007609597928690337,0.9807375029760843,24,10,0.5569602429339984,0.5153889035335336,35,7,2
smc_internal_bos_bullish,1490,0.002138868795323627,-0.004844169836757291,0.9976725926916002,24,10,0.5569602429339984,0.5153889035335336,35,7,2
smc_internal_choch_bearish,1206,-0.006642670624411761,0.0003084708903343617,0.46450699986176963,24,10,0.5569602429339984,0.5153889035335336,35,7,2
smc_internal_choch_bullish,1211,0.006049629767949763,-0.0008948549894665326,0.6552722226932902,24,10,0.5569602429339984,0.5153889035335336,35,7,2
smc_internal_ob_bearish_formed,1969,-0.009741229155328766,-0.0027598310441074086,0.8135004538637256,24,10,0.5569602429339984,0.5153889035335336,35,7,2
smc_internal_ob_bearish_mitigated,1763,0.006291597256870006,-0.0006806062384504489,0.6469372788535502,24,10,0.5569602429339984,0.5153889035335336,35,7,2
smc_internal_ob_bullish_formed,2701,0.0038922681058938795,-0.003073484801559544,0.9749716223277007,24,10,0.5569602429339984,0.5153889035335336,35,7,2
smc_internal_ob_bullish_mitigated,1793,-0.006995721690097045,-0.00014592575756647123,0.509077070997688,24,10,0.5569602429339984,0.5153889035335336,35,7,2
smc_swing_bos_bearish,113,0.0077654087890605345,0.014835273216446766,0.10299752829479353,24,10,0.5569602429339984,0.5153889035335336,35,7,2
smc_swing_bos_bullish,380,0.007965929521222477,0.000962478164830265,0.35517696264703547,24,10,0.5569602429339984,0.5153889035335336,35,7,2
smc_swing_choch_bearish,243,-0.0015188274505978636,0.0053591575575285925,0.2844753368225287,24,10,0.5569602429339984,0.5153889035335336,35,7,2
smc_swing_choch_bullish,247,0.006359276510404575,-0.0005691693335666929,0.5617143478766217,24,10,0.5569602429339984,0.5153889035335336,35,7,2
smc_swing_ob_bearish_formed,356,0.0014281351760352789,0.008367025730162729,0.17631614461198403,24,10,0.5569602429339984,0.5153889035335336,35,7,2
smc_swing_ob_bearish_mitigated,315,0.008337452176806507,0.0014135326870612962,0.31617081285146165,24,10,0.5569602429339984,0.5153889035335336,35,7,2
smc_swing_ob_bullish_formed,627,0.007333005607869971,0.00035910187758297733,0.4394214838089707,24,10,0.5569602429339984,0.5153889035335336,35,7,2
smc_swing_ob_bullish_mitigated,310,-0.01687246597419588,-0.010314695106347832,0.7616196214093502,24,10,0.5569602429339984,0.5153889035335336,35,7,2
ict_bos_bearish,2418,-0.013180939606898315,-0.006195480659937258,0.9554809981148205,25,6,0.594096369791427,0.3086825371587365,47,13,3
ict_bos_bullish,4741,0.0033322613923233413,-0.0036211828642135203,0.9955630607480777,25,6,0.594096369791427,0.3086825371587365,47,13,3
ict_bpr_bearish,2363,-0.0077035749132360444,-0.0007582335734928744,0.630142683275366,25,6,0.594096369791427,0.3086825371587365,47,13,3
ict_bpr_bullish,2404,0.004590314006685909,-0.0024020148389974046,0.8753798713345874,25,6,0.594096369791427,0.3086825371587365,47,13,3
ict_displacement_bearish,16984,-0.008509385171884255,-0.00159526584260636,0.8273045184156502,25,6,0.594096369791427,0.3086825371587365,47,13,3
ict_displacement_bullish,18537,0.005252218495541129,-0.001705296438548381,0.8779760607752379,25,6,0.594096369791427,0.3086825371587365,47,13,3
ict_fvg_bearish_formed,7373,-0.008997285399955297,-0.0020696929495282517,0.8215141514525663,25,6,0.594096369791427,0.3086825371587365,47,13,3
ict_fvg_bullish_formed,9066,0.004688759818513751,-0.0022901791786903323,0.9447225400123864,25,6,0.594096369791427,0.3086825371587365,47,13,3
ict_liquidity_buyside_pool_formed,3010,0.009197494748693122,0.0024883076191594107,0.08761464049578499,25,6,0.594096369791427,0.3086825371587365,47,13,3
ict_liquidity_buyside_swept,2339,0.006768545703825705,5.733247082988745e-05,0.4867104159670361,25,6,0.594096369791427,0.3086825371587365,47,13,3
ict_liquidity_sellside_pool_formed,2582,-0.009271504579719333,-0.002497113730343817,0.8293810233413043,25,6,0.594096369791427,0.3086825371587365,47,13,3
ict_liquidity_sellside_swept,1681,-0.010984867797072783,-0.0041997769241577726,0.913492748486409,25,6,0.594096369791427,0.3086825371587365,47,13,3
ict_mss_bearish,2041,-0.009580235143955014,-0.002610192332298776,0.8428991156879413,25,6,0.594096369791427,0.3086825371587365,47,13,3
ict_mss_bullish,2042,0.004820921633502527,-0.002156592745811441,0.8582265163779543,25,6,0.594096369791427,0.3086825371587365,47,13,3
ict_nwog_gap_down,7771,-0.0074609541369354895,-0.0005185703297956677,0.5903650363366838,25,6,0.594096369791427,0.3086825371587365,47,13,3
ict_nwog_gap_up,8734,0.006989213289592376,3.806788000517217e-05,0.4924114654600511,25,6,0.594096369791427,0.3086825371587365,47,13,3
ict_ob_bearish_formed,518,-0.003378086586096703,0.0035965739172788905,0.27939288179659527,25,6,0.594096369791427,0.3086825371587365,47,13,3
ict_ob_bearish_mitigated,468,0.0076838265308687495,0.000701973226128038,0.4023211315286012,25,6,0.594096369791427,0.3086825371587365,47,13,3
ict_ob_bullish_formed,837,0.004964090407114892,-0.002042427112790491,0.8492741642065789,25,6,0.594096369791427,0.3086825371587365,47,13,3
ict_ob_bullish_mitigated,452,-0.01200467757444625,-0.00523844229111861,0.6493513253972082,25,6,0.594096369791427,0.3086825371587365,47,13,3
ict_sweep_buyside_bearish,3615,-0.006360702726345536,0.00045570808394859545,0.41541975752750926,25,6,0.594096369791427,0.3086825371587365,47,13,3
ict_sweep_sellside_bullish,2737,0.008921112095235304,0.0020274288846396857,0.18125071239323176,25,6,0.594096369791427,0.3086825371587365,47,13,3
ict_volume_imbalance_bearish,5045,-0.009415081939126553,-0.0025412157087679388,0.8070744506574599,25,6,0.594096369791427,0.3086825371587365,47,13,3
ict_volume_imbalance_bullish,6878,0.003829990662614132,-0.002981997350039685,0.976190868394778,25,6,0.594096369791427,0.3086825371587365,47,13,3
smc_equal_highs,608,-0.006723847601595759,0.00015417538021324142,0.47666625884237424,25,6,0.594096369791427,0.3086825371587365,47,13,3
smc_equal_lows,566,0.004623623441085305,-0.00262050862856175,0.8219914765809904,25,6,0.594096369791427,0.3086825371587365,47,13,3
smc_fvg_bearish_formed,4076,-0.011046893020218933,-0.0041614177766649725,0.8857407837628805,25,6,0.594096369791427,0.3086825371587365,47,13,3
smc_fvg_bullish_formed,4184,0.006487487426096057,-0.0005844099253412656,0.6023270265101864,25,6,0.594096369791427,0.3086825371587365,47,13,3
smc_internal_bos_bearish,359,-0.009272851598326047,-0.0019253532960748568,0.6320010386054488,25,6,0.594096369791427,0.3086825371587365,47,13,3
smc_internal_bos_bullish,800,0.0028993595314728226,-0.004241342190973696,0.981932474974575,25,6,0.594096369791427,0.3086825371587365,47,13,3
smc_internal_choch_bearish,656,-0.005221105845358846,0.0017837786569277715,0.3557582950719447,25,6,0.594096369791427,0.3086825371587365,47,13,3
smc_internal_choch_bullish,654,0.006228900071014995,-0.0007931888595135656,0.622496426798634,25,6,0.594096369791427,0.3086825371587365,47,13,3
smc_internal_ob_bearish_formed,1015,-0.006654186362910791,0.0004718787838953161,0.45749746644966494,25,6,0.594096369791427,0.3086825371587365,47,13,3
smc_internal_ob_bearish_mitigated,915,0.006434042958511566,-0.0007071895225924983,0.6241742035080733,25,6,0.594096369791427,0.3086825371587365,47,13,3
smc_internal_ob_bullish_formed,1454,0.004396965798914763,-0.002690384640234407,0.9377599120978586,25,6,0.594096369791427,0.3086825371587365,47,13,3
smc_internal_ob_bullish_mitigated,954,-0.009228324066749822,-0.002332806426072675,0.607879050908939,25,6,0.594096369791427,0.3086825371587365,47,13,3
smc_swing_bos_bearish,73,0.007762155289161817,0.014686917174557626,0.1600919127728867,25,6,0.594096369791427,0.3086825371587365,47,13,3
smc_swing_bos_bullish,293,0.011123591754560036,0.0040028924599177845,0.07997289189192702,25,6,0.594096369791427,0.3086825371587365,47,13,3
smc_swing_choch_bearish,176,0.004719664394055796,0.011534482149767222,0.1990431736262922,25,6,0.594096369791427,0.3086825371587365,47,13,3
smc_swing_choch_bullish,175,0.004477106920793507,-0.00232471847752527,0.7062185393415166,25,6,0.594096369791427,0.3086825371587365,47,13,3
smc_swing_ob_bearish_formed,249,0.0056116396363961145,0.012458690008440715,0.16341506120485527,25,6,0.594096369791427,0.3086825371587365,47,13,3
smc_swing_ob_bearish_mitigated,212,0.006726826329594841,-3.735927821275995e-05,0.5045616167168875,25,6,0.594096369791427,0.3086825371587365,47,13,3
smc_swing_ob_bullish_formed,468,0.00863826088723281,0.0016367986264721997,0.2505935114564466,25,6,0.594096369791427,0.3086825371587365,47,13,3
smc_swing_ob_bullish_mitigated,224,-0.010324446551950759,-0.0037541122261083486,0.583409957668796,25,6,0.594096369791427,0.3086825371587365,47,13,3
ict_bos_bearish,2418,-0.013180939606898315,-0.006195480659937258,0.9554809981148205,23,6,0.5623926820566052,0.54248571617199,48,12,4
ict_bos_bullish,4741,0.0033322613923233413,-0.0036211828642135203,0.9955630607480777,23,6,0.5623926820566052,0.54248571617199,48,12,4
ict_bpr_bearish,2277,-0.007622842448477874,-0.0006736198886110574,0.6156739914926472,23,6,0.5623926820566052,0.54248571617199,48,12,4
ict_bpr_bullish,2327,0.0047629942608068245,-0.0022427740111338685,0.8590351920018283,23,6,0.5623926820566052,0.54248571617199,48,12,4
ict_displacement_bearish,16418,-0.008617775164018286,-0.0016993162806448357,0.8414951103342534,23,6,0.5623926820566052,0.54248571617199,48,12,4
ict_displacement_bullish,17900,0.005158312541110065,-0.00180058312295383,0.8890414062413017,23,6,0.5623926820566052,0.54248571617199,48,12,4
ict_fvg_bearish_formed,7208,-0.008958284807165671,-0.0020222527853269324,0.8149876822212128,23,6,0.5623926820566052,0.54248571617199,48,12,4
ict_fvg_bullish_formed,8849,0.004662609387721486,-0.0023187118643715234,0.9458100997318524,23,6,0.5623926820566052,0.54248571617199,48,12,4
ict_liquidity_buyside_pool_formed,3010,0.009197494748693122,0.0024883076191594107,0.08761464049578499,23,6,0.5623926820566052,0.54248571617199,48,12,4
ict_liquidity_buyside_swept,2339,0.006768545703825705,5.733247082988745e-05,0.4867104159670361,23,6,0.5623926820566052,0.54248571617199,48,12,4
ict_liquidity_sellside_pool_formed,2582,-0.009271504579719333,-0.002497113730343817,0.8293810233413043,23,6,0.5623926820566052,0.54248571617199,48,12,4
ict_liquidity_sellside_swept,1681,-0.010984867797072783,-0.0041997769241577726,0.913492748486409,23,6,0.5623926820566052,0.54248571617199,48,12,4
ict_mss_bearish,2041,-0.009580235143955014,-0.002610192332298776,0.8428991156879413,23,6,0.5623926820566052,0.54248571617199,48,12,4
ict_mss_bullish,2042,0.004820921633502527,-0.002156592745811441,0.8582265163779543,23,6,0.5623926820566052,0.54248571617199,48,12,4
ict_nwog_gap_down,7771,-0.0074609541369354895,-0.0005185703297956677,0.5903650363366838,23,6,0.5623926820566052,0.54248571617199,48,12,4
ict_nwog_gap_up,8734,0.006989213289592376,3.806788000517217e-05,0.4924114654600511,23,6,0.5623926820566052,0.54248571617199,48,12,4
ict_ob_bearish_formed,567,-0.0046649978099444125,0.002307754946493089,0.3447549312740791,23,6,0.5623926820566052,0.54248571617199,48,12,4
ict_ob_bearish_mitigated,511,0.006698681338958058,-0.000272870852465224,0.5400413526142919,23,6,0.5623926820566052,0.54248571617199,48,12,4
ict_ob_bullish_formed,918,0.0036989336516386417,-0.0033169481052228536,0.9536751040155748,23,6,0.5623926820566052,0.54248571617199,48,12,4
ict_ob_bullish_mitigated,512,-0.01084485032239829,-0.0040093399342180005,0.6195731715974719,23,6,0.5623926820566052,0.54248571617199,48,12,4
ict_sweep_buyside_bearish,2492,-0.0063113962613971526,0.0004922249936777342,0.4224622788959721,23,6,0.5623926820566052,0.54248571617199,48,12,4
ict_sweep_sellside_bullish,1887,0.008930528110295525,0.0020321987542476485,0.19787417261193208,23,6,0.5623926820566052,0.54248571617199,48,12,4
ict_volume_imbalance_bearish,5045,-0.009415081939126553,-0.0025412157087679388,0.8070744506574599,23,6,0.5623926820566052,0.54248571617199,48,12,4
ict_volume_imbalance_bullish,6878,0.003829990662614132,-0.002981997350039685,0.976190868394778,23,6,0.5623926820566052,0.54248571617199,48,12,4
smc_equal_highs,608,-0.006723847601595759,0.00015417538021324142,0.47666625884237424,23,6,0.5623926820566052,0.54248571617199,48,12,4
smc_equal_lows,566,0.004623623441085305,-0.00262050862856175,0.8219914765809904,23,6,0.5623926820566052,0.54248571617199,48,12,4
smc_fvg_bearish_formed,4076,-0.011046893020218933,-0.0041614177766649725,0.8857407837628805,23,6,0.5623926820566052,0.54248571617199,48,12,4
smc_fvg_bullish_formed,4184,0.006487487426096057,-0.0005844099253412656,0.6023270265101864,23,6,0.5623926820566052,0.54248571617199,48,12,4
smc_internal_bos_bearish,390,-0.010192656302758419,-0.0029151727362990857,0.7097263778017222,23,6,0.5623926820566052,0.54248571617199,48,12,4
smc_internal_bos_bullish,889,0.003023996194526369,-0.004032514018388562,0.9813994011540055,23,6,0.5623926820566052,0.54248571617199,48,12,4
smc_internal_choch_bearish,733,-0.00511641185990333,0.001945995324646379,0.33276194869473735,23,6,0.5623926820566052,0.54248571617199,48,12,4
smc_internal_choch_bullish,730,0.005201757485471311,-0.0018745850260620178,0.7509958057002952,23,6,0.5623926820566052,0.54248571617199,48,12,4
smc_internal_ob_bearish_formed,1123,-0.00687931064237304,0.00025778914141509797,0.4749542836686369,23,6,0.5623926820566052,0.54248571617199,48,12,4
smc_internal_ob_bearish_mitigated,1005,0.00642210121551052,-0.0007308000876686451,0.6310015244616032,23,6,0.5623926820566052,0.54248571617199,48,12,4
smc_internal_ob_bullish_formed,1619,0.0040059392102087706,-0.003059513299180176,0.9566383720266629,23,6,0.5623926820566052,0.54248571617199,48,12,4
smc_internal_ob_bullish_mitigated,1062,-0.00845772207650485,-0.0015719807269806438,0.5794992174894535,23,6,0.5623926820566052,0.54248571617199,48,12,4
smc_swing_bos_bearish,72,0.002074193948320099,0.00912844152796002,0.27421183872315685,23,6,0.5623926820566052,0.54248571617199,48,12,4
smc_swing_bos_bullish,287,0.011546546945366717,0.004478657842400951,0.06235090921122263,23,6,0.5623926820566052,0.54248571617199,48,12,4
smc_swing_choch_bearish,174,0.005176286193525396,0.011968378684357076,0.1922399497511722,23,6,0.5623926820566052,0.54248571617199,48,12,4
smc_swing_choch_bullish,171,0.0038250256151701016,-0.0029784902924872084,0.7520192308629398,23,6,0.5623926820566052,0.54248571617199,48,12,4
smc_swing_ob_bearish_formed,246,0.004268356755904334,0.011137177565411596,0.19521805511706009,23,6,0.5623926820566052,0.54248571617199,48,12,4
smc_swing_ob_bearish_mitigated,208,0.006614197991248988,-0.00018265485953055435,0.521978246856026,23,6,0.5623926820566052,0.54248571617199,48,12,4
smc_swing_ob_bullish_formed,458,0.008663620859201604,0.0016944387789383413,0.24749124869066375,23,6,0.5623926820566052,0.54248571617199,48,12,4
smc_swing_ob_bullish_mitigated,219,-0.010231322257465519,-0.0037139748903013267,0.5807363141768239,23,6,0.5623926820566052,0.54248571617199,48,12,4
ict_bos_bearish,2228,-0.014205045799177985,-0.00720515414284071,0.9704714964670746,10,8,0.4036288671441264,0.4663779235594015,42,13,5
ict_bos_bullish,4523,0.0035444579552964504,-0.003413194039985963,0.9937132295502379,10,8,0.4036288671441264,0.4663779235594015,42,13,5
ict_bpr_bearish,1805,-0.006800317017727391,0.0001624164353051247,0.4742920929810656,10,8,0.4036288671441264,0.4663779235594015,42,13,5
ict_bpr_bullish,1870,0.00454912190278675,-0.0024957811617463002,0.8684199044233154,10,8,0.4036288671441264,0.4663779235594015,42,13,5
ict_displacement_bearish,12958,-0.008479948925445149,-0.0015610163622620634,0.809592683464802,10,8,0.4036288671441264,0.4663779235594015,42,13,5
ict_displacement_bullish,14224,0.0046502833468462295,-0.002326667373252037,0.9435418531322567,10,8,0.4036288671441264,0.4663779235594015,42,13,5
ict_fvg_bearish_formed,6053,-0.008310785540870643,-0.0014155144816594255,0.7291591188275821,10,8,0.4036288671441264,0.4663779235594015,42,13,5
ict_fvg_bullish_formed,7397,0.004272048947189848,-0.0027092153565598347,0.966555267710253,10,8,0.4036288671441264,0.4663779235594015,42,13,5
ict_liquidity_buyside_pool_formed,2159,0.007922146244486998,0.0012721323340494231,0.2653397211242997,10,8,0.4036288671441264,0.4663779235594015,42,13,5
ict_liquidity_buyside_swept,1735,0.006356200387706757,-0.000324840559990971,0.5697584763330155,10,8,0.4036288671441264,0.4663779235594015,42,13,5
ict_liquidity_sellside_pool_formed,1849,-0.009067041289217226,-0.002292834676859941,0.7966483116656244,10,8,0.4036288671441264,0.4663779235594015,42,13,5
ict_liquidity_sellside_swept,1237,-0.011645335876727624,-0.004908394048756667,0.9366263593187458,10,8,0.4036288671441264,0.4663779235594015,42,13,5
ict_mss_bearish,1728,-0.008023886314494829,-0.0010451608958232548,0.6381377698627602,10,8,0.4036288671441264,0.4663779235594015,42,13,5
ict_mss_bullish,1734,0.003972524943114511,-0.0030135109315833864,0.9275357061074532,10,8,0.4036288671441264,0.4663779235594015,42,13,5
ict_nwog_gap_down,7771,-0.0074609541369354895,-0.0005185703297956677,0.5903650363366838,10,8,0.4036288671441264,0.4663779235594015,42,13,5
ict_nwog_gap_up,8734,0.006989213289592376,3.806788000517217e-05,0.4924114654600511,10,8,0.4036288671441264,0.4663779235594015,42,13,5
ict_ob_bearish_formed,1381,-0.0078080616916396265,-0.0008239211895681954,0.5840890674455894,10,8,0.4036288671441264,0.4663779235594015,42,13,5
ict_ob_bearish_mitigated,1228,0.005416775427025571,-0.0015952055552910715,0.7907103820855521,10,8,0.4036288671441264,0.4663779235594015,42,13,5
ict_ob_bullish_formed,1967,0.004347032237584844,-0.0026532812467594596,0.9424397529090627,10,8,0.4036288671441264,0.4663779235594015,42,13,5
ict_ob_bullish_mitigated,1279,-0.009949430244319294,-0.0030981992049662057,0.6580209072858396,10,8,0.4036288671441264,0.4663779235594015,42,13,5
ict_sweep_buyside_bearish,2810,-0.0064207336878898584,0.000384600030639364,0.43447569325695845,10,8,0.4036288671441264,0.4663779235594015,42,13,5
ict_sweep_sellside_bullish,2144,0.009281964634798953,0.0023996963742427477,0.14582993954496853,10,8,0.4036288671441264,0.4663779235594015,42,13,5
ict_volume_imbalance_bearish,5045,-0.009415081939126553,-0.0025412157087679388,0.8070744506574599,10,8,0.4036288671441264,0.4663779235594015,42,13,5
ict_volume_imbalance_bullish,6878,0.003829990662614132,-0.002981997350039685,0.976190868394778,10,8,0.4036288671441264,0.4663779235594015,42,13,5
smc_equal_highs,608,-0.006723847601595759,0.00015417538021324142,0.47666625884237424,10,8,0.4036288671441264,0.4663779235594015,42,13,5
smc_equal_lows,566,0.004623623441085305,-0.00262050862856175,0.8219914765809904,10,8,0.4036288671441264,0.4663779235594015,42,13,5
smc_fvg_bearish_formed,4076,-0.011046893020218933,-0.0041614177766649725,0.8857407837628805,10,8,0.4036288671441264,0.4663779235594015,42,13,5
smc_fvg_bullish_formed,4184,0.006487487426096057,-0.0005844099253412656,0.6023270265101864,10,8,0.4036288671441264,0.4663779235594015,42,13,5
smc_internal_bos_bearish,354,-0.009690914084990536,-0.0024091495096304812,0.6607107394727878,10,8,0.4036288671441264,0.4663779235594015,42,13,5
smc_internal_bos_bullish,768,0.0031856294426590337,-0.003980778382938,0.9737702767594915,10,8,0.4036288671441264,0.4663779235594015,42,13,5
smc_internal_choch_bearish,648,-0.0050121263088056395,0.0019887043267456297,0.3398547810517576,10,8,0.4036288671441264,0.4663779235594015,42,13,5
smc_internal_choch_bullish,646,0.006817575983811878,-0.00020065958724521226,0.5321772240692383,10,8,0.4036288671441264,0.4663779235594015,42,13,5
smc_internal_ob_bearish_formed,1002,-0.006665111211769166,0.0004349715342534706,0.46086165153245945,10,8,0.4036288671441264,0.4663779235594015,42,13,5
smc_internal_ob_bearish_mitigated,903,0.0065215358928496165,-0.0006004965598745554,0.6067038205612103,10,8,0.4036288671441264,0.4663779235594015,42,13,5
smc_internal_ob_bullish_formed,1414,0.004844920436707646,-0.002253793416871845,0.9030644669713019,10,8,0.4036288671441264,0.4663779235594015,42,13,5
smc_internal_ob_bullish_mitigated,933,-0.009051752534699196,-0.0021556803395625544,0.6005504683933797,10,8,0.4036288671441264,0.4663779235594015,42,13,5
smc_swing_bos_bearish,85,0.0027175629819555895,0.009612398103561872,0.23470097824513525,10,8,0.4036288671441264,0.4663779235594015,42,13,5
smc_swing_bos_bullish,326,0.009736909362172,0.0027836076185925257,0.16793148840750705,10,8,0.4036288671441264,0.4663779235594015,42,13,5
smc_swing_choch_bearish,197,0.004939996302822983,0.011832685292561304,0.16597477164245367,10,8,0.4036288671441264,0.4663779235594015,42,13,5
smc_swing_choch_bullish,198,0.004137145938481547,-0.0027963331505577674,0.7592998774079525,10,8,0.4036288671441264,0.4663779235594015,42,13,5
smc_swing_ob_bearish_formed,282,0.004270113918873592,0.01116344979233098,0.1624047638420869,10,8,0.4036288671441264,0.4663779235594015,42,13,5
smc_swing_ob_bearish_mitigated,244,0.006668196453059144,-0.0001672534002770034,0.5219382197276868,10,8,0.4036288671441264,0.4663779235594015,42,13,5
smc_swing_ob_bullish_formed,524,0.007620968221159195,0.0006751567172723748,0.3957766784570812,10,8,0.4036288671441264,0.4663779235594015,42,13,5
smc_swing_ob_bullish_mitigated,262,-0.014355962964777298,-0.007804419208970067,0.6710123529488667,10,8,0.4036288671441264,0.4663779235594015,42,13,5
ict_bos_bearish,2558,-0.013049065898080853,-0.0060651414344628585,0.9590096028892707,17,5,0.1588880613349807,0.24006883189733874,24,5,6
ict_bos_bullish,4884,0.0031430596350568493,-0.003792657163908985,0.9972816143129789,17,5,0.1588880613349807,0.24006883189733874,24,5,6
ict_bpr_bearish,588,-0.004589597458904221,0.002174214612316581,0.2730221126832421,17,5,0.1588880613349807,0.24006883189733874,24,5,6
ict_bpr_bullish,565,0.003120236632532027,-0.004058455554502919,0.9122435668830268,17,5,0.1588880613349807,0.24006883189733874,24,5,6
ict_displacement_bearish,4667,-0.00806442454707672,-0.0011150244870888988,0.70993895469029,17,5,0.1588880613349807,0.24006883189733874,24,5,6
ict_displacement_bullish,5104,0.004452502890200005,-0.002588940915260559,0.9261960508958574,17,5,0.1588880613349807,0.24006883189733874,24,5,6
ict_fvg_bearish_formed,2592,-0.008796161144154227,-0.0018715381551053433,0.7733646474754234,17,5,0.1588880613349807,0.24006883189733874,24,5,6
ict_fvg_bullish_formed,3046,0.003770641814818835,-0.003253148812350177,0.9699120209239539,17,5,0.1588880613349807,0.24006883189733874,24,5,6
ict_liquidity_buyside_pool_formed,3608,0.009257161517212419,0.0025441165437047547,0.06862569636796803,17,5,0.1588880613349807,0.24006883189733874,24,5,6
ict_liquidity_buyside_swept,2774,0.006284540326023712,-0.00043909391054587285,0.6082952934269579,17,5,0.1588880613349807,0.24006883189733874,24,5,6
ict_liquidity_sellside_pool_formed,3191,-0.008217001961922864,-0.0014066997141683598,0.725094450093706,17,5,0.1588880613349807,0.24006883189733874,24,5,6
ict_liquidity_sellside_swept,2059,-0.010554526279823171,-0.003722827266866709,0.9027504324270506,17,5,0.1588880613349807,0.24006883189733874,24,5,6
ict_mss_bearish,2245,-0.009291502621321569,-0.0023110145564710196,0.8269599300836341,17,5,0.1588880613349807,0.24006883189733874,24,5,6
ict_mss_bullish,2246,0.005470294675150915,-0.0015153038839450274,0.7738486710239304,17,5,0.1588880613349807,0.24006883189733874,24,5,6
ict_nwog_gap_down,7771,-0.0074609541369354895,-0.0005185703297956677,0.5903650363366838,17,5,0.1588880613349807,0.24006883189733874,24,5,6
ict_nwog_gap_up,8734,0.006989213289592376,3.806788000517217e-05,0.4924114654600511,17,5,0.1588880613349807,0.24006883189733874,24,5,6
ict_ob_bearish_formed,795,-0.00780598368514659,-0.0007658290911220873,0.5594034960821009,17,5,0.1588880613349807,0.24006883189733874,24,5,6
ict_ob_bearish_mitigated,717,0.0062331429241223,-0.0008477119109217132,0.6355496405525121,17,5,0.1588880613349807,0.24006883189733874,24,5,6
ict_ob_bullish_formed,1210,0.0037676410201971126,-0.0032184418197752467,0.9641642332182045,17,5,0.1588880613349807,0.24006883189733874,24,5,6
ict_ob_bullish_mitigated,721,-0.009535773764257405,-0.0028279574709921098,0.5994582895217804,17,5,0.1588880613349807,0.24006883189733874,24,5,6
ict_sweep_buyside_bearish,4056,-0.006361519514568847,0.0004388444944491499,0.4136394559927646,17,5,0.1588880613349807,0.24006883189733874,24,5,6
ict_sweep_sellside_bullish,3052,0.009029855543878371,0.0021440498709971627,0.16653580575539179,17,5,0.1588880613349807,0.24006883189733874,24,5,6
ict_volume_imbalance_bearish,5045,-0.009415081939126553,-0.0025412157087679388,0.8070744506574599,17,5,0.1588880613349807,0.24006883189733874,24,5,6
ict_volume_imbalance_bullish,6878,0.003829990662614132,-0.002981997350039685,0.976190868394778,17,5,0.1588880613349807,0.24006883189733874,24,5,6
smc_equal_highs,608,-0.006723847601595759,0.00015417538021324142,0.47666625884237424,17,5,0.1588880613349807,0.24006883189733874,24,5,6
smc_equal_lows,566,0.004623623441085305,-0.00262050862856175,0.8219914765809904,17,5,0.1588880613349807,0.24006883189733874,24,5,6
smc_fvg_bearish_formed,4076,-0.011046893020218933,-0.0041614177766649725,0.8857407837628805,17,5,0.1588880613349807,0.24006883189733874,24,5,6
smc_fvg_bullish_formed,4184,0.006487487426096057,-0.0005844099253412656,0.6023270265101864,17,5,0.1588880613349807,0.24006883189733874,24,5,6
smc_internal_bos_bearish,1033,-0.013017459062688181,-0.0061476922027532506,0.9386856932538724,17,5,0.1588880613349807,0.24006883189733874,24,5,6
smc_internal_bos_bullish,1928,0.0019559153144755605,-0.005030345119841748,0.9992241525439803,17,5,0.1588880613349807,0.24006883189733874,24,5,6
smc_internal_choch_bearish,1571,-0.007168838785609922,-0.0001805238048073485,0.5257148668250871,17,5,0.1588880613349807,0.24006883189733874,24,5,6
smc_internal_choch_bullish,1577,0.008427884475076228,0.0014453878178237846,0.24672389385338833,17,5,0.1588880613349807,0.24006883189733874,24,5,6
smc_internal_ob_bearish_formed,2604,-0.009488971176632135,-0.002547683925805089,0.8065335390920797,17,5,0.1588880613349807,0.24006883189733874,24,5,6
smc_internal_ob_bearish_mitigated,2316,0.006678772658495179,-0.00025949179533953613,0.5632919191708613,17,5,0.1588880613349807,0.24006883189733874,24,5,6
smc_internal_ob_bullish_formed,3505,0.004867839812697316,-0.0021167271903985117,0.9236753045084789,17,5,0.1588880613349807,0.24006883189733874,24,5,6
smc_internal_ob_bullish_mitigated,2370,-0.008401198526211334,-0.0015109759478924983,0.6101661571954171,17,5,0.1588880613349807,0.24006883189733874,24,5,6
smc_swing_bos_bearish,176,-0.004809572312910095,0.0023136505591556345,0.37228802882337664,17,5,0.1588880613349807,0.24006883189733874,24,5,6
smc_swing_bos_bullish,507,0.0034461602256214826,-0.0036367737511250617,0.9457845384000328,17,5,0.1588880613349807,0.24006883189733874,24,5,6
smc_swing_choch_bearish,365,-0.004339382019917243,0.002539041170385211,0.3666584868045455,17,5,0.1588880613349807,0.24006883189733874,24,5,6
smc_swing_choch_bullish,365,0.0037448165597535137,-0.0031606190917416433,0.8560089646773585,17,5,0.1588880613349807,0.24006883189733874,24,5,6
smc_swing_ob_bearish_formed,541,-0.004492345959966675,0.0024657163134972158,0.34145706971830503,17,5,0.1588880613349807,0.24006883189733874,24,5,6
smc_swing_ob_bearish_mitigated,486,0.006497656255575212,-0.0004521726952391846,0.564242491367561,17,5,0.1588880613349807,0.24006883189733874,24,5,6
smc_swing_ob_bullish_formed,872,0.003571171191169867,-0.003437465894846452,0.958978865513049,17,5,0.1588880613349807,0.24006883189733874,24,5,6
smc_swing_ob_bullish_mitigated,493,-0.008883749574071485,-0.0020693735771304,0.5638970883921344,17,5,0.1588880613349807,0.24006883189733874,24,5,6
ict_bos_bearish,2147,-0.013688219980797469,-0.0066686179597563065,0.956774407743539,11,9,0.514401271602631,0.9278915985351913,22,10,7
ict_bos_bullish,4426,0.0036354512158144636,-0.0033099641160054196,0.991468516201666,11,9,0.514401271602631,0.9278915985351913,22,10,7
ict_bpr_bearish,2179,-0.007728460070789139,-0.0007698813159002348,0.6304199030124227,11,9,0.514401271602631,0.9278915985351913,22,10,7
ict_bpr_bullish,2237,0.004290583285565767,-0.002755668718507619,0.9012097249886273,11,9,0.514401271602631,0.9278915985351913,22,10,7
ict_displacement_bearish,15532,-0.008438697909543923,-0.0015093685769715258,0.8098590984722996,11,9,0.514401271602631,0.9278915985351913,22,10,7
ict_displacement_bullish,17092,0.004942598372884004,-0.0020288018540180466,0.9161634066367899,11,9,0.514401271602631,0.9278915985351913,22,10,7
ict_fvg_bearish_formed,6956,-0.008868651154336413,-0.0019287279308432175,0.7979140542471004,11,9,0.514401271602631,0.9278915985351913,22,10,7
ict_fvg_bullish_formed,8562,0.004373987073654068,-0.0026018959234233533,0.9624719157913951,11,9,0.514401271602631,0.9278915985351913,22,10,7
ict_liquidity_buyside_pool_formed,1872,0.007598401485577107,0.0010160869770772726,0.30686703919439146,11,9,0.514401271602631,0.9278915985351913,22,10,7
ict_liquidity_buyside_swept,1510,0.006354940018023965,-0.00024650183779904595,0.5527903996126389,11,9,0.514401271602631,0.9278915985351913,22,10,7
ict_liquidity_sellside_pool_formed,1574,-0.008801628944741385,-0.0020514824458542063,0.7553940330589255,11,9,0.514401271602631,0.9278915985351913,22,10,7
ict_liquidity_sellside_swept,1061,-0.010804573737886613,-0.004086337285519151,0.8875435183350935,11,9,0.514401271602631,0.9278915985351913,22,10,7
ict_mss_bearish,1604,-0.00875302745421967,-0.0017962000390009435,0.722957247838173,11,9,0.514401271602631,0.9278915985351913,22,10,7
ict_mss_bullish,1612,0.003924714673327392,-0.0030388371689885592,0.9282092520488225,11,9,0.514401271602631,0.9278915985351913,22,10,7
ict_nwog_gap_down,7771,-0.0074609541369354895,-0.0005185703297956677,0.5903650363366838,11,9,0.514401271602631,0.9278915985351913,22,10,7
ict_nwog_gap_up,8734,0.006989213289592376,3.806788000517217e-05,0.4924114654600511,11,9,0.514401271602631,0.9278915985351913,22,10,7
ict_ob_bearish_formed,1260,-0.006223416356093368,0.0008110634370355821,0.4190332378732632,11,9,0.514401271602631,0.9278915985351913,22,10,7
ict_ob_bearish_mitigated,1120,0.0053188198362952264,-0.001738531092599826,0.8057300516591182,11,9,0.514401271602631,0.9278915985351913,22,10,7
ict_ob_bullish_formed,1809,0.0038645334622800045,-0.0031591067373460077,0.9675291251542159,11,9,0.514401271602631,0.9278915985351913,22,10,7
ict_ob_bullish_mitigated,1162,-0.009383725032746948,-0.0025402343220613166,0.6260525469873198,11,9,0.514401271602631,0.9278915985351913,22,10,7
ict_sweep_buyside_bearish,1434,-0.006651753453359425,0.00023677160579009364,0.47075750423251195,11,9,0.514401271602631,0.9278915985351913,22,10,7
ict_sweep_sellside_bullish,1088,0.006798681872686803,-7.927547468453752e-05,0.5114981209148408,11,9,0.514401271602631,0.9278915985351913,22,10,7
ict_volume_imbalance_bearish,5045,-0.009415081939126553,-0.0025412157087679388,0.8070744506574599,11,9,0.514401271602631,0.9278915985351913,22,10,7
ict_volume_imbalance_bullish,6878,0.003829990662614132,-0.002981997350039685,0.976190868394778,11,9,0.514401271602631,0.9278915985351913,22,10,7
smc_equal_highs,608,-0.006723847601595759,0.00015417538021324142,0.47666625884237424,11,9,0.514401271602631,0.9278915985351913,22,10,7
smc_equal_lows,566,0.004623623441085305,-0.00262050862856175,0.8219914765809904,11,9,0.514401271602631,0.9278915985351913,22,10,7
smc_fvg_bearish_formed,4076,-0.011046893020218933,-0.0041614177766649725,0.8857407837628805,11,9,0.514401271602631,0.9278915985351913,22,10,7
smc_fvg_bullish_formed,4184,0.006487487426096057,-0.0005844099253412656,0.6023270265101864,11,9,0.514401271602631,0.9278915985351913,22,10,7
smc_internal_bos_bearish,396,-0.008992749959521823,-0.0020440020944777273,0.6527914107758332,11,9,0.514401271602631,0.9278915985351913,22,10,7
smc_internal_bos_bullish,789,0.005328449285493296,-0.0017088753983307689,0.7920200708122302,11,9,0.514401271602631,0.9278915985351913,22,10,7
smc_internal_choch_bearish,724,-0.00755368372700835,-0.0005384766308351796,0.5530491144221037,11,9,0.514401271602631,0.9278915985351913,22,10,7
smc_internal_choch_bullish,720,0.006284037891382389,-0.000745558719495323,0.6065871757766853,11,9,0.514401271602631,0.9278915985351913,22,10,7
smc_internal_ob_bearish_formed,1120,-0.008062496430647041,-0.0010707874197659374,0.6081746771236415,11,9,0.514401271602631,0.9278915985351913,22,10,7
smc_internal_ob_bearish_mitigated,1012,0.006088602125675594,-0.0008964669257105588,0.6632577154905075,11,9,0.514401271602631,0.9278915985351913,22,10,7
smc_internal_ob_bullish_formed,1509,0.00578439613522169,-0.0012492411976935784,0.7485978130639239,11,9,0.514401271602631,0.9278915985351913,22,10,7
smc_internal_ob_bullish_mitigated,1030,-0.009369499871578557,-0.0024959956399608005,0.6590462075214523,11,9,0.514401271602631,0.9278915985351913,22,10,7
smc_swing_bos_bearish,196,-0.005470381819444232,0.001729833853442617,0.4049568128799545,11,9,0.514401271602631,0.9278915985351913,22,10,7
smc_swing_bos_bullish,538,0.0018344509942790405,-0.0052042269304179364,0.9916103615921964,11,9,0.514401271602631,0.9278915985351913,22,10,7
smc_swing_choch_bearish,402,-0.005229500379011438,0.0017091193545840395,0.3981249739361018,11,9,0.514401271602631,0.9278915985351913,22,10,7
smc_swing_choch_bullish,403,0.004613754198813143,-0.002350608911193699,0.7882662533203723,11,9,0.514401271602631,0.9278915985351913,22,10,7
smc_swing_ob_bearish_formed,598,-0.00530845148657804,0.0017159087221029056,0.3779031141419661,11,9,0.514401271602631,0.9278915985351913,22,10,7
smc_swing_ob_bearish_mitigated,538,0.006472018179358676,-0.0005662837579547787,0.5860181870197334,11,9,0.514401271602631,0.9278915985351913,22,10,7
smc_swing_ob_bullish_formed,941,0.003024737063808523,-0.0039821142186779075,0.9783645278727374,11,9,0.514401271602631,0.9278915985351913,22,10,7
smc_swing_ob_bullish_mitigated,543,-0.008631931412012895,-0.0018009423804329358,0.5606315319596146,11,9,0.514401271602631,0.9278915985351913,22,10,7
ict_bos_bearish,2719,-0.013035148197546639,-0.006031233530466009,0.9653203097809786,8,4,0.11323183164553632,0.16246044557353423,80,6,8
ict_bos_bullish,5036,0.0034221655870733405,-0.003518654421556413,0.9951148431374164,8,4,0.11323183164553632,0.16246044557353423,80,6,8
ict_bpr_bearish,338,7.593266828950046e-05,0.0067859305171801745,0.05059158754751878,8,4,0.11323183164553632,0.16246044557353423,80,6,8
ict_bpr_bullish,334,0.005999730109619714,-0.0011840451744661211,0.631349215322416,8,4,0.11323183164553632,0.16246044557353423,80,6,8
ict_displacement_bearish,3008,-0.007636109893094669,-0.0007087274337975354,0.6197238173939491,8,4,0.11323183164553632,0.16246044557353423,80,6,8
ict_displacement_bullish,3257,0.005194525594847965,-0.0019170523423111506,0.8543983804598942,8,4,0.11323183164553632,0.16246044557353423,80,6,8
ict_fvg_bearish_formed,1737,-0.008316983755490812,-0.0014100240743081562,0.6947563552186552,8,4,0.11323183164553632,0.16246044557353423,80,6,8
ict_fvg_bullish_formed,1983,0.0046830303376388435,-0.002394374747388936,0.9067380909109196,8,4,0.11323183164553632,0.16246044557353423,80,6,8
ict_liquidity_buyside_pool_formed,4471,0.008198743295679828,0.0014119673779213028,0.1928625544712163,8,4,0.11323183164553632,0.16246044557353423,80,6,8
ict_liquidity_buyside_swept,3328,0.00577229555659041,-0.00101206134421627,0.7400602807169738,8,4,0.11323183164553632,0.16246044557353423,80,6,8
ict_liquidity_sellside_pool_formed,4051,-0.008239963104042479,-0.001379993827303994,0.7456753469114648,8,4,0.11323183164553632,0.16246044557353423,80,6,8
ict_liquidity_sellside_swept,2550,-0.009850661422651015,-0.002944426170577101,0.870020865214804,8,4,0.11323183164553632,0.16246044557353423,80,6,8
ict_mss_bearish,2504,-0.008584335653236267,-0.0016084080581167393,0.7583898781525185,8,4,0.11323183164553632,0.16246044557353423,80,6,8
ict_mss_bullish,2504,0.0048312803788306356,-0.002150062278753386,0.8615919609561056,8,4,0.11323183164553632,0.16246044557353423,80,6,8
ict_nwog_gap_down,7771,-0.0074609541369354895,-0.0005185703297956677,0.5903650363366838,8,4,0.11323183164553632,0.16246044557353423,80,6,8
ict_nwog_gap_up,8734,0.006989213289592376,3.806788000517217e-05,0.4924114654600511,8,4,0.11323183164553632,0.16246044557353423,80,6,8
ict_ob_bearish_formed,1730,-0.008769925427926201,-0.0017897713171185874,0.707836645829365,8,4,0.11323183164553632,0.16246044557353423,80,6,8
ict_ob_bearish_mitigated,1543,0.005971675410183704,-0.0010284746309231953,0.7117102158346406,8,4,0.11323183164553632,0.16246044557353423,80,6,8
ict_ob_bullish_formed,2426,0.003681709145468748,-0.0032765904623312248,0.9804314773304317,8,4,0.11323183164553632,0.16246044557353423,80,6,8
ict_ob_bullish_mitigated,1600,-0.00970098141253457,-0.002857313175285668,0.6628605536795322,8,4,0.11323183164553632,0.16246044557353423,80,6,8
ict_sweep_buyside_bearish,4597,-0.006291470404177779,0.0004997705541895433,0.39968473436842256,8,4,0.11323183164553632,0.16246044557353423,80,6,8
ict_sweep_sellside_bullish,3431,0.009471639447069673,0.00256085317858262,0.12017951842444496,8,4,0.11323183164553632,0.16246044557353423,80,6,8
ict_volume_imbalance_bearish,5045,-0.009415081939126553,-0.0025412157087679388,0.8070744506574599,8,4,0.11323183164553632,0.16246044557353423,80,6,8
ict_volume_imbalance_bullish,6878,0.003829990662614132,-0.002981997350039685,0.976190868394778,8,4,0.11323183164553632,0.16246044557353423,80,6,8
smc_equal_highs,608,-0.006723847601595759,0.00015417538021324142,0.47666625884237424,8,4,0.11323183164553632,0.16246044557353423,80,6,8
smc_equal_lows,566,0.004623623441085305,-0.00262050862856175,0.8219914765809904,8,4,0.11323183164553632,0.16246044557353423,80,6,8
smc_fvg_bearish_formed,4076,-0.011046893020218933,-0.0041614177766649725,0.8857407837628805,8,4,0.11323183164553632,0.16246044557353423,80,6,8
smc_fvg_bullish_formed,4184,0.006487487426096057,-0.0005844099253412656,0.6023270265101864,8,4,0.11323183164553632,0.16246044557353423,80,6,8
smc_internal_bos_bearish,891,-0.014230137445467105,-0.007268553617299993,0.9731164474972956,8,4,0.11323183164553632,0.16246044557353423,80,6,8
smc_internal_bos_bullish,1736,0.0019995999003559134,-0.00499060956558041,0.9992059102341386,8,4,0.11323183164553632,0.16246044557353423,80,6,8
smc_internal_choch_bearish,1384,-0.006517227100990412,0.00043723686772035447,0.4445098858648485,8,4,0.11323183164553632,0.16246044557353423,80,6,8
smc_internal_choch_bullish,1389,0.006690661919443967,-0.0002587943985002481,0.545376431905034,8,4,0.11323183164553632,0.16246044557353423,80,6,8
smc_internal_ob_bearish_formed,2275,-0.00953797572381623,-0.0025807232738854144,0.807248461975524,8,4,0.11323183164553632,0.16246044557353423,80,6,8
smc_internal_ob_bearish_mitigated,2021,0.006175431009719459,-0.0007803211872119417,0.6694945754550428,8,4,0.11323183164553632,0.16246044557353423,80,6,8
smc_internal_ob_bullish_formed,3125,0.004084683146600172,-0.0028874123601166195,0.9718393014342476,8,4,0.11323183164553632,0.16246044557353423,80,6,8
smc_internal_ob_bullish_mitigated,2086,-0.006974926603304068,-0.00011383446934709347,0.5074721142739759,8,4,0.11323183164553632,0.16246044557353423,80,6,8
smc_swing_bos_bearish,37,0.011150590167661617,0.019036869081498757,0.18024592671535067,8,4,0.11323183164553632,0.16246044557353423,80,6,8
smc_swing_bos_bullish,200,0.005889199567606942,-0.0011772266445866583,0.6183418571126211,8,4,0.11323183164553632,0.16246044557353423,80,6,8
smc_swing_choch_bearish,101,-0.013472964788653253,-0.0066076584730697776,0.6068238828721235,8,4,0.11323183164553632,0.16246044557353423,80,6,8
smc_swing_choch_bullish,94,0.011574207474639851,0.0045003845308729815,0.22922601211644722,8,4,0.11323183164553632,0.16246044557353423,80,6,8
smc_swing_ob_bearish_formed,138,-0.006870997155438396,0.00026804819011164074,0.49496331434075563,8,4,0.11323183164553632,0.16246044557353423,80,6,8
smc_swing_ob_bearish_mitigated,113,0.010268473912446755,0.0031973318529434193,0.21291780998417897,8,4,0.11323183164553632,0.16246044557353423,80,6,8
smc_swing_ob_bullish_formed,294,0.007706855156930391,0.0006380640033494195,0.4255597400215402,8,4,0.11323183164553632,0.16246044557353423,80,6,8
smc_swing_ob_bullish_mitigated,121,-0.021850762160330026,-0.015322247416540554,0.731973662172172,8,4,0.11323183164553632,0.16246044557353423,80,6,8
ict_bos_bearish,2418,-0.013180939606898315,-0.006195480659937258,0.9554809981148205,13,6,0.5481139791015621,0.13774117298376026,11,6,9
ict_bos_bullish,4741,0.0033322613923233413,-0.0036211828642135203,0.9955630607480777,13,6,0.5481139791015621,0.13774117298376026,11,6,9
ict_bpr_bearish,2246,-0.0072057048006437235,-0.00023051061888217442,0.5399553915319968,13,6,0.5481139791015621,0.13774117298376026,11,6,9
ict_bpr_bullish,2311,0.004755823580313184,-0.002244891795326453,0.8595668023495834,13,6,0.5481139791015621,0.13774117298376026,11,6,9
ict_displacement_bearish,16154,-0.008587054396804971,-0.0016711168304415396,0.8364781472517289,13,6,0.5481139791015621,0.13774117298376026,11,6,9
ict_displacement_bullish,17657,0.0051389478894464,-0.0018214118135356549,0.8911818627384354,13,6,0.5481139791015621,0.13774117298376026,11,6,9
ict_fvg_bearish_formed,7126,-0.008956106351214462,-0.0020178824522854508,0.8139099511931431,13,6,0.5481139791015621,0.13774117298376026,11,6,9
ict_fvg_bullish_formed,8757,0.004671057369796759,-0.0023083769765010744,0.9443585793773215,13,6,0.5481139791015621,0.13774117298376026,11,6,9
ict_liquidity_buyside_pool_formed,3010,0.009197494748693122,0.0024883076191594107,0.08761464049578499,13,6,0.5481139791015621,0.13774117298376026,11,6,9
ict_liquidity_buyside_swept,2339,0.006768545703825705,5.733247082988745e-05,0.4867104159670361,13,6,0.5481139791015621,0.13774117298376026,11,6,9
ict_liquidity_sellside_pool_formed,2582,-0.009271504579719333,-0.002497113730343817,0.8293810233413043,13,6,0.5481139791015621,0.13774117298376026,11,6,9
ict_liquidity_sellside_swept,1681,-0.010984867797072783,-0.0041997769241577726,0.913492748486409,13,6,0.5481139791015621,0.13774117298376026,11,6,9
ict_mss_bearish,2041,-0.009580235143955014,-0.002610192332298776,0.8428991156879413,13,6,0.5481139791015621,0.13774117298376026,11,6,9
ict_mss_bullish,2042,0.004820921633502527,-0.002156592745811441,0.8582265163779543,13,6,0.5481139791015621,0.13774117298376026,11,6,9
ict_nwog_gap_down,7771,-0.0074609541369354895,-0.0005185703297956677,0.5903650363366838,13,6,0.5481139791015621,0.13774117298376026,11,6,9
ict_nwog_gap_up,8734,0.006989213289592376,3.806788000517217e-05,0.4924114654600511,13,6,0.5481139791015621,0.13774117298376026,11,6,9
ict_ob_bearish_formed,1055,-0.006112772558745953,0.0009910680544619917,0.41311055555591036,13,6,0.5481139791015621,0.13774117298376026,11,6,9
ict_ob_bearish_mitigated,942,0.005550627216178113,-0.0015701849428625524,0.7738243985779021,13,6,0.5481139791015621,0.13774117298376026,11,6,9
ict_ob_bullish_formed,1541,0.004003636430917133,-0.0030642950371486902,0.9643645803536458,13,6,0.5481139791015621,0.13774117298376026,11,6,9
ict_ob_bullish_mitigated,982,-0.010999112012250517,-0.00414856991290887,0.6796698941169628,13,6,0.5481139791015621,0.13774117298376026,11,6,9
ict_sweep_buyside_bearish,4795,-0.006797933037475423,7.118931890300571e-06,0.4985433865059988,13,6,0.5481139791015621,0.13774117298376026,11,6,9
ict_sweep_sellside_bullish,3550,0.009595341312830855,0.0026850834703757613,0.11023789993847,13,6,0.5481139791015621,0.13774117298376026,11,6,9
ict_volume_imbalance_bearish,5045,-0.009415081939126553,-0.0025412157087679388,0.8070744506574599,13,6,0.5481139791015621,0.13774117298376026,11,6,9
ict_volume_imbalance_bullish,6878,0.003829990662614132,-0.002981997350039685,0.976190868394778,13,6,0.5481139791015621,0.13774117298376026,11,6,9
smc_equal_highs,608,-0.006723847601595759,0.00015417538021324142,0.47666625884237424,13,6,0.5481139791015621,0.13774117298376026,11,6,9
smc_equal_lows,566,0.004623623441085305,-0.00262050862856175,0.8219914765809904,13,6,0.5481139791015621,0.13774117298376026,11,6,9
smc_fvg_bearish_formed,4076,-0.011046893020218933,-0.0041614177766649725,0.8857407837628805,13,6,0.5481139791015621,0.13774117298376026,11,6,9
smc_fvg_bullish_formed,4184,0.006487487426096057,-0.0005844099253412656,0.6023270265101864,13,6,0.5481139791015621,0.13774117298376026,11,6,9
smc_internal_bos_bearish,518,-0.01568531388981449,-0.00873050951672934,0.9881047301546834,13,6,0.5481139791015621,0.13774117298376026,11,6,9
smc_internal_bos_bullish,1039,0.0011640508112321492,-0.005786860847227607,0.9984597374113523,13,6,0.5481139791015621,0.13774117298376026,11,6,9
smc_internal_choch_bearish,1005,-0.010443664426148951,-0.003490922536537249,0.8818341788880488,13,6,0.5481139791015621,0.13774117298376026,11,6,9
smc_internal_choch_bullish,1010,0.007514433234808597,0.0005546340151613904,0.4061370326121541,13,6,0.5481139791015621,0.13774117298376026,11,6,9
smc_internal_ob_bearish_formed,1523,-0.012226444742746947,-0.005273001364993917,0.9709817080677419,13,6,0.5481139791015621,0.13774117298376026,11,6,9
smc_internal_ob_bearish_mitigated,1406,0.007553313303053228,0.0005860868924656374,0.3782818263874611,13,6,0.5481139791015621,0.13774117298376026,11,6,9
smc_internal_ob_bullish_formed,2049,0.004294302762336205,-0.0026609897827996496,0.9358820346278228,13,6,0.5481139791015621,0.13774117298376026,11,6,9
smc_internal_ob_bullish_mitigated,1452,-0.007744968680376471,-0.0008966929618802492,0.5598965332981882,13,6,0.5481139791015621,0.13774117298376026,11,6,9
smc_swing_bos_bearish,448,-0.01097254890524211,-0.003866670801943515,0.7849785792096333,13,6,0.5481139791015621,0.13774117298376026,11,6,9
smc_swing_bos_bullish,996,0.003075775294316378,-0.003965211267568952,0.982214569389899,13,6,0.5481139791015621,0.13774117298376026,11,6,9
smc_swing_choch_bearish,812,-0.003603205294494061,0.0033918823275068113,0.22540241285287277,13,6,0.5481139791015621,0.13774117298376026,11,6,9
smc_swing_choch_bullish,813,0.004830834981704079,-0.0021715543239363456,0.7906041395524798,13,6,0.5481139791015621,0.13774117298376026,11,6,9
smc_swing_ob_bearish_formed,1260,-0.006223416356093368,0.0008110634370355821,0.4190332378732632,13,6,0.5481139791015621,0.13774117298376026,11,6,9
smc_swing_ob_bearish_mitigated,1126,0.006011207054334061,-0.0010289664689703886,0.6870026234095808,13,6,0.5481139791015621,0.13774117298376026,11,6,9
smc_swing_ob_bullish_formed,1809,0.0038645334622800045,-0.0031591067373460077,0.9675291251542159,13,6,0.5481139791015621,0.13774117298376026,11,6,9
smc_swing_ob_bullish_mitigated,1175,-0.0067318174870163155,0.0001276012921041592,0.4933821777958673,13,6,0.5481139791015621,0.13774117298376026,11,6,9
ict_bos_bearish,2228,-0.014205045799177985,-0.00720515414284071,0.9704714964670746,19,8,0.20946874270862573,0.7401990824617984,14,13,10
ict_bos_bullish,4523,0.0035444579552964504,-0.003413194039985963,0.9937132295502379,19,8,0.20946874270862573,0.7401990824617984,14,13,10
ict_bpr_bearish,866,-0.005741562422443628,0.0011534843183729883,0.3652564688286903,19,8,0.20946874270862573,0.7401990824617984,14,13,10
ict_bpr_bullish,901,0.0019943707629745816,-0.005103212494317728,0.9744976714145172,19,8,0.20946874270862573,0.7401990824617984,14,13,10
ict_displacement_bearish,6627,-0.008068187210894272,-0.0011545367365491683,0.7272644114374345,19,8,0.20946874270862573,0.7401990824617984,14,13,10
ict_displacement_bullish,7314,0.004038156958629322,-0.002970239106149215,0.9606210875884379,19,8,0.20946874270862573,0.7401990824617984,14,13,10
ict_fvg_bearish_formed,3526,-0.008154984641382533,-0.0012482521935090795,0.6965292541272267,19,8,0.20946874270862573,0.7401990824617984,14,13,10
ict_fvg_bullish_formed,4194,0.004324449165879558,-0.002688794481360053,0.9470638000112188,19,8,0.20946874270862573,0.7401990824617984,14,13,10
ict_liquidity_buyside_pool_formed,2159,0.007922146244486998,0.0012721323340494231,0.2653397211242997,19,8,0.20946874270862573,0.7401990824617984,14,13,10
ict_liquidity_buyside_swept,1735,0.006356200387706757,-0.000324840559990971,0.5697584763330155,19,8,0.20946874270862573,0.7401990824617984,14,13,10
ict_liquidity_sellside_pool_formed,1849,-0.009067041289217226,-0.002292834676859941,0.7966483116656244,19,8,0.20946874270862573,0.7401990824617984,14,13,10
ict_liquidity_sellside_swept,1237,-0.011645335876727624,-0.004908394048756667,0.9366263593187458,19,8,0.20946874270862573,0.7401990824617984,14,13,10
ict_mss_bearish,1728,-0.008023886314494829,-0.0010451608958232548,0.6381377698627602,19,8,0.20946874270862573,0.7401990824617984,14,13,10
ict_mss_bullish,1734,0.003972524943114511,-0.0030135109315833864,0.9275357061074532,19,8,0.20946874270862573,0.7401990824617984,14,13,10
ict_nwog_gap_down,7771,-0.0074609541369354895,-0.0005185703297956677,0.5903650363366838,19,8,0.20946874270862573,0.7401990824617984,14,13,10
ict_nwog_gap_up,8734,0.006989213289592376,3.806788000517217e-05,0.4924114654600511,19,8,0.20946874270862573,0.7401990824617984,14,13,10
ict_ob_bearish_formed,713,-0.00739382621381064,-0.00034911278715726596,0.5278887370928288,19,8,0.20946874270862573,0.7401990824617984,14,13,10
ict_ob_bearish_mitigated,641,0.0057753181891932355,-0.0013053977488434731,0.6942647335824197,19,8,0.20946874270862573,0.7401990824617984,14,13,10
ict_ob_bullish_formed,1088,0.0034125867030874828,-0.003575313128131346,0.9713747167340632,19,8,0.20946874270862573,0.7401990824617984,14,13,10
ict_ob_bullish_mitigated,632,-0.008123848007424333,-0.0013851398207389443,0.546799588926865,19,8,0.20946874270862573,0.7401990824617984,14,13,10
ict_sweep_buyside_bearish,1885,-0.006679952814360909,0.0002115112019934794,0.4701842188176963,19,8,0.20946874270862573,0.7401990824617984,14,13,10
ict_sweep_sellside_bullish,1402,0.008137623537673548,0.0012142215305145192,0.32064603296269695,19,8,0.20946874270862573,0.7401990824617984,14,13,10
ict_volume_imbalance_bearish,5045,-0.009415081939126553,-0.0025412157087679388,0.8070744506574599,19,8,0.20946874270862573,0.7401990824617984,14,13,10
ict_volume_imbalance_bullish,6878,0.003829990662614132,-0.002981997350039685,0.976190868394778,19,8,0.20946874270862573,0.7401990824617984,14,13,10
smc_equal_highs,608,-0.006723847601595759,0.00015417538021324142,0.47666625884237424,19,8,0.20946874270862573,0.7401990824617984,14,13,10
smc_equal_lows,566,0.004623623441085305,-0.00262050862856175,0.8219914765809904,19,8,0.20946874270862573,0.7401990824617984,14,13,10
smc_fvg_bearish_formed,4076,-0.011046893020218933,-0.0041614177766649725,0.8857407837628805,19,8,0.20946874270862573,0.7401990824617984,14,13,10
smc_fvg_bullish_formed,4184,0.006487487426096057,-0.0005844099253412656,0.6023270265101864,19,8,0.20946874270862573,0.7401990824617984,14,13,10
smc_internal_bos_bearish,55,0.00898043813969177,0.016784174167174065,0.09778868909593713,19,8,0.20946874270862573,0.7401990824617984,14,13,10
smc_internal_bos_bullish,82,0.008539736543667424,0.001110774877224988,0.4446654877231446,19,8,0.20946874270862573,0.7401990824617984,14,13,10
smc_internal_choch_bearish,75,-0.004530169504977975,0.0029439260878707492,0.38964966903439213,19,8,0.20946874270862573,0.7401990824617984,14,13,10
smc_internal_choch_bullish,73,0.00021157899893413474,-0.007539290322279607,0.8731596565428932,19,8,0.20946874270862573,0.7401990824617984,14,13,10
smc_internal_ob_bearish_formed,130,0.0011858568062284554,0.00879941565988369,0.16394608898333546,19,8,0.20946874270862573,0.7401990824617984,14,13,10
smc_internal_ob_bearish_mitigated,122,0.0025453178289217087,-0.005109393072663853,0.7679200302131927,19,8,0.20946874270862573,0.7401990824617984,14,13,10
smc_internal_ob_bullish_formed,155,0.004617442990341423,-0.002963126797380404,0.7151529771575637,19,8,0.20946874270862573,0.7401990824617984,14,13,10
smc_internal_ob_bullish_mitigated,124,-0.01954626896379383,-0.012029216601001848,0.8776353423201144,19,8,0.20946874270862573,0.7401990824617984,14,13,10
smc_swing_bos_bearish,353,-0.010957571654820078,-0.0036308984057476026,0.7409392529200276,19,8,0.20946874270862573,0.7401990824617984,14,13,10
smc_swing_bos_bullish,816,0.0017373867802922289,-0.00537709538524293,0.9974299409313749,19,8,0.20946874270862573,0.7401990824617984,14,13,10
smc_swing_choch_bearish,625,-0.0030921185263767326,0.0038443295848046947,0.2381804098703904,19,8,0.20946874270862573,0.7401990824617984,14,13,10
smc_swing_choch_bullish,627,0.007054254297969907,0.0001202776121814646,0.4812967616379628,19,8,0.20946874270862573,0.7401990824617984,14,13,10
smc_swing_ob_bearish_formed,978,-0.00593108064737929,0.0011462155963947122,0.40517045792240325,19,8,0.20946874270862573,0.7401990824617984,14,13,10
smc_swing_ob_bearish_mitigated,883,0.007179193654601833,9.505860755709694e-05,0.4831032865140943,19,8,0.20946874270862573,0.7401990824617984,14,13,10
smc_swing_ob_bullish_formed,1443,0.004047626512505607,-0.0029884239580876305,0.9573280651582784,19,8,0.20946874270862573,0.7401990824617984,14,13,10
smc_swing_ob_bullish_mitigated,911,-0.008234447329946737,-0.001411859498589318,0.5623311488717295,19,8,0.20946874270862573,0.7401990824617984,14,13,10
ict_bos_bearish,2900,-0.013513805236560027,-0.006513146678592198,0.9817570160096898,10,3,0.4406935229639599,0.7287943550500628,47,8,11
ict_bos_bullish,5209,0.0036532728221285735,-0.0032823190812607513,0.9929471359056241,10,3,0.4406935229639599,0.7287943550500628,47,8,11
ict_bpr_bearish,1864,-0.006655153996409511,0.00030360334818986794,0.4496566134016379,10,3,0.4406935229639599,0.7287943550500628,47,8,11
ict_bpr_bullish,1953,0.004471450576716488,-0.002550040076117011,0.8811710651296708,10,3,0.4406935229639599,0.7287943550500628,47,8,11
ict_displacement_bearish,13295,-0.00874630282861977,-0.0018112210681979412,0.8540538827111592,10,3,0.4406935229639599,0.7287943550500628,47,8,11
ict_displacement_bullish,14741,0.005037687650895062,-0.0019630334986851907,0.907250618447899,10,3,0.4406935229639599,0.7287943550500628,47,8,11
ict_fvg_bearish_formed,6210,-0.008884971155214175,-0.0019709924259637846,0.8132947373283526,10,3,0.4406935229639599,0.7287943550500628,47,8,11
ict_fvg_bullish_formed,7684,0.004750902730257815,-0.0022328510047725948,0.938795066999439,10,3,0.4406935229639599,0.7287943550500628,47,8,11
ict_liquidity_buyside_pool_formed,5833,0.008354626973040768,0.001575800665271485,0.15891076169883733,10,3,0.4406935229639599,0.7287943550500628,47,8,11
ict_liquidity_buyside_swept,4191,0.006005940249055651,-0.0007545197423901948,0.6858658619968198,10,3,0.4406935229639599,0.7287943550500628,47,8,11
ict_liquidity_sellside_pool_formed,5338,-0.007347618733726301,-0.00048507618786984043,0.6025728660278089,10,3,0.4406935229639599,0.7287943550500628,47,8,11
ict_liquidity_sellside_swept,3248,-0.00917992299356198,-0.002274083412018486,0.8333339803509562,10,3,0.4406935229639599,0.7287943550500628,47,8,11
ict_mss_bearish,2855,-0.008355461938923628,-0.0013957717953392654,0.7339917772239797,10,3,0.4406935229639599,0.7287943550500628,47,8,11
ict_mss_bullish,2853,0.005266212109819436,-0.0016985668885706401,0.8143458844976259,10,3,0.4406935229639599,0.7287943550500628,47,8,11
ict_nwog_gap_down,7771,-0.0074609541369354895,-0.0005185703297956677,0.5903650363366838,10,3,0.4406935229639599,0.7287943550500628,47,8,11
ict_nwog_gap_up,8734,0.006989213289592376,3.806788000517217e-05,0.4924114654600511,10,3,0.4406935229639599,0.7287943550500628,47,8,11
ict_ob_bearish_formed,1381,-0.0078080616916396265,-0.0008239211895681954,0.5840890674455894,10,3,0.4406935229639599,0.7287943550500628,47,8,11
ict_ob_bearish_mitigated,1228,0.005416775427025571,-0.0015952055552910715,0.7907103820855521,10,3,0.4406935229639599,0.7287943550500628,47,8,11
ict_ob_bullish_formed,1967,0.004347032237584844,-0.0026532812467594596,0.9424397529090627,10,3,0.4406935229639599,0.7287943550500628,47,8,11
ict_ob_bullish_mitigated,1279,-0.009949430244319294,-0.0030981992049662057,0.6580209072858396,10,3,0.4406935229639599,0.7287943550500628,47,8,11
ict_sweep_buyside_bearish,1917,-0.006582544153573218,0.0003010777627028864,0.45743545108946126,10,3,0.4406935229639599,0.7287943550500628,47,8,11
ict_sweep_sellside_bullish,1434,0.007989140774051712,0.0010635204919046785,0.34018107907650913,10,3,0.4406935229639599,0.7287943550500628,47,8,11
ict_volume_imbalance_bearish,5045,-0.009415081939126553,-0.0025412157087679388,0.8070744506574599,10,3,0.4406935229639599,0.7287943550500628,47,8,11
ict_volume_imbalance_bullish,6878,0.003829990662614132,-0.002981997350039685,0.976190868394778,10,3,0.4406935229639599,0.7287943550500628,47,8,11
smc_equal_highs,608,-0.006723847601595759,0.00015417538021324142,0.47666625884237424,10,3,0.4406935229639599,0.7287943550500628,47,8,11
smc_equal_lows,566,0.004623623441085305,-0.00262050862856175,0.8219914765809904,10,3,0.4406935229639599,0.7287943550500628,47,8,11
smc_fvg_bearish_formed,4076,-0.011046893020218933,-0.0041614177766649725,0.8857407837628805,10,3,0.4406935229639599,0.7287943550500628,47,8,11
smc_fvg_bullish_formed,4184,0.006487487426096057,-0.0005844099253412656,0.6023270265101864,10,3,0.4406935229639599,0.7287943550500628,47,8,11
smc_internal_bos_bearish,640,-0.013391284690233063,-0.006365971378139459,0.9506050074755609,10,3,0.4406935229639599,0.7287943550500628,47,8,11
smc_internal_bos_bullish,1325,0.0026153116798427844,-0.004345441552065735,0.9944578220276462,10,3,0.4406935229639599,0.7287943550500628,47,8,11
smc_internal_choch_bearish,1080,-0.006244588700843228,0.0007040784667965141,0.4240792854541032,10,3,0.4406935229639599,0.7287943550500628,47,8,11
smc_internal_choch_bullish,1083,0.005253041202073359,-0.0016993767174663093,0.7582530075950429,10,3,0.4406935229639599,0.7287943550500628,47,8,11
smc_internal_ob_bearish_formed,1720,-0.008903824417825492,-0.0019266377545750094,0.723554467568899,10,3,0.4406935229639599,0.7287943550500628,47,8,11
smc_internal_ob_bearish_mitigated,1540,0.006598638795198017,-0.00037597367564360263,0.5797324330977224,10,3,0.4406935229639599,0.7287943550500628,47,8,11
smc_internal_ob_bullish_formed,2408,0.0038016327232712355,-0.0031553716949763774,0.9757530751179458,10,3,0.4406935229639599,0.7287943550500628,47,8,11
smc_internal_ob_bullish_mitigated,1595,-0.007142243494120559,-0.00030798369340603177,0.5176965053915956,10,3,0.4406935229639599,0.7287943550500628,47,8,11
smc_swing_bos_bearish,73,0.007762155289161817,0.014686917174557626,0.1600919127728867,10,3,0.4406935229639599,0.7287943550500628,47,8,11
smc_swing_bos_bullish,293,0.011123591754560036,0.0040028924599177845,0.07997289189192702,10,3,0.4406935229639599,0.7287943550500628,47,8,11
smc_swing_choch_bearish,176,0.004719664394055796,0.011534482149767222,0.1990431736262922,10,3,0.4406935229639599,0.7287943550500628,47,8,11
smc_swing_choch_bullish,175,0.004477106920793507,-0.00232471847752527,0.7062185393415166,10,3,0.4406935229639599,0.7287943550500628,47,8,11
smc_swing_ob_bearish_formed,249,0.0056116396363961145,0.012458690008440715,0.16341506120485527,10,3,0.4406935229639599,0.7287943550500628,47,8,11
smc_swing_ob_bearish_mitigated,212,0.006726826329594841,-3.735927821275995e-05,0.5045616167168875,10,3,0.4406935229639599,0.7287943550500628,47,8,11
smc_swing_ob_bullish_formed,468,0.00863826088723281,0.0016367986264721997,0.2505935114564466,10,3,0.4406935229639599,0.7287943550500628,47,8,11
smc_swing_ob_bullish_mitigated,224,-0.010324446551950759,-0.0037541122261083486,0.583409957668796,10,3,0.4406935229639599,0.7287943550500628,47,8,11
ict_bos_bearish,2558,-0.013049065898080853,-0.0060651414344628585,0.9590096028892707,7,5,0.11424895901061985,0.33714802143777456,49,10,12
ict_bos_bullish,4884,0.0031430596350568493,-0.003792657163908985,0.9972816143129789,7,5,0.11424895901061985,0.33714802143777456,49,10,12
ict_bpr_bearish,349,-2.8522604216067125e-05,0.0066896610453494616,0.058866014156152904,7,5,0.11424895901061985,0.33714802143777456,49,10,12
ict_bpr_bullish,342,0.006376432033613199,-0.000826653735047477,0.5941704922595878,7,5,0.11424895901061985,0.33714802143777456,49,10,12
ict_displacement_bearish,3058,-0.007701044628786608,-0.000760138364358902,0.6275431719694096,7,5,0.11424895901061985,0.33714802143777456,49,10,12
ict_displacement_bullish,3344,0.004818055876128045,-0.0022968184675323773,0.8979704891392815,7,5,0.11424895901061985,0.33714802143777456,49,10,12
ict_fvg_bearish_formed,1757,-0.008362338344562618,-0.0014630155817347938,0.7021764193851371,7,5,0.11424895901061985,0.33714802143777456,49,10,12
ict_fvg_bullish_formed,2023,0.004507491764965249,-0.0025822569130458774,0.9210299100326413,7,5,0.11424895901061985,0.33714802143777456,49,10,12
ict_liquidity_buyside_pool_formed,3608,0.009257161517212419,0.0025441165437047547,0.06862569636796803,7,5,0.11424895901061985,0.33714802143777456,49,10,12
ict_liquidity_buyside_swept,2774,0.006284540326023712,-0.00043909391054587285,0.6082952934269579,7,5,0.11424895901061985,0.33714802143777456,49,10,12
ict_liquidity_sellside_pool_formed,3191,-0.008217001961922864,-0.0014066997141683598,0.725094450093706,7,5,0.11424895901061985,0.33714802143777456,49,10,12
ict_liquidity_sellside_swept,2059,-0.010554526279823171,-0.003722827266866709,0.9027504324270506,7,5,0.11424895901061985,0.33714802143777456,49,10,12
ict_mss_bearish,2245,-0.009291502621321569,-0.0023110145564710196,0.8269599300836341,7,5,0.11424895901061985,0.33714802143777456,49,10,12
ict_mss_bullish,2246,0.005470294675150915,-0.0015153038839450274,0.7738486710239304,7,5,0.11424895901061985,0.33714802143777456,49,10,12
ict_nwog_gap_down,7771,-0.0074609541369354895,-0.0005185703297956677,0.5903650363366838,7,5,0.11424895901061985,0.33714802143777456,49,10,12
ict_nwog_gap_up,8734,0.006989213289592376,3.806788000517217e-05,0.4924114654600511,7,5,0.11424895901061985,0.33714802143777456,49,10,12
ict_ob_bearish_formed,1989,-0.009509129135749356,-0.002527047990408175,0.7922582154068265,7,5,0.11424895901061985,0.33714802143777456,49,10,12
ict_ob_bearish_mitigated,1761,0.005462304310051615,-0.0015345845717757121,0.8004995599003446,7,5,0.11424895901061985,0.33714802143777456,49,10,12
ict_ob_bullish_formed,2755,0.0036039966314986333,-0.003368016542014535,0.9854881555410145,7,5,0.11424895901061985,0.33714802143777456,49,10,12
ict_ob_bullish_mitigated,1814,-0.009264588219609717,-0.002424653182082793,0.6523405423382861,7,5,0.11424895901061985,0.33714802143777456,49,10,12
ict_sweep_buyside_bearish,3471,-0.00641700375299696,0.000409137603559674,0.42380678003918265,7,5,0.11424895901061985,0.33714802143777456,49,10,12
ict_sweep_sellside_bullish,2619,0.008879903875879409,0.0019884786638315758,0.1922777944797216,7,5,0.11424895901061985,0.33714802143777456,49,10,12
ict_volume_imbalance_bearish,5045,-0.009415081939126553,-0.0025412157087679388,0.8070744506574599,7,5,0.11424895901061985,0.33714802143777456,49,10,12
ict_volume_imbalance_bullish,6878,0.003829990662614132,-0.002981997350039685,0.976190868394778,7,5,0.11424895901061985,0.33714802143777456,49,10,12
smc_equal_highs,608,-0.006723847601595759,0.00015417538021324142,0.47666625884237424,7,5,0.11424895901061985,0.33714802143777456,49,10,12
smc_equal_lows,566,0.004623623441085305,-0.00262050862856175,0.8219914765809904,7,5,0.11424895901061985,0.33714802143777456,49,10,12
smc_fvg_bearish_formed,4076,-0.011046893020218933,-0.0041614177766649725,0.8857407837628805,7,5,0.11424895901061985,0.33714802143777456,49,10,12
smc_fvg_bullish_formed,4184,0.006487487426096057,-0.0005844099253412656,0.6023270265101864,7,5,0.11424895901061985,0.33714802143777456,49,10,12
smc_internal_bos_bearish,484,-0.012576554276016356,-0.005546572411635335,0.8837638802775092,7,5,0.11424895901061985,0.33714802143777456,49,10,12
smc_internal_bos_bullish,1061,0.0035733547883472325,-0.003434656115952213,0.9705874531056399,7,5,0.11424895901061985,0.33714802143777456,49,10,12
smc_internal_choch_bearish,877,-0.0053190361761552,0.0016586155573148622,0.34764356888996345,7,5,0.11424895901061985,0.33714802143777456,49,10,12
smc_internal_choch_bullish,874,0.0055958957050262,-0.001395004224616375,0.7068922706506306,7,5,0.11424895901061985,0.33714802143777456,49,10,12
smc_internal_ob_bearish_formed,1361,-0.007899961055165338,-0.0009036996351699991,0.594446184046683,7,5,0.11424895901061985,0.33714802143777456,49,10,12
smc_internal_ob_bearish_mitigated,1215,0.006141226648535743,-0.000859805186609176,0.6631727013273233,7,5,0.11424895901061985,0.33714802143777456,49,10,12
smc_internal_ob_bullish_formed,1935,0.0044868952334001615,-0.0025133869929405738,0.9305910404158181,7,5,0.11424895901061985,0.33714802143777456,49,10,12
smc_internal_ob_bullish_mitigated,1272,-0.007901342511838032,-0.0010506987938609363,0.5560746775038818,7,5,0.11424895901061985,0.33714802143777456,49,10,12
smc_swing_bos_bearish,70,0.0027823226692191253,0.009861443995324286,0.2640083848388971,7,5,0.11424895901061985,0.33714802143777456,49,10,12
smc_swing_bos_bullish,281,0.011476173443447122,0.004376427026506512,0.07281271466970066,7,5,0.11424895901061985,0.33714802143777456,49,10,12
smc_swing_choch_bearish,170,0.002750400883971509,0.009562901453292093,0.2389532509341445,7,5,0.11424895901061985,0.33714802143777456,49,10,12
smc_swing_choch_bullish,167,0.0047504336889417405,-0.0020741305241671684,0.6823367484776475,7,5,0.11424895901061985,0.33714802143777456,49,10,12
smc_swing_ob_bearish_formed,240,0.0027597114046687297,0.009649976361384817,0.22501393994205532,7,5,0.11424895901061985,0.33714802143777456,49,10,12
smc_swing_ob_bearish_mitigated,202,0.006985449180297803,0.00016525579695513427,0.4805683063999872,7,5,0.11424895901061985,0.33714802143777456,49,10,12
smc_swing_ob_bullish_formed,448,0.008969033847459623,0.001971866510965206,0.21700980698152172,7,5,0.11424895901061985,0.33714802143777456,49,10,12
smc_swing_ob_bullish_mitigated,213,-0.012166106176228698,-0.005611680099354653,0.6201150737345176,7,5,0.11424895901061985,0.33714802143777456,49,10,12
ict_bos_bearish,2558,-0.013049065898080853,-0.0060651414344628585,0.9590096028892707,8,5,0.5839324432060682,0.7606376317613259,21,7,13
ict_bos_bullish,4884,0.0031430596350568493,-0.003792657163908985,0.9972816143129789,8,5,0.5839324432060682,0.7606376317613259,21,7,13
ict_bpr_bearish,2336,-0.007540489202262856,-0.0005890560739550887,0.6002049254674442,8,5,0.5839324432060682,0.7606376317613259,21,7,13
ict_bpr_bullish,2356,0.004239579402981679,-0.0027698135033398094,0.9096217511084383,8,5,0.5839324432060682,0.7606376317613259,21,7,13
ict_displacement_bearish,16731,-0.008744007141679026,-0.0018110689156059278,0.8601356426634215,8,5,0.5839324432060682,0.7606376317613259,21,7,13
ict_displacement_bullish,18235,0.005209065056029559,-0.0017540869854356508,0.8857175434037119,8,5,0.5839324432060682,0.7606376317613259,21,7,13
ict_fvg_bearish_formed,7309,-0.009094112835574684,-0.0021593539331100616,0.8356618001991837,8,5,0.5839324432060682,0.7606376317613259,21,7,13
ict_fvg_bullish_formed,8982,0.004488661916978305,-0.0024999449332273743,0.9597872032212519,8,5,0.5839324432060682,0.7606376317613259,21,7,13
ict_liquidity_buyside_pool_formed,3608,0.009257161517212419,0.0025441165437047547,0.06862569636796803,8,5,0.5839324432060682,0.7606376317613259,21,7,13
ict_liquidity_buyside_swept,2774,0.006284540326023712,-0.00043909391054587285,0.6082952934269579,8,5,0.5839324432060682,0.7606376317613259,21,7,13
ict_liquidity_sellside_pool_formed,3191,-0.008217001961922864,-0.0014066997141683598,0.725094450093706,8,5,0.5839324432060682,0.7606376317613259,21,7,13
ict_liquidity_sellside_swept,2059,-0.010554526279823171,-0.003722827266866709,0.9027504324270506,8,5,0.5839324432060682,0.7606376317613259,21,7,13
ict_mss_bearish,2245,-0.009291502621321569,-0.0023110145564710196,0.8269599300836341,8,5,0.5839324432060682,0.7606376317613259,21,7,13
ict_mss_bullish,2246,0.005470294675150915,-0.0015153038839450274,0.7738486710239304,8,5,0.5839324432060682,0.7606376317613259,21,7,13
ict_nwog_gap_down,7771,-0.0074609541369354895,-0.0005185703297956677,0.5903650363366838,8,5,0.5839324432060682,0.7606376317613259,21,7,13
ict_nwog_gap_up,8734,0.006989213289592376,3.806788000517217e-05,0.4924114654600511,8,5,0.5839324432060682,0.7606376317613259,21,7,13
ict_ob_bearish_formed,1730,-0.008769925427926201,-0.0017897713171185874,0.707836645829365,8,5,0.5839324432060682,0.7606376317613259,21,7,13
ict_ob_bearish_mitigated,1543,0.005971675410183704,-0.0010284746309231953,0.7117102158346406,8,5,0.5839324432060682,0.7606376317613259,21,7,13
ict_ob_bullish_formed,2426,0.003681709145468748,-0.0032765904623312248,0.9804314773304317,8,5,0.5839324432060682,0.7606376317613259,21,7,13
ict_ob_bullish_mitigated,1600,-0.00970098141253457,-0.002857313175285668,0.6628605536795322,8,5,0.5839324432060682,0.7606376317613259,21,7,13
ict_sweep_buyside_bearish,1840,-0.006894039199900523,-3.3996871369403395e-05,0.504761808484734,8,5,0.5839324432060682,0.7606376317613259,21,7,13
ict_sweep_sellside_bullish,1358,0.008466322770120823,0.0015281226264128268,0.27828453105865425,8,5,0.5839324432060682,0.7606376317613259,21,7,13
ict_volume_imbalance_bearish,5045,-0.009415081939126553,-0.0025412157087679388,0.8070744506574599,8,5,0.5839324432060682,0.7606376317613259,21,7,13
ict_volume_imbalance_bullish,6878,0.003829990662614132,-0.002981997350039685,0.976190868394778,8,5,0.5839324432060682,0.7606376317613259,21,7,13
smc_equal_highs,608,-0.006723847601595759,0.00015417538021324142,0.47666625884237424,8,5,0.5839324432060682,0.7606376317613259,21,7,13
smc_equal_lows,566,0.004623623441085305,-0.00262050862856175,0.8219914765809904,8,5,0.5839324432060682,0.7606376317613259,21,7,13
smc_fvg_bearish_formed,4076,-0.011046893020218933,-0.0041614177766649725,0.8857407837628805,8,5,0.5839324432060682,0.7606376317613259,21,7,13
smc_fvg_bullish_formed,4184,0.006487487426096057,-0.0005844099253412656,0.6023270265101864,8,5,0.5839324432060682,0.7606376317613259,21,7,13
smc_internal_bos_bearish,692,-0.013046485021653367,-0.006016958572355016,0.9318389395411948,8,5,0.5839324432060682,0.7606376317613259,21,7,13
smc_internal_bos_bullish,1333,0.0030668344991539895,-0.0039031314580966823,0.9861200732551221,8,5,0.5839324432060682,0.7606376317613259,21,7,13
smc_internal_choch_bearish,1127,-0.008190405780513528,-0.001228104742418512,0.652277180473021,8,5,0.5839324432060682,0.7606376317613259,21,7,13
smc_internal_choch_bullish,1132,0.0066150347597362736,-0.0003474292123092594,0.5599025026337306,8,5,0.5839324432060682,0.7606376317613259,21,7,13
smc_internal_ob_bearish_formed,1819,-0.010037798213096688,-0.003049922692015026,0.8414614237687663,8,5,0.5839324432060682,0.7606376317613259,21,7,13
smc_internal_ob_bearish_mitigated,1644,0.006803643827399946,-0.0001584053231146144,0.5356196952580987,8,5,0.5839324432060682,0.7606376317613259,21,7,13
smc_internal_ob_bullish_formed,2465,0.00469627169792849,-0.002270249128591059,0.9186863577736877,8,5,0.5839324432060682,0.7606376317613259,21,7,13
smc_internal_ob_bullish_mitigated,1658,-0.007852723119644491,-0.0010022608984969197,0.5678884845718628,8,5,0.5839324432060682,0.7606376317613259,21,7,13
smc_swing_bos_bearish,208,-0.0076965129537496,-0.0005581100249152007,0.5300290395683261,8,5,0.5839324432060682,0.7606376317613259,21,7,13
smc_swing_bos_bullish,567,0.001342432491840828,-0.005646536770750152,0.9971063932890486,8,5,0.5839324432060682,0.7606376317613259,21,7,13
smc_swing_choch_bearish,426,-0.006839365994840839,0.000146186537503621,0.49052173378289493,8,5,0.5839324432060682,0.7606376317613259,21,7,13
smc_swing_choch_bullish,426,0.004128731547877657,-0.0028607468138896865,0.8366683673024535,8,5,0.5839324432060682,0.7606376317613259,21,7,13
smc_swing_ob_bearish_formed,634,-0.007120575091769895,-8.487605710697128e-05,0.5064481502590759,8,5,0.5839324432060682,0.7606376317613259,21,7,13
smc_swing_ob_bearish_mitigated,572,0.005958377184950836,-0.0010993576789900313,0.6654493508101005,8,5,0.5839324432060682,0.7606376317613259,21,7,13
smc_swing_ob_bullish_formed,993,0.0025377632047025494,-0.004451424462973154,0.9907424193323728,8,5,0.5839324432060682,0.7606376317613259,21,7,13
smc_swing_ob_bullish_mitigated,581,-0.006911587922849717,-0.0001002657824235656,0.5034992199901752,8,5,0.5839324432060682,0.7606376317613259,21,7,13
ict_bos_bearish,2558,-0.013049065898080853,-0.0060651414344628585,0.9590096028892707,11,5,0.11680042064613286,0.7523644722111963,73,12,14
ict_bos_bullish,4884,0.0031430596350568493,-0.003792657163908985,0.9972816143129789,11,5,0.11680042064613286,0.7523644722111963,73,12,14
ict_bpr_bearish,357,-0.001967538226919053,0.004753927004079419,0.1275142298528138,11,5,0.11680042064613286,0.7523644722111963,73,12,14
ict_bpr_bullish,354,0.005900643317321925,-0.0012577578447873078,0.6357482114731454,11,5,0.11680042064613286,0.7523644722111963,73,12,14
ict_displacement_bearish,3154,-0.007910265683243519,-0.0009756076029333845,0.6649124691639103,11,5,0.11680042064613286,0.7523644722111963,73,12,14
ict_displacement_bullish,3439,0.0048707525073439055,-0.0022445408788288558,0.8912519881254238,11,5,0.11680042064613286,0.7523644722111963,73,12,14
ict_fvg_bearish_formed,1811,-0.008605256350777503,-0.0017049261803420979,0.7357312351097651,11,5,0.11680042064613286,0.7523644722111963,73,12,14
ict_fvg_bullish_formed,2084,0.004597117775137594,-0.0024922906624315466,0.9081566453273808,11,5,0.11680042064613286,0.7523644722111963,73,12,14
ict_liquidity_buyside_pool_formed,3608,0.009257161517212419,0.0025441165437047547,0.06862569636796803,11,5,0.11680042064613286,0.7523644722111963,73,12,14
ict_liquidity_buyside_swept,2774,0.006284540326023712,-0.00043909391054587285,0.6082952934269579,11,5,0.11680042064613286,0.7523644722111963,73,12,14
ict_liquidity_sellside_pool_formed,3191,-0.008217001961922864,-0.0014066997141683598,0.725094450093706,11,5,0.11680042064613286,0.7523644722111963,73,12,14
ict_liquidity_sellside_swept,2059,-0.010554526279823171,-0.003722827266866709,0.9027504324270506,11,5,0.11680042064613286,0.7523644722111963,73,12,14
ict_mss_bearish,2245,-0.009291502621321569,-0.0023110145564710196,0.8269599300836341,11,5,0.11680042064613286,0.7523644722111963,73,12,14
ict_mss_bullish,2246,0.005470294675150915,-0.0015153038839450274,0.7738486710239304,11,5,0.11680042064613286,0.7523644722111963,73,12,14
ict_nwog_gap_down,7771,-0.0074609541369354895,-0.0005185703297956677,0.5903650363366838,11,5,0.11680042064613286,0.7523644722111963,73,12,14
ict_nwog_gap_up,8734,0.006989213289592376,3.806788000517217e-05,0.4924114654600511,11,5,0.11680042064613286,0.7523644722111963,73,12,14
ict_ob_bearish_formed,1260,-0.006223416356093368,0.0008110634370355821,0.4190332378732632,11,5,0.11680042064613286,0.7523644722111963,73,12,14
ict_ob_bearish_mitigated,1120,0.0053188198362952264,-0.001738531092599826,0.8057300516591182,11,5,0.11680042064613286,0.7523644722111963,73,12,14
ict_ob_bullish_formed,1809,0.0038645334622800045,-0.0031591067373460077,0.9675291251542159,11,5,0.11680042064613286,0.7523644722111963,73,12,14
ict_ob_bullish_mitigated,1162,-0.009383725032746948,-0.0025402343220613166,0.6260525469873198,11,5,0.11680042064613286,0.7523644722111963,73,12,14
ict_sweep_buyside_bearish,1860,-0.006861165811408381,1.2945620843032683e-05,0.4981900087618284,11,5,0.11680042064613286,0.7523644722111963,73,12,14
ict_sweep_sellside_bullish,1377,0.008258828693952246,0.0013206874094638084,0.3047316731738793,11,5,0.11680042064613286,0.7523644722111963,73,12,14
ict_volume_imbalance_bearish,5045,-0.009415081939126553,-0.0025412157087679388,0.8070744506574599,11,5,0.11680042064613286,0.7523644722111963,73,12,14
ict_volume_imbalance_bullish,6878,0.003829990662614132,-0.002981997350039685,0.976190868394778,11,5,0.11680042064613286,0.7523644722111963,73,12,14
smc_equal_highs,608,-0.006723847601595759,0.00015417538021324142,0.47666625884237424,11,5,0.11680042064613286,0.7523644722111963,73,12,14
smc_equal_lows,566,0.004623623441085305,-0.00262050862856175,0.8219914765809904,11,5,0.11680042064613286,0.7523644722111963,73,12,14
smc_fvg_bearish_formed,4076,-0.011046893020218933,-0.0041614177766649725,0.8857407837628805,11,5,0.11680042064613286,0.7523644722111963,73,12,14
smc_fvg_bullish_formed,4184,0.006487487426096057,-0.0005844099253412656,0.6023270265101864,11,5,0.11680042064613286,0.7523644722111963,73,12,14
smc_internal_bos_bearish,404,-0.010471441447476982,-0.0032316944930396016,0.7349243767279616,11,5,0.11680042064613286,0.7523644722111963,73,12,14
smc_internal_bos_bullish,924,0.002307410331128658,-0.004762530843559041,0.9933654185495866,11,5,0.11680042064613286,0.7523644722111963,73,12,14
smc_internal_choch_bearish,747,-0.004432041334689271,0.0026053298509564017,0.28945855083269634,11,5,0.11680042064613286,0.7523644722111963,73,12,14
smc_internal_choch_bullish,746,0.005529089943147215,-0.0015183479686693242,0.7112838878220012,11,5,0.11680042064613286,0.7523644722111963,73,12,14
smc_internal_ob_bearish_formed,1151,-0.006551865527188173,0.0005565393774773506,0.447096384670889,11,5,0.11680042064613286,0.7523644722111963,73,12,14
smc_internal_ob_bearish_mitigated,1029,0.006696760991674121,-0.00042969157015943036,0.5778303957934143,11,5,0.11680042064613286,0.7523644722111963,73,12,14
smc_internal_ob_bullish_formed,1670,0.0037465558344614985,-0.003313332984476571,0.9707015858572129,11,5,0.11680042064613286,0.7523644722111963,73,12,14
smc_internal_ob_bullish_mitigated,1082,-0.007585353933887023,-0.0007052697057480803,0.5360386753360478,11,5,0.11680042064613286,0.7523644722111963,73,12,14
smc_swing_bos_bearish,41,0.0004880009352437151,0.008204989239566328,0.34321062446579287,11,5,0.11680042064613286,0.7523644722111963,73,12,14
smc_swing_bos_bullish,212,0.007457626303674253,0.00043976390620720923,0.4525104081968895,11,5,0.11680042064613286,0.7523644722111963,73,12,14
smc_swing_choch_bearish,108,-0.012740210214077721,-0.005963229840483442,0.6078265778919419,11,5,0.11680042064613286,0.7523644722111963,73,12,14
smc_swing_choch_bullish,104,0.006499495810156596,-0.0004242984674980377,0.5290789072463512,11,5,0.11680042064613286,0.7523644722111963,73,12,14
smc_swing_ob_bearish_formed,149,-0.009100232649499341,-0.002064592375503307,0.5416365235226271,11,5,0.11680042064613286,0.7523644722111963,73,12,14
smc_swing_ob_bearish_mitigated,121,0.009141093098541534,0.0021296471742955035,0.2841161255982432,11,5,0.11680042064613286,0.7523644722111963,73,12,14
smc_swing_ob_bullish_formed,316,0.0071422922172000875,0.0001553889477725716,0.4807199945494502,11,5,0.11680042064613286,0.7523644722111963,73,12,14
smc_swing_ob_bullish_mitigated,133,-0.02265598981944488,-0.0162122478783774,0.7433922378047638,11,5,0.11680042064613286,0.7523644722111963,73,12,14
ict_bos_bearish,2321,-0.013517635934696456,-0.00651251040056273,0.9618714229610028,9,7,0.4603679848483446,0.26410123567665783,39,7,15
ict_bos_bullish,4640,0.0038692473224344716,-0.0030937481676695747,0.9878013332113031,9,7,0.4603679848483446,0.26410123567665783,39,7,15
ict_bpr_bearish,2006,-0.0068711783920075735,7.642449275151609e-05,0.4871919735631931,9,7,0.4603679848483446,0.26410123567665783,39,7,15
ict_bpr_bullish,2076,0.004425908952856135,-0.0026287386897297415,0.892827432786538,9,7,0.4603679848483446,0.26410123567665783,39,7,15
ict_displacement_bearish,14273,-0.008584530184070212,-0.0016635103355003957,0.8285461254718779,9,7,0.4603679848483446,0.26410123567665783,39,7,15
ict_displacement_bullish,15785,0.004898594760852428,-0.0020735347818309265,0.919985196523234,9,7,0.4603679848483446,0.26410123567665783,39,7,15
ict_fvg_bearish_formed,6504,-0.008548171579856588,-0.0016356955674395835,0.7585556069834032,9,7,0.4603679848483446,0.26410123567665783,39,7,15
ict_fvg_bullish_formed,8075,0.00435466100587968,-0.0026283580708493246,0.9654372148974775,9,7,0.4603679848483446,0.26410123567665783,39,7,15
ict_liquidity_buyside_pool_formed,2517,0.008681808628664167,0.002015560299619837,0.14999285801712603,9,7,0.4603679848483446,0.26410123567665783,39,7,15
ict_liquidity_buyside_swept,1995,0.006343416580604409,-0.00034510462660069813,0.5764571365797857,9,7,0.4603679848483446,0.26410123567665783,39,7,15
ict_liquidity_sellside_pool_formed,2130,-0.009206725541365047,-0.0024071456680121997,0.8157932232461095,9,7,0.4603679848483446,0.26410123567665783,39,7,15
ict_liquidity_sellside_swept,1419,-0.01144310750501964,-0.004668707378539247,0.9259012881052526,9,7,0.4603679848483446,0.26410123567665783,39,7,15
ict_mss_bearish,1854,-0.008318552950696488,-0.0013549166117670392,0.6822357072380899,9,7,0.4603679848483446,0.26410123567665783,39,7,15
ict_mss_bullish,1860,0.0041113843995801164,-0.0028601733842110342,0.9168553465408623,9,7,0.4603679848483446,0.26410123567665783,39,7,15
ict_nwog_gap_down,7771,-0.0074609541369354895,-0.0005185703297956677,0.5903650363366838,9,7,0.4603679848483446,0.26410123567665783,39,7,15
ict_nwog_gap_up,8734,0.006989213289592376,3.806788000517217e-05,0.4924114654600511,9,7,0.4603679848483446,0.26410123567665783,39,7,15
ict_ob_bearish_formed,1533,-0.008618752992537471,-0.0016535456281683613,0.678137200819309,9,7,0.4603679848483446,0.26410123567665783,39,7,15
ict_ob_bearish_mitigated,1365,0.005258920093689768,-0.001731309288558248,0.8204156933845754,9,7,0.4603679848483446,0.26410123567665783,39,7,15
ict_ob_bullish_formed,2157,0.003602364534381715,-0.0033950963096777546,0.9781700816378621,9,7,0.4603679848483446,0.26410123567665783,39,7,15
ict_ob_bullish_mitigated,1424,-0.010282153003622344,-0.003409773315882803,0.6805623501342027,9,7,0.4603679848483446,0.26410123567665783,39,7,15
ict_sweep_buyside_bearish,3886,-0.006259818554953926,0.0005402886565498144,0.395958555194963,9,7,0.4603679848483446,0.26410123567665783,39,7,15
ict_sweep_sellside_bullish,2922,0.009123089898474039,0.002232277438182541,0.15738730489425035,9,7,0.4603679848483446,0.26410123567665783,39,7,15
ict_volume_imbalance_bearish,5045,-0.009415081939126553,-0.0025412157087679388,0.8070744506574599,9,7,0.4603679848483446,0.26410123567665783,39,7,15
ict_volume_imbalance_bullish,6878,0.003829990662614132,-0.002981997350039685,0.976190868394778,9,7,0.4603679848483446,0.26410123567665783,39,7,15
smc_equal_highs,608,-0.006723847601595759,0.00015417538021324142,0.47666625884237424,9,7,0.4603679848483446,0.26410123567665783,39,7,15
smc_equal_lows,566,0.004623623441085305,-0.00262050862856175,0.8219914765809904,9,7,0.4603679848483446,0.26410123567665783,39,7,15
smc_fvg_bearish_formed,4076,-0.011046893020218933,-0.0041614177766649725,0.8857407837628805,9,7,0.4603679848483446,0.26410123567665783,39,7,15
smc_fvg_bullish_formed,4184,0.006487487426096057,-0.0005844099253412656,0.6023270265101864,9,7,0.4603679848483446,0.26410123567665783,39,7,15
smc_internal_bos_bearish,765,-0.014404037860264616,-0.007384051474386603,0.9775519891866613,9,7,0.4603679848483446,0.26410123567665783,39,7,15
smc_internal_bos_bullish,1498,0.002162028447630759,-0.004815752276554451,0.9976080499201199,9,7,0.4603679848483446,0.26410123567665783,39,7,15
smc_internal_choch_bearish,1213,-0.006848198732566744,0.00010133554679906884,0.4882725102952115,9,7,0.4603679848483446,0.26410123567665783,39,7,15
smc_internal_choch_bullish,1218,0.0058732999525040975,-0.0010696224246043136,0.6840364946750775,9,7,0.4603679848483446,0.26410123567665783,39,7,15
smc_internal_ob_bearish_formed,1978,-0.009770451984684476,-0.0027936700503733486,0.8168328603385111,9,7,0.4603679848483446,0.26410123567665783,39,7,15
smc_internal_ob_bearish_mitigated,1769,0.006300534322400294,-0.0006680929967443731,0.6446820895123735,9,7,0.4603679848483446,0.26410123567665783,39,7,15
smc_internal_ob_bullish_formed,2716,0.00382636154517705,-0.003135786827484027,0.9775786541166543,9,7,0.4603679848483446,0.26410123567665783,39,7,15
smc_internal_ob_bullish_mitigated,1798,-0.007017085575349938,-0.00017117458448490195,0.5104649684988546,9,7,0.4603679848483446,0.26410123567665783,39,7,15
smc_swing_bos_bearish,98,0.007688438712840879,0.01492035944994308,0.12884331618246408,9,7,0.4603679848483446,0.26410123567665783,39,7,15
smc_swing_bos_bullish,357,0.008568995296364679,0.001478202634196942,0.2934452696468829,9,7,0.4603679848483446,0.26410123567665783,39,7,15
smc_swing_choch_bearish,213,0.0024185410845161044,0.009192486145937763,0.1961553417836427,9,7,0.4603679848483446,0.26410123567665783,39,7,15
smc_swing_choch_bullish,215,0.0050502831600828125,-0.0017602730874598654,0.6756842445895498,9,7,0.4603679848483446,0.26410123567665783,39,7,15
smc_swing_ob_bearish_formed,311,0.004079151912734201,0.010997410852666128,0.14565808003195047,9,7,0.4603679848483446,0.26410123567665783,39,7,15
smc_swing_ob_bearish_mitigated,272,0.008119153113781925,0.0012404738567104012,0.34532220328638163,9,7,0.4603679848483446,0.26410123567665783,39,7,15
smc_swing_ob_bullish_formed,572,0.007246402447937054,0.0002609434031546065,0.4575750427011927,9,7,0.4603679848483446,0.26410123567665783,39,7,15
smc_swing_ob_bullish_mitigated,285,-0.015411712105941102,-0.00886982715017954,0.7142480329322177,9,7,0.4603679848483446,0.26410123567665783,39,7,15
ict_bos_bearish,2048,-0.014321402531613098,-0.007302617694360167,0.9739270549255092,17,10,0.1499153379774881,0.38361799794097096,56,3,16
ict_bos_bullish,4348,0.0034306738750258044,-0.003506400150135459,0.9941439419295894,17,10,0.1499153379774881,0.38361799794097096,56,3,16
ict_bpr_bearish,532,-0.0030317409533735383,0.003718618093371264,0.15814935452533402,17,10,0.1499153379774881,0.38361799794097096,56,3,16
ict_bpr_bullish,537,0.00394451760349047,-0.003223090164946819,0.8564880284079077,17,10,0.1499153379774881,0.38361799794097096,56,3,16
ict_displacement_bearish,4387,-0.007719403866163159,-0.000785515368326317,0.6482678906037356,17,10,0.1499153379774881,0.38361799794097096,56,3,16
ict_displacement_bullish,4837,0.0038275545419069325,-0.003223561082853567,0.9674534234497146,17,10,0.1499153379774881,0.38361799794097096,56,3,16
ict_fvg_bearish_formed,2450,-0.008343114443397593,-0.0014303942077161296,0.7120335669801469,17,10,0.1499153379774881,0.38361799794097096,56,3,16
ict_fvg_bullish_formed,2870,0.0038288414047002377,-0.003215874147735591,0.9632972969593924,17,10,0.1499153379774881,0.38361799794097096,56,3,16
ict_liquidity_buyside_pool_formed,1633,0.00804936999791733,0.0014638013753412059,0.24502850953010014,17,10,0.1499153379774881,0.38361799794097096,56,3,16
ict_liquidity_buyside_swept,1325,0.006706632773258647,8.817566920513598e-05,0.48186590341210944,17,10,0.1499153379774881,0.38361799794097096,56,3,16
ict_liquidity_sellside_pool_formed,1367,-0.00751828482506984,-0.000819052074751042,0.5923092422260081,17,10,0.1499153379774881,0.38361799794097096,56,3,16
ict_liquidity_sellside_swept,937,-0.00993937471478147,-0.003278887687266651,0.7857807844689457,17,10,0.1499153379774881,0.38361799794097096,56,3,16
ict_mss_bearish,1514,-0.008494407524207895,-0.0015281474349134226,0.6828583645258499,17,10,0.1499153379774881,0.38361799794097096,56,3,16
ict_mss_bullish,1522,0.004686225827499098,-0.0022864213642899596,0.8624198845357518,17,10,0.1499153379774881,0.38361799794097096,56,3,16
ict_nwog_gap_down,7771,-0.0074609541369354895,-0.0005185703297956677,0.5903650363366838,17,10,0.1499153379774881,0.38361799794097096,56,3,16
ict_nwog_gap_up,8734,0.006989213289592376,3.806788000517217e-05,0.4924114654600511,17,10,0.1499153379774881,0.38361799794097096,56,3,16
ict_ob_bearish_formed,795,-0.00780598368514659,-0.0007658290911220873,0.5594034960821009,17,10,0.1499153379774881,0.38361799794097096,56,3,16
ict_ob_bearish_mitigated,717,0.0062331429241223,-0.0008477119109217132,0.6355496405525121,17,10,0.1499153379774881,0.38361799794097096,56,3,16
ict_ob_bullish_formed,1210,0.0037676410201971126,-0.0032184418197752467,0.9641642332182045,17,10,0.1499153379774881,0.38361799794097096,56,3,16
ict_ob_bullish_mitigated,721,-0.009535773764257405,-0.0028279574709921098,0.5994582895217804,17,10,0.1499153379774881,0.38361799794097096,56,3,16
ict_sweep_buyside_bearish,3210,-0.006300286853712754,0.0005325920306929023,0.40510404413589657,17,10,0.1499153379774881,0.38361799794097096,56,3,16
ict_sweep_sellside_bullish,2440,0.009129791326781793,0.0022464590233359097,0.16300587353195478,17,10,0.1499153379774881,0.38361799794097096,56,3,16
ict_volume_imbalance_bearish,5045,-0.009415081939126553,-0.0025412157087679388,0.8070744506574599,17,10,0.1499153379774881,0.38361799794097096,56,3,16
ict_volume_imbalance_bullish,6878,0.003829990662614132,-0.002981997350039685,0.976190868394778,17,10,0.1499153379774881,0.38361799794097096,56,3,16
smc_equal_highs,608,-0.006723847601595759,0.00015417538021324142,0.47666625884237424,17,10,0.1499153379774881,0.38361799794097096,56,3,16
smc_equal_lows,566,0.004623623441085305,-0.00262050862856175,0.8219914765809904,17,10,0.1499153379774881,0.38361799794097096,56,3,16
smc_fvg_bearish_formed,4076,-0.011046893020218933,-0.0041614177766649725,0.8857407837628805,17,10,0.1499153379774881,0.38361799794097096,56,3,16
smc_fvg_bullish_formed,4184,0.006487487426096057,-0.0005844099253412656,0.6023270265101864,17,10,0.1499153379774881,0.38361799794097096,56,3,16
smc_internal_bos_bearish,1494,-0.01233639468653653,-0.005415712925533295,0.929032489449928,17,10,0.1499153379774881,0.38361799794097096,56,3,16
smc_internal_bos_bullish,2897,0.0028804828336856493,-0.004085404018574235,0.9981654046595545,17,10,0.1499153379774881,0.38361799794097096,56,3,16
smc_internal_choch_bearish,2282,-0.007225570390487322,-0.00025507756774199083,0.5423061240858047,17,10,0.1499153379774881,0.38361799794097096,56,3,16
smc_internal_choch_bullish,2284,0.005838968235637716,-0.0011366273179023723,0.7211517309624706,17,10,0.1499153379774881,0.38361799794097096,56,3,16
smc_internal_ob_bearish_formed,3776,-0.009247702672875434,-0.0022969179344104777,0.8206010613133081,17,10,0.1499153379774881,0.38361799794097096,56,3,16
smc_internal_ob_bearish_mitigated,3338,0.006108599290444122,-0.0008385189581809989,0.7002128599544448,17,10,0.1499153379774881,0.38361799794097096,56,3,16
smc_internal_ob_bullish_formed,5181,0.004184706083648692,-0.0027854607673998416,0.9797130758921329,17,10,0.1499153379774881,0.38361799794097096,56,3,16
smc_internal_ob_bullish_mitigated,3579,-0.007852152914359103,-0.0009951363417435473,0.5808190258580455,17,10,0.1499153379774881,0.38361799794097096,56,3,16
smc_swing_bos_bearish,60,0.010346476188799417,0.017383327426684202,0.15789906475854282,17,10,0.1499153379774881,0.38361799794097096,56,3,16
smc_swing_bos_bullish,251,0.011989269343136679,0.004913896056761656,0.06166909461890155,17,10,0.1499153379774881,0.38361799794097096,56,3,16
smc_swing_choch_bearish,152,-0.001906581419260196,0.00486190431148474,0.36458620040095435,17,10,0.1499153379774881,0.38361799794097096,56,3,16
smc_swing_choch_bullish,149,0.003305178609194413,-0.00348294288724368,0.7767549576087734,17,10,0.1499153379774881,0.38361799794097096,56,3,16
smc_swing_ob_bearish_formed,212,0.0015612650735868645,0.008405703306352513,0.26772201844853993,17,10,0.1499153379774881,0.38361799794097096,56,3,16
smc_swing_ob_bearish_mitigated,179,0.007933567694232124,0.0011588605372439137,0.3752827579130836,17,10,0.1499153379774881,0.38361799794097096,56,3,16
smc_swing_ob_bullish_formed,400,0.008754445544743184,0.001786073550119666,0.25267080594001523,17,10,0.1499153379774881,0.38361799794097096,56,3,16
smc_swing_ob_bullish_mitigated,179,-0.017576263013346576,-0.011096874722647587,0.72036430951619,17,10,0.1499153379774881,0.38361799794097096,56,3,16
