n_trades,win_rate,avg_return,median_return,std_return,skewness,kurtosis,profit_factor,sharpe,sortino,expectancy,max_drawdown,avg_drawdown,calmar,cagr_annualized,reward_risk_ratio,avg_mfe,avg_mae,median_mfe,median_mae,p90_mfe,p10_mae,mfe_mae_ratio,signal,holding_period,mean_return,ci_lower,ci_upper,ci_method,n_bootstrap_iter,hac_ci_lower,hac_ci_upper,p_value_vs_zero,p_value_vs_zero_iid,hac_se,n_entry_dates,effect_size_cohens_d,cohens_d_ci_lower,cohens_d_ci_upper,p_value_vs_baseline_welch,p_value_vs_baseline_welch_two_sided,effect_size_vs_baseline,mean_diff_vs_baseline,p_value_vs_matched_random,excess_return_vs_matched_random,matched_null_mean,matched_null_se,matched_z,direction,n_tickers,p_adj_vs_zero,reject_vs_zero,p_adj_vs_matched_random,reject_vs_matched_random,p_adj_vs_baseline_welch,reject_vs_baseline_welch,low_sample_warning,beats_matched_random,significance_label
3858,0.5181441161223432,0.0018331755140295596,0.0007991972702439121,0.03237999850474512,0.4617024638667284,9.94151344939837,1.1904074416844441,0.8987263885656669,1.2475206151852698,0.0018331755140295614,-0.7314889836782956,-0.2213103961081422,0.5352869136821389,0.39155648046563934,1.0945317047603844,0.018046895395934397,-0.017151398027353684,0.012188634947906007,-0.011505203765535765,0.046679802271161384,-0.04456624472623604,0.9023295191548353,smc_swing_ob_bearish_mitigated,1,0.0018331755140295596,0.0008422092374018878,0.002862701667498218,percentile_bootstrap_full,10000,-0.0008037314190642054,0.004470082447123325,0.17301953594785802,0.00044234395902529824,0.0013453853913101288,1744,0.056614440972284706,0.02606378296623874,0.08778649050482118,0.021778520028358696,0.04355704005671739,0.03874515437400339,0.0010559255497006436,0.00037360505364446284,0.0011262521530498483,0.0007069233609797113,0.0003340365142437459,3.3716438324105606,1,492,0.19334246556713022,False,0.005440103979347321,True,0.589695311537097,False,False,True,significant_but_negligible_effect
36634,0.4744499645138396,-5.5090355122206336e-05,-0.0007817490988991649,0.02077260724587064,0.5811172893747848,11.594936059480018,0.9923274239792227,-0.042100265286794704,-0.06294865201087048,-5.5090355122208376e-05,-0.9999873013905515,-0.8704794832896554,-0.06571763817727971,-0.06571680365465862,1.0849317092156474,0.013364687401128962,-0.01282736689714802,0.009250325153934813,-0.01042251118446158,0.034135895735953437,-0.030068142917633024,0.9041027945669959,ict_mss_bearish,1,-1.9863127477808362e-05,-0.00031236143208504156,0.0002733369192150921,percentile_bootstrap_subsample_20000,10000,-0.0008975675451016469,0.0008578412901460303,0.9020913369410849,0.6117327496572861,0.0004478166015415786,3549,-0.0009479161591889294,-0.015021089412087518,0.012946457974144057,0.9999999999995677,8.646712532539826e-13,-0.03994211651820847,-0.0008323403194511224,6.103667265496948e-11,0.000675824001929085,-0.0007309143570512914,0.0001049948983296021,6.43673180964969,-1,496,0.9098457037342748,False,1.6526852903499426e-09,True,1.0,False,False,True,significant_but_negligible_effect
22494,0.4755934915977594,-0.00022506118829804353,-0.0008168623472776249,0.02405228094125838,0.3314822154269462,10.70390708514252,0.9729368997982122,-0.1485404071564491,-0.21216002881352075,-0.00022506118829804592,-0.9999956133310113,-0.9504596477810271,-0.12149420212321932,-0.12149366916837055,1.0590624601000356,0.015127354578922883,-0.014720639886602582,0.01031243504737589,-0.011767401837069036,0.03857051517231914,-0.034591291088098705,0.889807237520095,ict_ob_bearish_formed,1,-0.0002010851675367035,-0.0005365632103173289,0.0001307816463937945,percentile_bootstrap_subsample_20000,10000,-0.0015040016624106496,0.0011018313273372428,0.7349432912611544,0.16051504475383951,0.0006647655236902036,3176,-0.008341566912057443,-0.022278018303470027,0.005392505079759225,0.9999999992478905,1.5042189643600662e-09,-0.04448107659753939,-0.0010023111526269598,0.00012071435027872121,0.0004977821734140259,-0.0007228433617120694,0.00013559169637974568,3.6711847901062415,-1,496,0.7520349957090883,False,0.0018474544042656465,True,1.0,False,False,True,significant_but_negligible_effect
2710,0.5066420664206642,0.0010300576168272534,0.00025377799461656636,0.02052263255877344,2.0769673906340205,34.741375939561415,1.1731252196958224,0.7967621938524789,1.2501974110516751,0.0010300576168272534,-0.45158512130639916,-0.1594773568317131,0.5110056781623225,0.23076256116119118,1.1218597330375926,0.012980711448704206,-0.011602817232742202,0.00894222944178058,-0.009356391091465854,0.031728561041649735,-0.02798418087219637,0.9708247335433788,smc_swing_choch_bullish,1,0.0010300576168272534,0.00023799997489940932,0.001795553217881151,percentile_bootstrap_full,10000,5.2226979470400454e-06,0.0020548925357074667,0.04884384415948094,0.009028928578565321,0.0005228845626145242,1490,0.05019130045218799,0.011992194275969233,0.084513522960116,0.26187276827719885,0.5237455365543977,0.012204409588217571,0.00025280765249833723,0.2114248577025417,0.0003147465610373444,0.000715311055789909,0.00039270322037904287,0.8014870892414542,1,492,0.06075276729377135,False,1.0,False,1.0,False,False,False,not_significant
26383,0.4706060720918773,-0.0004387094472214857,-0.00089617354786653,0.02171606908076466,0.20568530938925997,12.519677861574024,0.9428640365303312,-0.3206978456862959,-0.45213121656961575,-0.00043870944722148534,-0.9999999898565428,-0.9468878097293826,-0.1564013605943455,-0.156401359007895,1.0465213665773594,0.013599069801371835,-0.013517342365975316,0.009444206040170378,-0.010917769912268005,0.03536208647440273,-0.03134059771645523,0.8766846154766885,smc_internal_choch_bearish,1,-0.0005368582544366843,-0.000833506925429846,-0.0002356236503365119,percentile_bootstrap_subsample_20000,10000,-0.0014367621601209498,0.00036304565124758114,0.33932684815036696,0.0010343085191658332,0.00045914307899750474,3358,-0.024943605737610976,-0.038780804866468406,-0.010988343665134638,1.0,4.255613378404023e-18,-0.057049389638121485,-0.0012159594115504018,0.00958371906742003,0.00029000670151363043,-0.0007287161487351161,0.00012381498933215855,2.3422584218428457,-1,496,0.35868783948627375,False,0.08433672779329628,False,1.0,False,False,False,not_significant
42394,0.517313770816625,0.0009540529031178763,0.0007138845530881843,0.022142275715453956,0.2455163928194059,12.830139023392364,1.1371950151638386,0.683991135785751,0.9460317875975448,0.0009540529031178777,-0.792156201819564,-0.23073346589264002,0.24690795208299737,0.19558966552111412,1.0444294375737557,0.013566993977889987,-0.012601892228695262,0.010034230125772758,-0.009277057435915503,0.033142716838643616,-0.03197666278585559,0.9155810103141123,smc_internal_ob_bearish_mitigated,1,0.0010194204774925622,0.0007081237237277474,0.001320423808640744,percentile_bootstrap_subsample_20000,10000,0.00040517940857791627,0.0016336615464072083,0.00233253674962638,7.48444444366198e-19,0.0003133940566840238,4048,0.04662592792798475,0.03244982464542301,0.06051649374888262,0.06283392274756991,0.12566784549513982,0.008211061002488314,0.0001768029387889602,0.010558836899306026,0.00022625082367258966,0.0007278020794452867,9.811933507615874e-05,2.305874000236316,1,496,0.0037151716555135104,True,0.08857125817860906,False,1.0,False,False,False,not_significant
26235,0.47036401753382884,-0.0005268051726178116,-0.0009014031514635867,0.020950701680797355,0.3700888831908886,13.879186084777736,0.9294129259199476,-0.3991643327364119,-0.5742528495963879,-0.0005268051726178133,-0.9999999982394601,-0.9268819586284894,-0.17143527537329764,-0.171435275071479,1.0346309046484863,0.012790003054396825,-0.012919461026141341,0.009081140140444255,-0.0101669881814761,0.03266044204931415,-0.03067889526893732,0.8607804384877851,ict_bpr_bearish,1,-0.0005267592524663792,-0.0008131916372796609,-0.00023021570576055672,percentile_bootstrap_subsample_20000,10000,-0.0014708453459298908,0.00041732684099713227,0.2740994874082662,4.658969186916602e-05,0.0004816854255810369,3246,-0.02527160387953166,-0.039232904126174174,-0.01099696811897756,1.0,9.509923410449605e-22,-0.062312637692536046,-0.0013040551369467278,0.04714073116402351,0.00020968063448111507,-0.0007364858070989267,0.00012531467587575728,1.673232867704993,-1,496,0.29687082943910675,False,0.3191064878795437,False,1.0,False,False,False,not_significant
9360,0.524465811965812,0.0009110346869513586,0.0008005710244427533,0.019142840904863432,1.9169259267252268,52.39430894426232,1.1583002749310525,0.7554901269062411,1.0616197089180475,0.0009110346869513584,-0.7779265042378114,-0.23506324716397475,0.25991181892538157,0.2021922927067131,1.035132064803937,0.011381408021517265,-0.01025390479442936,0.008475557594743943,-0.007694107482539292,0.026998051531468992,-0.025910259581786055,0.9407592201455564,smc_equal_lows,1,0.0009110346869513586,0.0005243078947692233,0.0013009867350362598,percentile_bootstrap_full,10000,0.000270616555549449,0.001551452818353268,0.005300657518230493,4.192518821243497e-06,0.00032674994612243364,2629,0.047591404613298596,0.027936395892761673,0.06745862527529034,0.25418264980426597,0.5083652996085319,0.006674871718376589,0.00013378472262244243,0.18238899549800625,0.00019025444659464272,0.0007207802403567158,0.00020992475539475278,0.906298288817243,1,495,0.00792284427758724,True,0.9441312708132088,False,1.0,False,False,False,not_significant
42989,0.4679103956826165,-0.0006088936245182022,-0.001013083858522057,0.02309935451873486,0.09192064370933872,12.09784404421967,0.9252887430175899,-0.41844834341010934,-0.580158173931496,-0.0006088936245182003,-1.0,-0.9841757283599394,-0.19826510875734354,-0.19826510875734354,1.0381265897301002,0.01410197564896829,-0.014191062906108854,0.009729081568841225,-0.011264241268787334,0.036281856516800444,-0.03329386799365292,0.8655101734866844,smc_internal_ob_bearish_formed,1,-0.0007582348216908036,-0.0010811446162649059,-0.0004419330770420948,percentile_bootstrap_subsample_20000,10000,-0.0018183476215279802,0.0003018779781463731,0.26027630602487795,4.6448089851058794e-08,0.0005408838120685771,3658,-0.03276374751735059,-0.046845197347760076,-0.01901802280476243,1.0,2.732019038699953e-31,-0.06292276952847137,-0.0013861435888471185,0.1125225815958853,0.00011825193135548806,-0.0007271455558736903,9.74693703423338e-05,1.2132214555214766,-1,496,0.2827693201257933,False,0.6493106347828135,False,1.0,False,False,False,not_significant
7291,0.5122754080373063,0.0008396143997268235,0.00042512523504489863,0.01807850435586153,1.2189684052097889,24.962205314379386,1.1537150600110544,0.7372548708031964,1.0825191868615078,0.0008396143997268244,-0.4612260938927885,-0.1476620035996389,0.4038802217131297,0.1862800970613002,1.0811252235712692,0.011745052962820381,-0.010757868782789809,0.008212807003557643,-0.00842452364956603,0.02761598009197952,-0.025271673510903092,0.970417525272566,smc_swing_ob_bullish_formed,1,0.0008396143997268235,0.0004366524364695248,0.0012553681968069709,percentile_bootstrap_full,10000,0.0002916000797700901,0.0013876287196835568,0.0026744947691841074,7.390642237823954e-05,0.00027960427842385545,2628,0.04644269145276934,0.024354453068281202,0.06911362130857424,0.38632237807998365,0.7726447561599673,0.003191195305892013,6.236443539790737e-05,0.3237540131189387,0.00010691768147745996,0.0007326967182493635,0.00023383948162579478,0.4572268153098142,1,494,0.004202777494432169,True,1.0,False,1.0,False,False,False,not_significant
26887,0.5174619704689999,0.0008380224066125627,0.0007194879707055346,0.020295035349174314,0.4062011706061816,11.165352990938056,1.1305656871423353,0.6554900278368512,0.9345700114276598,0.0008380224066125621,-0.7735022325563242,-0.2554564227727467,0.22343679730614713,0.1728288615515397,1.040286201882856,0.01253403154805938,-0.011342495623220943,0.009192119915936159,-0.008551030022828754,0.029916942991670404,-0.028727382658299994,0.9367115042663651,ict_bpr_bullish,1,0.0008962858900058472,0.0006158800944300973,0.001166679614936513,percentile_bootstrap_subsample_20000,10000,5.643539980416479e-05,0.0017361363802075296,0.05050076516288834,1.3074911060131913e-11,0.0004285030185256884,3297,0.04431167991432142,0.03038192521501843,0.057512564429082584,0.3209777461661084,0.6419554923322168,0.0029498283085700743,6.077244228364662e-05,0.22451513886048335,9.422619503752887e-05,0.0007437962115750339,0.00012446780204280932,0.7570326903107103,1,496,0.0625924976666785,False,1.0,False,1.0,False,False,False,not_significant
147587,0.5159126481329657,0.0008279024520618802,0.0005710856138481102,0.0191878833930707,0.5542304002788834,16.78934661169314,1.1364324357342626,0.6849397465383809,0.9755437826539051,0.0008279024520618794,-0.782202022356142,-0.17724668707045171,0.225428364514131,0.17633052261939083,1.0515082078530937,0.01211808583367872,-0.010893307061606034,0.008805786443166763,-0.008123471849860286,0.02927462138656347,-0.027575942328296056,0.9489142953644898,ict_nwog_gap_up,1,0.0009187601445424018,0.0006485536124368742,0.0011771864751668744,percentile_bootstrap_subsample_20000,10000,-1.1185409397214516e-05,0.0018487056984820183,0.08100283818203559,1.1845644218521512e-61,0.0004744707320846793,854,0.04794252518840671,0.03404220999334881,0.06108705163243552,0.21881133503378122,0.43762267006756245,0.0025244749075868937,5.065248773296403e-05,0.04101375877351043,8.860402757993025e-05,0.0007392984244819499,5.0949930325159e-05,1.7390411922934017,1,496,0.09698298993223309,False,0.2887368617655134,False,1.0,False,False,False,not_significant
67886,0.4660018265916389,-0.0006364015623986093,-0.0013017017829878297,0.02895826776586297,0.6270498451239168,16.987870288512596,0.933358365240656,-0.3488662267425852,-0.4922750859589378,-0.0006364015623986068,-1.0,-0.9889428296133225,-0.23341467079940426,-0.23341467079940426,1.0593993621209494,0.01561464243437623,-0.015693284769830756,0.010386668491001672,-0.012099684544222833,0.03980966083467358,-0.037994306328814176,0.8391933195879464,smc_fvg_bearish_formed,1,-0.0008036014024018509,-0.0012012185546702065,-0.00041214699913282417,percentile_bootstrap_subsample_20000,10000,-0.0024223470073580114,0.0008151442025543095,0.4409738079303991,1.0327924776113432e-08,0.0008259057844716334,3783,-0.028116976992416425,-0.04214067360934258,-0.014374599398003736,1.0,1.2817584873492375e-32,-0.05597621653954903,-0.0014136515267275255,0.14822092549407417,7.931684267291914e-05,-0.0007157184050715285,7.596713932466692e-05,1.0440941093482055,-1,496,0.46473886344760623,False,0.8152150902174079,False,1.0,False,False,False,not_significant
90931,0.4649129559776094,-0.0006650455300115498,-0.0011019462471393293,0.02331075658395632,0.49673196431829636,17.74791170077155,0.9164726271539532,-0.45289265750131363,-0.6366401700248141,-0.0006650455300115524,-1.0,-0.988656660423012,-0.21026091935187116,-0.21026091935187116,1.0427735029859797,0.01315693246824918,-0.013533202116186888,0.00901935590189562,-0.010540360118436842,0.03354447019386886,-0.03209321028825718,0.8410055554505617,ict_fvg_bearish_formed,1,-0.0003966876528473793,-0.0007186775699891731,-8.66074489202182e-05,percentile_bootstrap_subsample_20000,10000,-0.0013755381342981598,0.0005821628286034013,0.182982261732077,7.88540710154435e-18,0.0004994226840139822,3876,-0.017034559659219062,-0.031052115011741294,-0.0037069679440786874,1.0,2.3700482960830437e-60,-0.06514330993958761,-0.0014422954943404658,0.1568374527888155,6.690935321934763e-05,-0.0007319548832308974,6.640857174371188e-05,1.0075409162173883,-1,496,0.20318535056684892,False,0.8493351289486624,False,1.0,False,False,False,not_significant
59107,0.5245909959903227,0.0007483286913956517,0.000869524011006817,0.018964964237374798,-0.033764584446712646,14.827673025243925,1.1235237506767912,0.626383975709946,0.8408804818516594,0.0007483286913956529,-0.8068249022514223,-0.22925515741063934,0.1906583107282816,0.1538278729167671,1.003515021607822,0.011465216615366113,-0.011020802308435792,0.009002400949463807,-0.00812342156238055,0.027473754916838677,-0.028057984609647767,0.8878928081882959,ict_liquidity_buyside_pool_formed,1,0.0006509368937222846,0.00038663420984105074,0.0009172751856319289,percentile_bootstrap_subsample_20000,10000,8.02464726921574e-05,0.001221627314752412,0.01016867289359942,8.864392929221898e-22,0.0002911739302508246,3930,0.03421721087555892,0.020326017529894456,0.04811826056717524,0.6279578433558757,0.7440843132882485,-0.0014490841166394243,-2.8921272933264425e-05,0.2959963671455369,4.2917062748633935e-05,0.0007054116286470178,8.007653618139144e-05,0.5359505392618019,1,496,0.014432955074786273,True,1.0,False,1.0,False,False,False,not_significant
4581,0.5156079458633486,0.0007269531645506251,0.0005477970844511848,0.01646405881158256,0.179202650642749,7.780164948329855,1.140510008036603,0.7009221639220424,0.978114853069032,0.0007269531645506247,-0.4439961857682213,-0.15389060798040732,0.3619987266129918,0.16072605386912148,1.0560099015986668,0.011014069662941496,-0.01025801933957414,0.007748729187387449,-0.00796119885550406,0.02524454522423114,-0.023409676998715656,0.9701338202142241,smc_swing_bos_bullish,1,0.0007269531645506251,0.00025239828804985787,0.0012059110192490492,percentile_bootstrap_full,10000,0.0001706522290837848,0.0012832541000174654,0.010430908696440533,0.0028186159868912987,0.00028383222113612306,2157,0.04415394605121366,0.015365481450505612,0.07329098939948196,0.5807228038597343,0.8385543922805313,-0.0026731243069763907,-5.029679977829103e-05,0.5219508377970068,-1.6028457707715116e-05,0.0007429816222583402,0.00029115978299273226,-0.05505038348003992,1,492,0.014628206618115808,True,1.0,False,1.0,False,False,False,not_significant
68252,0.5070767157006388,0.0007066786177227963,0.0003332056254768956,0.022499863692237946,0.8017220035713021,30.03066840380818,1.0993554123199885,0.49858858833524744,0.7132332435236582,0.0007066786177227979,-0.8421968447964276,-0.3250396947977492,0.14423568520304852,0.12147483898505826,1.0555196912936202,0.013783099101054356,-0.012682973098676144,0.0098421417721547,-0.009533989828401201,0.03308699632433938,-0.03174873296157417,0.9274600233409415,smc_fvg_bullish_formed,1,0.0009095572313514833,0.0006001293840823364,0.0012153094111320877,percentile_bootstrap_subsample_20000,10000,-1.1712781885222785e-05,0.0018308272445881893,0.13272828639993423,2.3378442556036534e-16,0.0004700443545068716,3890,0.04082520141442275,0.02695234345688325,0.0545440039989366,0.7692919236871438,0.4614161526257123,-0.003249613700533703,-7.057134660611985e-05,0.6337847118898426,-2.6034302158863443e-05,0.0007327129198816597,7.614726540942053e-05,-0.3418941181785711,1,496,0.15218357268005486,False,1.0,False,1.0,False,False,False,not_significant
65619,0.462091772200125,-0.0007691415966597483,-0.001095849299839191,0.01984967206802061,-0.09731878495131865,14.278958306864084,0.8913473016969231,-0.6151106317878124,-0.8424165081855411,-0.0007691415966597486,-1.0,-0.9772027089754428,-0.21640271286675322,-0.21640271286675322,1.0257754796093308,0.011555569925146492,-0.012101288206319278,0.008213321414054953,-0.00945600240661948,0.029837162007910187,-0.02850888396274924,0.835151849360978,ict_sweep_buyside_bearish,1,-0.0008116715293949741,-0.0010820885663331752,-0.000543980107471141,percentile_bootstrap_subsample_20000,10000,-0.0013209835597576152,-0.0003023594990323329,0.0030778370915745734,3.3369181238501314e-23,0.0002598578496149119,4011,-0.0416552741997879,-0.05549133651459099,-0.027821537387996396,1.0,8.070935329381035e-69,-0.07586332152888084,-0.0015463915609886644,0.7105876239658155,-4.264729163919699e-05,-0.0007264943050205513,7.682781830767153e-05,-0.5551022087911939,-1,496,0.004772681304996695,True,1.0,False,1.0,False,False,False,not_significant
20166,0.5062481404343945,0.000675249318304451,0.00027168193472437707,0.019419420882246217,0.6859874910684369,13.514311133833253,1.1118037937037668,0.5519861112334548,0.7856413707264328,0.0006752493183044507,-0.7660421119952231,-0.23043651014126112,0.17076399636016745,0.13081241242448727,1.0667174218168671,0.01227922480731309,-0.011429137893817403,0.008637658618154354,-0.008792510474134763,0.029733015005145913,-0.027103483971360476,0.9372043951744389,ict_ob_bearish_mitigated,1,0.0006990376973281106,0.0004307962912899115,0.0009647085778843027,percentile_bootstrap_subsample_20000,10000,0.0002391470593794851,0.001158928335276736,0.004004835673342671,7.96203805359049e-07,0.00023464239034422344,3513,0.03600018738725307,0.02235709367937958,0.04964696368255098,0.7620819912840529,0.47583601743189435,-0.005055635039596995,-0.00010200064602446514,0.6453293588498432,-5.326436231571836e-05,0.0007285136806201694,0.0001428991567722916,-0.37274091407407395,1,496,0.006102606740331688,True,1.0,False,1.0,False,False,False,not_significant
54166,0.4727319720858103,-0.0007953300406644014,-0.0007825598943094203,0.0240647996995219,-0.3854463111388434,17.12506072242605,0.9011864812359859,-0.5246448399548573,-0.6605993862148671,-0.0007953300406644001,-1.0,-0.9871868452596583,-0.24004224738505908,-0.24004224738505908,0.9916007618848669,0.01336206628684211,-0.013645703955518985,0.009136919159789314,-0.009996547070812212,0.033878835009350905,-0.03234153414524554,0.8513632716912518,smc_internal_ob_bullish_mitigated,1,-0.0007492465522284286,-0.0010807075901584971,-0.0004186765177427033,percentile_bootstrap_subsample_20000,10000,-0.001552249018450161,5.375591399330384e-05,0.05222951458847527,1.4750947418978132e-14,0.00040970266097833046,4038,-0.031173256357152714,-0.044853753036199075,-0.017569146359841116,1.0,4.951018760507195e-45,-0.06976807024043441,-0.0015725800049933175,0.7663396223765682,-6.225396278147159e-05,-0.0007330760778829299,8.56495411595221e-05,-0.7268452572971023,-1,496,0.0644447226296615,False,1.0,False,1.0,False,False,False,not_significant
6791,0.483875717861876,-0.0007944677853561729,-0.0004382439083752132,0.022364141081073433,-0.8910614561068568,15.487101636101237,0.896004004448599,-0.5639288834079702,-0.6843752791920559,-0.0007944677853561734,-0.9993130366245638,-0.8347028941329138,-0.2326135472088181,-0.23245375022125536,0.9459031927669476,0.01302929741292447,-0.01347729839138398,0.009141758216691276,-0.009587153563703321,0.03258766279233194,-0.031933665336997485,0.8563141044662541,smc_swing_ob_bullish_mitigated,1,-0.0007944677853561729,-0.0013305427852870382,-0.00025948506692339245,percentile_bootstrap_full,10000,-0.0018544422679437397,0.00026550669723139403,0.1418262018871345,0.0034287784306250503,0.000540813240747058,2707,-0.03552418053866257,-0.0589543723840958,-0.011639709270714,0.9999999945656667,1.0868666553376416e-08,-0.07260795731706926,-0.001571717749685089,0.6095218137406968,-6.734093753526995e-05,-0.0007271268478209029,0.00024217005468770352,-0.27807293359251684,-1,494,0.16000904828292095,False,1.0,False,1.0,False,False,False,not_significant
51792,0.47293018226753164,-0.0008087791199035552,-0.000871403769688528,0.0221965884107425,0.22600277098772117,13.887353676569035,0.8957452227994506,-0.5784208934948443,-0.796398335839089,-0.0008087791199035558,-1.0,-0.9428836137857721,-0.23366106084424093,-0.23366106084424093,0.9885964157727422,0.01201825574902893,-0.013129266948638562,0.008714011083683249,-0.010057981553574846,0.030565213165379843,-0.031500705153783046,0.7930832887259672,ict_liquidity_sellside_pool_formed,1,-0.0004898386218151559,-0.0007879392811161158,-0.00018870503663804284,percentile_bootstrap_subsample_20000,10000,-0.0015489524291084737,0.0005692751854781617,0.13447076516439832,1.137156901037335e-16,0.0005403741126333533,3821,-0.02259732111926337,-0.036561624352389174,-0.008693328705498602,1.0,2.297990442668487e-50,-0.07356271359149363,-0.0015860290842324713,0.8722611295086422,-9.910479925214551e-05,-0.0007096743206514097,8.71523095724756e-05,-1.1371448414655065,-1,495,0.15368087447359807,False,1.0,False,1.0,False,False,False,not_significant
49450,0.5185439838220425,0.0006196066845447786,0.0007274852307095347,0.021139115292481043,-0.20270673833910424,14.355632998862006,1.0907346676556646,0.46529625539111075,0.6162314065610198,0.0006196066845447811,-0.9576507585754482,-0.3812758848921486,0.10919889003482781,0.1045743998774498,1.0003434669393287,0.01277113885371035,-0.012031584039872154,0.00969295839058737,-0.008996209364659558,0.0309929108630402,-0.03020751099545049,0.8987892216946842,ict_sweep_sellside_bullish,1,0.0006893091137669407,0.00040678230838770893,0.000976125379472649,percentile_bootstrap_subsample_20000,10000,1.0698838267528916e-05,0.0013679193892663524,0.07352633542490002,7.194815691632026e-11,0.00034623609183608055,3928,0.033180651365282504,0.019532116252563136,0.04709917336900872,0.9353517684817841,0.12929646303643164,-0.007498916747129935,-0.00015764327978413754,0.8740413457018468,-0.00010283698136505262,0.0007224436659098312,8.975870531572922e-05,-1.1457048205332299,1,496,0.08833197975960684,False,1.0,False,1.0,False,False,False,not_significant
44397,0.5112507601864991,0.0005998527253718119,0.00039127814920214554,0.01834419191626453,0.38843096199980653,21.206401865646484,1.1034696872559615,0.519094373361086,0.7153307074219935,0.0005998527253718126,-0.8670332898695989,-0.29189982421157834,0.13256182077878137,0.11493551158093096,1.0392488987783368,0.011294698858834322,-0.010659510380905575,0.008386641042437137,-0.008146652370914054,0.026954383047912644,-0.025975621254910618,0.9173268558938289,ict_liquidity_buyside_swept,1,0.00045842359949354423,0.0002044780193229026,0.0007200889743466966,percentile_bootstrap_subsample_20000,10000,3.116672396640631e-05,0.0008856804750206821,0.005928383845619518,5.651141147576201e-12,0.0002179922057380329,3861,0.024643967312257566,0.011073067686314976,0.038621850430321854,0.9667643771606634,0.06647124567867307,-0.009020476187886766,-0.00017739723895710425,0.8779881626101913,-0.00010766961809578041,0.0007075223434675923,9.24211906285271e-05,-1.1649884335351408,1,496,0.008694962973575294,True,1.0,False,1.0,False,False,False,not_significant
10504,0.4684881949733435,-0.0008298879280101728,-0.0008338232673928969,0.019161133894897216,0.15937079673024912,41.5694424020765,0.8745633343050268,-0.6875408581600654,-0.8923902916601334,-0.0008298879280101718,-0.9999753134380261,-0.9275310412024123,-0.2257171207342831,-0.22571154855459352,0.9813734468669697,0.010428217240909553,-0.011296176133011954,0.007725862246947379,-0.008618738646438695,0.02609931244311608,-0.02672137722777639,0.8078407800224369,smc_equal_highs,1,-0.0008298879280101728,-0.0012007837775456687,-0.00047484719620471,percentile_bootstrap_full,10000,-0.0014399809002976563,-0.0002197949557226893,0.007674375198611258,9.134122053288062e-06,0.00031127764198091574,2909,-0.04331100302113016,-0.06290317135540334,-0.024584907200009182,1.0,5.551151960794955e-17,-0.08014939492293842,-0.001607137892339089,0.7200197714885839,-0.00011373188891256503,-0.0007161560390976078,0.00019511381282275478,-0.5829002430283156,-1,495,0.011026041101678217,True,1.0,False,1.0,False,False,False,not_significant
26486,0.5112889828588688,0.0005798115533894192,0.0004417744898509435,0.019757991637810952,0.07851434678734845,19.021770413727236,1.0924382918432487,0.4658481101737363,0.632572086385507,0.000579811553389418,-0.7987433404798912,-0.27693302343317683,0.12719000043099782,0.101592165819894,1.0272566244522174,0.012409365936353936,-0.011455859223495412,0.008940546764137025,-0.008709634301966418,0.03008307376269248,-0.027905213216250502,0.9381125442578974,smc_internal_choch_bullish,1,0.0005729080164336843,0.00030709662646846795,0.0008478632611686683,percentile_bootstrap_subsample_20000,10000,2.3468245075967563e-05,0.001122347787791401,0.0386112244560002,1.798908470551807e-06,0.0002803315629050925,3582,0.028920049968512437,0.01544918315632087,0.04284932235827927,0.9378398856048253,0.12432022879034933,-0.009707222290796447,-0.00019743841093949692,0.8851474826013865,-0.00014836302040165442,0.0007281745737910736,0.00012352066492668317,-1.2011190231992086,1,496,0.04978443592861565,True,1.0,False,1.0,False,False,False,not_significant
16606,0.4636276044803083,-0.0008792759652154965,-0.0011889165543600422,0.025139347943598338,-0.017840064189754812,11.128348648204097,0.9011965694037617,-0.5552281331184361,-0.7590930901110124,-0.0008792759652154949,-0.9999999989657696,-0.9700801872580562,-0.26054621276232576,-0.260546212492861,1.0285510138135932,0.014900973901234777,-0.015261445238419056,0.010190918353915002,-0.011853548640564093,0.03800820825305451,-0.03658301802054875,0.8498045491879188,smc_internal_bos_bearish,1,-0.0008792759652154965,-0.0012660871129284593,-0.0005031299427376093,percentile_bootstrap_full,10000,-0.0024889023845020204,0.0007303504540710275,0.2843260746528514,6.614758347819622e-06,0.0008212530532634905,2944,-0.034976084789001126,-0.05061204592970145,-0.020128577106164548,1.0,1.1022786546767569e-16,-0.07165184085361193,-0.0016565259295444126,0.8327284354915985,-0.00015462570932151312,-0.0007246502558939834,0.0001602333378129791,-0.9650033596753063,-1,495,0.30606354213395626,False,1.0,False,1.0,False,False,False,not_significant
32983,0.469544917078495,-0.0008837999410493414,-0.0010490783377066215,0.024521689284330087,0.2914516438860787,30.026747032763573,0.8950583927100159,-0.5721420312370582,-0.7596769248251412,-0.0008837999410493437,-1.0,-0.9891677752232971,-0.2585297175146494,-0.2585297175146494,1.0015152635934568,0.013544400752218206,-0.014199981415185834,0.009377387102641244,-0.010978510140791764,0.03457743353500331,-0.03329835548252564,0.8275096298126923,ict_liquidity_sellside_swept,1,-0.0008536007714239694,-0.0011945105796854218,-0.0005052834599366954,percentile_bootstrap_subsample_20000,10000,-0.0019782684135318035,0.00027106687068386467,0.12351096743373804,6.013003543740414e-11,0.0005738205610449141,3727,-0.03451834104004013,-0.04852122745780765,-0.02030449832323749,1.0,8.267428261767326e-32,-0.07290104956637794,-0.0016610499053782576,0.944038364518065,-0.00017567826849103157,-0.0007081216725583099,0.00011051674806044392,-1.5896076529047838,-1,495,0.14301269913380193,False,1.0,False,1.0,False,False,False,not_significant
112426,0.512337003895896,0.0005309701263475541,0.0004539044725501151,0.018981622014136758,0.6559900827640528,22.382461058212016,1.0881521737865731,0.4440552783762912,0.6220178470679896,0.0005309701263475535,-0.8566806990782818,-0.29244634123723207,0.10816026395895138,0.09265881054084596,1.0218617922272488,0.011646794928163165,-0.01095799313062371,0.008522875917705064,-0.008229471550237843,0.027346663014778616,-0.027038793610157097,0.9176380866688717,ict_fvg_bullish_formed,1,0.0005203214357565383,0.00025680198374712626,0.0007808918024732619,percentile_bootstrap_subsample_20000,10000,-1.8040588571663287e-05,0.0010586834600847398,0.053229667632975625,6.759452401653306e-21,0.00027467954734280916,3906,0.02780556553070398,0.013709541052662436,0.04159573564114157,0.9997619956834727,0.00047600863305473633,-0.012334820310620418,-0.000246279837981362,0.9998719436447914,-0.00021595560170082565,0.0007469257280483798,5.9067708348136314e-05,-3.656068734341535,1,496,0.06505848266252576,False,1.0,False,1.0,False,False,False,not_significant
32613,0.5107472480299268,0.0004852658315055359,0.0003721521159021357,0.018551891272624382,0.19281298720509935,10.171350040247454,1.0818106683930055,0.41523293481624596,0.5648639374913276,0.0004852658315055349,-0.8475001242104392,-0.35639286232069484,0.09692126502411602,0.08214078414657122,1.0201116748783658,0.0117164885438884,-0.01094562548427612,0.008475108056214875,-0.00827072246421412,0.02806608063504598,-0.026587959420775006,0.9336643999661098,ict_ob_bullish_formed,1,0.0005389944191079144,0.00028446479149070897,0.0007961700318495713,percentile_bootstrap_subsample_20000,10000,0.00011042865045665369,0.0009675601877591751,0.026468296763031703,2.3249833231040783e-06,0.00021866002061836885,3713,0.029194231497323232,0.015403739048907066,0.04296757710551335,0.9957408634940502,0.008518273011899623,-0.014774103151715016,-0.00029198413282338024,0.9890658531349782,-0.00025393553697180193,0.0007392013684773378,0.00011076081726123174,-2.292647736364111,1,496,0.034635094649022896,True,1.0,False,1.0,False,False,False,not_significant
213004,0.5085021877523427,0.00043152570350952357,0.00034078139321724876,0.019535509495224444,0.2505712266785323,20.759120646391086,1.0694645646134802,0.3506567451739578,0.47040046487432946,0.0004315257035095244,-0.9758584761803434,-0.42792467177260235,0.06403903040384923,0.06249303062596699,1.0198781710735645,0.011810957333769034,-0.011259788435930378,0.008634903913654512,-0.008493954390932312,0.02846244305414401,-0.02736554554328554,0.9048282325457001,ict_displacement_bullish,1,0.0004771970370706955,0.00020754852723573847,0.0007575629276838048,percentile_bootstrap_subsample_20000,10000,-1.907832842959928e-05,0.0009734724025709902,0.08833531274864355,2.120427238909944e-24,0.000253206367821192,4054,0.023799728158320054,0.010343172597630061,0.03758539253142265,0.9999999966447641,6.710471730534638e-09,-0.0170883362057084,-0.00034572426081939256,0.9999999999999575,-0.0003099061337219952,0.0007414318372315188,4.1529008487790936e-05,-7.462401463620402,1,496,0.10504739894433286,False,1.0,False,1.0,False,False,False,not_significant
58488,0.5038811380112159,0.0003706467321146048,0.00019174237225783042,0.01873483565677934,0.3572639178416706,17.297549190229336,1.0619031441831839,0.3140585042962478,0.4343434425744526,0.00037064673211460297,-0.9383886699502697,-0.4639924994826613,0.05376964381581927,0.05045682454402639,1.0288616734758451,0.011624511742876553,-0.010969710248384546,0.008328222749036551,-0.008370204119551972,0.027741365207112147,-0.02657334893543216,0.9215617233091166,smc_internal_ob_bullish_formed,1,0.000358852171118343,9.550633501346165e-05,0.0006229451076558456,percentile_bootstrap_subsample_20000,10000,-4.18060951722385e-05,0.0007595104374089245,0.06980841356422092,1.7176384493766833e-06,0.0002044212374771075,3904,0.01896546958474805,0.005111861898349699,0.03305376994422016,0.9999980252903704,3.949419259116047e-06,-0.02048447063103297,-0.0004066032322143113,0.9999960549327147,-0.0003674662038316432,0.000738112935946248,8.224135998484322e-05,-4.46814357033208,1,496,0.08415260813221151,False,1.0,False,1.0,False,False,False,not_significant
190920,0.4574900481877226,-0.0011120999201006004,-0.00128446788448644,0.022515652108483115,0.18111750860367162,26.18658139328744,0.8583642349973872,-0.7840785087985309,-1.0423485673765396,-0.0011120999201006008,-1.0,-0.9980058209836713,-0.29157541168984524,-0.29157541168984524,1.005116766610503,0.012480031563881226,-0.013231179419991829,0.00856432153465675,-0.010167543795145062,0.03222356299231639,-0.030867413985660043,0.8262433133210084,ict_displacement_bearish,1,-0.0012081731026668478,-0.0015151652613815607,-0.0009001310038011279,percentile_bootstrap_subsample_20000,10000,-0.0019263009924217192,-0.0004900452129119764,0.0024036065002191655,3.550689163713998e-103,0.000366398510255735,4078,-0.05373795790495149,-0.06759761417658833,-0.03984210377445067,1.0,1.6501729589940082e-177,-0.08696653508821742,-0.0018893498844295164,1.0,-0.0003795363149789681,-0.0007325636051216323,4.430702420754509e-05,-8.566052940073924,-1,496,0.0037940335788212835,True,1.0,False,1.0,False,False,False,not_significant
36614,0.5076746599661331,0.00034628906465544046,0.0003180274798492144,0.019495777632998496,0.42339583710830436,24.363253892483,1.0549963521521553,0.2819671307500083,0.38568069090021984,0.0003462890646554395,-0.9349137628876324,-0.455788386739836,0.042995829798053255,0.04019739302497416,1.0056178915123672,0.012055104088570967,-0.011385912337128788,0.008817220118553015,-0.008629896156751027,0.028916523360893558,-0.02797867846116474,0.9152469871775994,ict_mss_bullish,1,0.00042227223155214287,0.00015840960038063245,0.0006923859301266799,percentile_bootstrap_subsample_20000,10000,-0.00013297592614717855,0.0009775203892514643,0.22157086362775624,0.0006776167262260964,0.00028329507975622076,3756,0.021742404892070147,0.008201815763526884,0.03548741307275818,0.9999539117531243,9.217649375145362e-05,-0.021321587489031787,-0.00043096089967347567,0.9998773724064788,-0.0003852115582752563,0.0007315006229306968,0.0001050434404695959,-3.667164332710077,1,496,0.24221411179183291,False,1.0,False,1.0,False,False,False,not_significant
80902,0.503782353959111,0.0003031934304968458,0.00018844734036438382,0.017875875481041994,0.512376312952703,21.50635859405723,1.0535711411638973,0.269248155289715,0.3672823747781856,0.000303193430496845,-0.9937701174484574,-0.5692907269815718,0.037145838110143305,0.036914423901438495,1.0217238598155665,0.01080802265106311,-0.010592506611618847,0.00783165097619154,-0.008092573953317195,0.02579136804518076,-0.025039808071615332,0.8984705933888871,ict_bos_bullish,1,0.00043400202156798054,0.00018317045312591683,0.0006821558297469088,percentile_bootstrap_subsample_20000,10000,6.181790714059233e-05,0.0008061861359953688,0.11034348167823854,1.4076840157056454e-06,0.00018989334213658423,3896,0.024216119889199472,0.010266517009921674,0.03791200640362722,0.9999999998208841,3.5823183677519625e-10,-0.024374045108492833,-0.00047405653383207033,0.9999999998979424,-0.0004406022098821562,0.000743795640379002,6.92965537863256e-05,-6.3582124334890215,1,496,0.1290395533247175,False,1.0,False,1.0,False,False,False,not_significant
32002,0.4977501406162115,0.0001975344436237375,0.0,0.017842178214916873,0.661140966756628,14.714205937148478,1.0343434174533566,0.17574995840843402,0.24796141167742386,0.00019753444362373852,-0.9286986842076628,-0.6878963556250146,0.010698273425915453,0.009935472453941486,1.027265544862333,0.010974938335950675,-0.010567355965690136,0.007820613785105235,-0.008142954701749305,0.025842919131583923,-0.025447607161599627,0.9065937135736242,smc_internal_bos_bullish,1,0.00021045709644924388,-3.4387552895127225e-05,0.0004570050300307818,percentile_bootstrap_subsample_20000,10000,-0.0001888125240757729,0.0006097267169742607,0.3322102277841994,0.04765148224888708,0.00020371273172620354,3644,0.011850859675926095,-0.001940982595840815,0.025688279548196455,0.9999999574548503,8.509029957196617e-08,-0.029830335639096418,-0.0005797155207051786,0.9999995480273683,-0.0005488038363648192,0.0007463382799885568,0.00011173914332583355,-4.911473455318128,1,496,0.35328700960736614,False,1.0,False,1.0,False,False,False,not_significant
84892,0.45862978843707297,-0.001424052588919327,-0.0012993341065321573,0.022454434407937235,-0.30454712020520275,18.007231251806573,0.8236928340308936,-1.0067558867997382,-1.2874130318416135,-0.0014240525889193268,-1.0,-0.9942991319189534,-0.3452183595531939,-0.3452183595531939,0.9614192518030495,0.012259749403821138,-0.013684568236874266,0.008515284886177421,-0.01052661927051246,0.032005951588366256,-0.031930955841601286,0.7866264559483335,ict_volume_imbalance_bearish,1,-0.0015157533746846734,-0.0018378413753676163,-0.0011932239234038432,percentile_bootstrap_subsample_20000,10000,-0.0025034057507613756,-0.0005281009986079712,0.004713532101526269,4.373323195248263e-76,0.000503913529063137,3778,-0.06603386860490794,-0.08036615166758614,-0.05186254540162427,1.0,1.6262379720857268e-138,-0.10147375495604642,-0.0022013025532482433,1.0,-0.0006957066456064803,-0.0007283459433128467,6.819540696525789e-05,-10.201664255202813,-1,496,0.007151565947143304,True,1.0,False,1.0,False,False,False,not_significant
42608,0.45911565903116786,-0.0014764434836069072,-0.001342619204599993,0.02692765303196925,0.5027905797021346,30.58157993294475,0.8389008697989494,-0.8703994242264063,-1.1147653497353593,-0.001476443483606908,-1.0,-0.9910712467682973,-0.37131739289657745,-0.37131739289657745,0.9742863133095967,0.014272196438262644,-0.015423289565426749,0.009666889206516982,-0.011627979164847035,0.03600990866718991,-0.035823539727869204,0.8082789846194678,ict_bos_bearish,1,-0.0014013426045534456,-0.0017814500708786623,-0.0010180280878674284,percentile_bootstrap_subsample_20000,10000,-0.0029461476132733684,0.000143462404166477,0.061036542924882024,1.1804070486618254e-29,0.0007881802975564463,3607,-0.05098002066426921,-0.06567082050827754,-0.03671802301737603,1.0,1.3023013714761042e-60,-0.09349505416447892,-0.002253693447935823,0.9999999999999823,-0.0007502343776760109,-0.0007262091059308962,9.90171950918511e-05,-7.576809027766063,-1,496,0.0738311447063865,False,1.0,False,1.0,False,False,False,not_significant
117776,0.5004415160983562,-0.0001228709258249172,6.397781035072381e-05,0.01897996302606789,0.5304529081948854,30.871665494386463,0.9802250199773229,-0.10276708526139106,-0.13619074252160454,-0.00012287092582491648,-0.9999999999999998,-0.983051856061291,-0.07347827239427995,-0.07347827239427994,0.9665710542256877,0.01078349789037407,-0.011109703818964084,0.007868801523326474,-0.008260107180449616,0.025955726656079037,-0.027085381377783213,0.8463682954909036,ict_volume_imbalance_bullish,1,-0.00025550073086127626,-0.0005150039913023353,7.369729778886884e-06,percentile_bootstrap_subsample_20000,10000,-0.0007748255582931997,0.0002638240965706472,0.6428465968995523,0.026306602762361492,0.000264966513380819,3881,-0.013628956915862106,-0.02742841091275563,0.00040484879550660506,1.0,2.0678456655233e-38,-0.045083950251398025,-0.0009001208901538334,1.0,-0.0008523663907768554,0.0007294954649519382,5.642164874243516e-05,-15.107080522724678,1,496,0.6616432810194223,False,1.0,False,1.0,False,False,False,not_significant
131146,0.46832537782318945,-0.0016128717442753261,-0.0009253418424483018,0.020779769812461744,-0.8961156369714162,14.496218040166749,0.7913507257134793,-1.2321380565350766,-1.4984395036573377,-0.0016128717442753246,-1.0,-0.9957951762403775,-0.37013754264982707,-0.37013754264982707,0.8873657309727125,0.01109678917552302,-0.013334563196473328,0.008055287773559516,-0.009689672561093543,0.028833183895192516,-0.03159208751582743,0.7465787309856519,ict_nwog_gap_down,1,-0.0016410769310990147,-0.0019302929290224927,-0.0013527051754030303,percentile_bootstrap_subsample_20000,10000,-0.00289768724042463,-0.00038446662177339923,0.011881878525234538,2.5353269380132074e-173,0.0006411394848709545,853,-0.07879046694739952,-0.09223249642035453,-0.06530788367242796,1.0,3.541496397403694e-247,-0.11467685066764641,-0.0023901217086042424,1.0,-0.0008823092130685252,-0.0007305625312068009,5.405317012410649e-05,-16.322987366749008,-1,496,0.016531309252500227,True,1.0,False,1.0,False,False,False,not_significant
1249,0.46196957566052843,-0.0016610563989402757,-0.0014836699932461173,0.02905540411406875,0.5207722069230063,7.489753857487326,0.8456111428524977,-0.9075231846017607,-1.296110248656475,-0.0016610563989402725,-0.9350714863076708,-0.7935782027272719,-0.436767234668541,-0.40840858729200386,0.9760433641936976,0.017445921962761707,-0.019253306872908157,0.013328606406955767,-0.015240685516363595,0.04095545542882848,-0.04454661586489421,0.7968058936997358,smc_swing_bos_bearish,1,-0.0016610563989402757,-0.0032698850888582326,-3.6384761125665494e-05,percentile_bootstrap_full,10000,-0.00418223875813524,0.0008601259602546883,0.19659857579574014,0.043554543481318785,0.001286341156875822,668,-0.057168587035276684,-0.11463862606295841,-0.0012211423156395624,0.9984427012949814,0.003114597410037287,-0.09633680737926181,-0.002438306363269192,0.9442916765959473,-0.0009699980710540551,-0.0006910583278862206,0.0006093496773861163,-1.5918578560917378,-1,445,0.21625843337531417,False,1.0,False,1.0,False,False,False,not_significant
20574,0.45878292991153885,-0.003252622671109646,-0.0017651211255191868,0.03447918357388897,-0.3067675201085511,14.309489447103449,0.7390281768705218,-1.497535000162322,-1.8018501300721435,-0.0032526226711096454,-1.0,-0.9895616817257185,-0.6225685930394589,-0.6225685930394589,0.862734556725954,0.017743984813136472,-0.020245448981071154,0.01144193828424983,-0.01400224876867695,0.04556987070409096,-0.04866824679905635,0.7685386183832343,ict_ob_bullish_mitigated,1,-0.0032846001315311904,-0.003760142734075083,-0.0028047658117219725,percentile_bootstrap_subsample_20000,10000,-0.00648924533096802,-7.99549320943606e-05,0.04666732017703184,1.541272384984468e-41,0.0016350530925245718,3031,-0.09510064205061061,-0.1087788517399949,-0.08117469956036123,1.0,6.755524219875936e-61,-0.14134194608275455,-0.004029872635438562,1.0,-0.002534776325164207,-0.0007178463459454389,0.00014154158180530474,-17.908350979508466,-1,496,0.05845870712567689,False,1.0,False,1.0,False,False,False,not_significant
3910,0.46010230179028133,-0.003266127315895722,-0.001668290795739158,0.03448203878283002,0.133352074402255,9.820627815017406,0.7473564121893431,-1.5036281379808416,-1.9265658033026987,-0.0032661273158957217,-0.999999791192537,-0.9534568745623085,-0.6231084463163896,-0.6231083162066958,0.8678307643488259,0.018502237721287465,-0.020885804362963712,0.012702409448792695,-0.015057576990419097,0.04698567429312601,-0.05210833532653827,0.7675548650708985,smc_swing_ob_bearish_formed,1,-0.003266127315895722,-0.004338385513495005,-0.0021623697938349764,percentile_bootstrap_full,10000,-0.0074420011098533245,0.0009097464780618799,0.12528308698104137,3.43733919469009e-09,0.00213058698729038,1412,-0.09471966946229574,-0.12603356175785824,-0.06220246002371408,0.9999999999998405,3.189767593940556e-13,-0.14180701522702938,-0.0040433772802246385,0.9999999999999936,-0.0025593400578198815,-0.0007067872580758405,0.0003320359207442433,-7.708021626344638,-1,494,0.14458900530271004,False,1.0,False,1.0,False,False,False,not_significant
2661,0.4592258549417512,-0.004019503330656095,-0.0017382601192903469,0.036734844113245554,0.06435925543673669,9.692354035175825,0.7117772867276825,-1.7369785766550694,-2.177324834071605,-0.004019503330656097,-0.9999971356512888,-0.9253901339474039,-0.6949941913424638,-0.6949922006367475,0.8288535834807627,0.018998043201332068,-0.021652053654613236,0.012356964305628493,-0.015043772356116092,0.04882015361748737,-0.05511435158056033,0.7555989568311661,smc_swing_choch_bearish,1,-0.004019503330656095,-0.005405325729882423,-0.002644464243555648,percentile_bootstrap_full,10000,-0.00945952555786173,0.0014205188965495403,0.14756926385015134,1.83302126820616e-08,0.0027755725243961806,1079,-0.10941936539229181,-0.1480465301529912,-0.0714981555748039,0.9999999999892467,2.1506584458580124e-11,-0.16049713005708321,-0.004796753294985011,1.0,-0.0033053333466100043,-0.0007141699840460909,0.00039555167130296434,-8.356261865161871,-1,493,0.16595648841933955,False,1.0,False,1.0,False,False,False,not_significant
2660,0.4838345864661654,0.0021006210603770536,-0.001036460723656707,0.043891765947872696,0.5236591890320202,12.462671111125843,1.1568331977299582,0.5372172299952985,0.8267841525136512,0.0021006210603770493,-0.7545598242603259,-0.3307902802506168,0.2042349256457162,0.15410746960305233,1.2242477197421935,0.03050620921864915,-0.02925934232008455,0.019137481385977484,-0.02079070150505502,0.07476861813942828,-0.0678884956580978,0.9589897295872447,smc_swing_choch_bearish,2,0.0021006210603770536,0.00042473119796568884,0.003776615290364681,percentile_bootstrap_full,10000,-0.003472318927651219,0.007673561048405326,0.4600444068587698,0.013636503469765072,0.0028433889540972553,1078,0.047859114688432,0.009661145172467205,0.08592585117030672,0.2702122846143692,0.5404245692287384,0.013988734294817765,0.000522289127187491,9.829389625623015e-11,0.003515811884617734,-0.00141519082424068,0.0005524546238967056,6.3639830902657035,-1,493,0.481951283375854,False,2.3066300988128676e-09,True,1.0,False,False,True,significant_but_negligible_effect
3909,0.4829879764645689,0.0015586914694045533,-0.0009158207596895451,0.04193167438015306,0.49316257535980595,10.887963475397587,1.1161835565554201,0.41725661112351137,0.6453116440753551,0.0015586914694045526,-0.7727737525124952,-0.36238804616712256,0.11594883442141414,0.08960221587528618,1.1829890342517986,0.02911751418299919,-0.028543113277688208,0.018987344500864922,-0.021122867847982008,0.06952161548606688,-0.0658015750418123,0.9414071283994727,smc_swing_ob_bearish_formed,2,0.0015586914694045533,0.00025466831422578135,0.002881572488471709,percentile_bootstrap_full,10000,-0.0028481075803767197,0.005965490519185827,0.4881575551254459,0.020172307425652333,0.0022484081594260266,1411,0.03717217336167972,0.006118557889014671,0.06832037627330807,0.5116356544717957,0.9767286910564086,-0.0005426667623700331,-1.9640463785009334e-05,9.10030802619645e-11,0.0029593694135418404,-0.0014006779441372874,0.0004641563077106706,6.375803504940296,-1,494,0.5098856362141156,False,2.288077446586536e-09,True,1.0,False,False,True,significant_but_negligible_effect
1249,0.4811849479583667,0.0004045419802237283,-0.000852895084469063,0.03740722129538313,0.3387025708641961,3.201944189655226,1.0300503009794528,0.12139293720416672,0.19031350939348984,0.0004045419802237264,-0.7670086976240486,-0.3617010346165018,-0.04695115324721725,-0.03601194290409522,1.0951782734207494,0.026160005139901576,-0.027017757590919376,0.018692996590905397,-0.021802884805028455,0.058761066249715464,-0.061931690671608974,0.9004076832587435,smc_swing_bos_bearish,2,0.0004045419802237283,-0.001652876835596858,0.002461763044867597,percentile_bootstrap_full,10000,-0.0030451479548638397,0.003854231915311296,0.8182136270828632,0.7023789538521328,0.0017600782132159406,668,0.010814542385527514,-0.044673647939504915,0.06544566669257106,0.8657996034419744,0.26840079311605114,-0.03491174888467849,-0.0011737899529658342,0.018786166200518428,0.0017743117889927008,-0.0013697698087689724,0.000853243706717734,2.079490039039538,-1,445,0.8300034487987545,False,0.15378443029261596,False,1.0,False,False,False,not_significant
22492,0.46798861817535126,-0.0006442998425202752,-0.0017077686521429492,0.03269802677136572,0.33029136500067874,6.185292168381089,0.9455897039979443,-0.22118300427606355,-0.3332248682881111,-0.000644299842520275,-0.9999999999980934,-0.9804103898065575,-0.13799251316860942,-0.13799251316834632,1.0664160532167581,0.02200758702971575,-0.02177256555833606,0.015066682210101379,-0.016994902753656227,0.05271725523093071,-0.04885601477539452,0.9411388635645689,ict_ob_bearish_formed,2,-0.0006593934875283818,-0.0011135774132315858,-0.0002095082306452736,percentile_bootstrap_subsample_20000,10000,-0.0026970030520704065,0.0013782160770136431,0.5354236943498114,0.0031283420903507834,0.0010396158115873683,3175,-0.020224922321312913,-0.034270182571240974,-0.006424426452713747,1.0,8.244810562790121e-23,-0.07153628150907362,-0.0022226317757098376,1.5710728252170885e-05,0.0007879373318313394,-0.0014322371743516146,0.00018927552214057113,4.162911944029161,-1,496,0.5576010071335314,False,0.00025137165203473416,True,1.0,False,False,True,significant_but_negligible_effect
6790,0.4690721649484536,-0.0009004208568144115,-0.0013277429590906609,0.02975409440909967,0.019187268902030388,15.660831460645284,0.912119288033341,-0.3396910324793423,-0.46231353220980725,-0.0009004208568144118,-0.9999071656087635,-0.9142582881507272,-0.1562304514620805,-0.1562159479032264,1.023234604754514,0.018933024194519848,-0.019576428524623983,0.013144835659096521,-0.013821676269043959,0.04457316958926495,-0.04365883354676683,0.9123765427352156,smc_swing_ob_bullish_mitigated,2,-0.0009004208568144115,-0.0015936677688327887,-0.00020070117827582532,percentile_bootstrap_full,10000,-0.0023397579357152007,0.0005389162220863776,0.22015548508972582,0.012667699885271274,0.0007343691409131949,2706,-0.030262082402314237,-0.053637172864263366,-0.006734025206309436,0.9999999999932822,1.3435805341792605e-11,-0.0838730391362653,-0.002478752790003974,0.05482457952776343,0.0005403885785296958,-0.0014408094353441073,0.00033779098398137086,1.5997720606998147,-1,494,0.24141660670275228,False,0.3641179621466552,False,1.0,False,False,False,not_significant
147587,0.5271399242480707,0.001962497720758497,0.0013055770008221224,0.027979012986038523,0.7477528890734316,15.374145240029652,1.2317609841351425,0.7873395066223953,1.15340868372914,0.001962497720758495,-0.836070518000998,-0.18044424115202426,0.26228802445441485,0.21929128447106103,1.0939856389000624,0.018559501255082756,-0.016447188317159155,0.013184569144436997,-0.011917885937275052,0.04280413929004817,-0.039058542132906646,1.0399412655185285,ict_nwog_gap_up,2,0.0019475672056257197,0.0015563189831140178,0.0023391801623953343,percentile_bootstrap_subsample_20000,10000,0.0006484943933855924,0.003246640017865847,0.003067413686784251,1.5346310238730402e-159,0.0006628044251017505,854,0.06890833900662537,0.05521210947522066,0.08257076351107963,2.0720454549050738e-05,4.1440909098101475e-05,0.01339788157486778,0.00038416578756893423,1.2986714905456158e-12,0.0004975189910580693,0.0014649787297004275,7.109495981092726e-05,6.997950239808715,1,496,0.004772681304996695,True,3.80943637226714e-11,True,0.0010419428573236942,True,False,True,significant_but_negligible_effect
16606,0.4701914970492593,-0.0010099786843241873,-0.001569363864458051,0.03371671742289984,0.058063704051535124,8.363138586482581,0.9174654371772942,-0.3362421813446636,-0.4759033176305543,-0.0010099786843241892,-0.9999999999977885,-0.9786666081742221,-0.18082577867801755,-0.18082577867761768,1.02592094415919,0.022149730105204202,-0.02255686221096318,0.01522310971344959,-0.01708816323016471,0.053116625154654984,-0.051304893296337695,0.9157476373401663,smc_internal_bos_bearish,2,-0.0010099786843241873,-0.001510342314287069,-0.0004977470091403981,percentile_bootstrap_full,10000,-0.003063543537872377,0.0010435861692240022,0.3350739188432478,0.00011376616271497391,0.0010477564146832235,2944,-0.029954834323172468,-0.04487354550328546,-0.01472629473952971,1.0,5.526548063482173e-22,-0.08188345418343744,-0.00258831061751375,0.028457425314672418,0.00042622774145608636,-0.0014362064257802737,0.000223863320535294,1.9039641708025492,-1,495,0.35525909467717837,False,0.20868778564093107,False,1.0,False,False,False,not_significant
54146,0.468270971078196,-0.0010503565515642699,-0.0014387148410349715,0.03179927846379844,-0.049224035567661355,13.84417788232458,0.9049235518240794,-0.3707701438302452,-0.5021468251627477,-0.0010503565515642688,-1.0,-0.9898111431944012,-0.1787558610789669,-0.1787558610789669,1.018882175408157,0.019672896457438926,-0.02028817194139629,0.013312311063072624,-0.014580647342093633,0.04654282796136194,-0.046028764490871676,0.9030891681650044,smc_internal_ob_bullish_mitigated,2,-0.00073141656579773,-0.001162794307044484,-0.0003028957816145141,percentile_bootstrap_subsample_20000,10000,-0.00181429674665781,0.00035146361506235,0.05728921596820132,1.5430526266583726e-14,0.0005525000361537661,4037,-0.02357915730122484,-0.03761633286985492,-0.0097435819409863,1.0,1.153769119063005e-69,-0.08590480419855684,-0.0026286884847538322,0.00038637102126046316,0.00040183330757423896,-0.0014521898591385088,0.00011950865790557952,3.362378212729293,-1,496,0.0695372552441616,False,0.005440103979347321,True,1.0,False,False,True,significant_but_negligible_effect
20573,0.4622077480192485,-0.0010251317425099512,-0.0022985573838514295,0.0427720157406803,0.1277281592305984,11.445516137040109,0.929506484924856,-0.2690328026647589,-0.37149226328128354,-0.0010251317425099497,-1.0,-0.986303776593602,-0.21801343971275136,-0.21801343971275136,1.0741767549520709,0.026942848254722873,-0.02852974024522247,0.017075758537324237,-0.019702160603634056,0.06522917669791742,-0.06495912844531793,0.8846939431993607,ict_ob_bullish_mitigated,2,-0.0010107799272124688,-0.0016100260365227424,-0.00041612220796612045,percentile_bootstrap_subsample_20000,10000,-0.004737740659148891,0.0027161808047239527,0.5898147491279736,0.0005878243021207042,0.0019015455038645717,3030,-0.023758577619910504,-0.038011459062944966,-0.00975637311952612,1.0,1.1535459174955947e-17,-0.07097604970414106,-0.002603463675699514,0.022214754754596677,0.00039720262707594427,-0.0014223343695858954,0.0001976116873139074,2.01001586735599,-1,496,0.6106317402736667,False,0.1737687483026229,False,1.0,False,False,False,not_significant
49436,0.5423577959381827,0.0018074027566634492,0.0021840119078511133,0.029395774350602484,-0.0004484367248565373,10.729883518125588,1.1951216357794578,0.690168776779317,0.929285566034821,0.0018074027566634503,-0.8862396677597675,-0.2495954660628599,0.21307116344770785,0.18883211710308373,0.9997086396860243,0.01941742460729782,-0.017907867780484883,0.014630268547302427,-0.012918771619001068,0.04430673948899089,-0.042782303971863,0.9900346840104336,ict_sweep_sellside_bullish,2,0.0018231334664338295,0.0014040852095265042,0.002242574103076165,percentile_bootstrap_subsample_20000,10000,0.0008036872551984028,0.0028425796776692562,0.0005110985819755977,1.814645301313669e-42,0.0005201351714804081,3927,0.061272317647930896,0.047431561979484435,0.07531063130472594,0.056788172374999335,0.11357634474999867,0.007798475874309185,0.00022907082347388657,0.0013400767431066976,0.0003760016899261435,0.0014314010667373057,0.00012524107331882112,3.0022234716000176,1,496,0.0009419198997665466,True,0.015216355276566373,True,1.0,False,False,True,significant_but_negligible_effect
36626,0.4659531480369137,-0.0010744829598333117,-0.0016023951034159767,0.028806003734613707,0.10242904807499507,6.447681428555015,0.8995568267607801,-0.4186988734010472,-0.6077372710385652,-0.0010744829598333117,-1.0,-0.984485006398237,-0.17134440290802475,-0.17134440290802475,1.0230574505215035,0.019465617446945572,-0.019324081700576486,0.0136112812947623,-0.015141412876497173,0.04655764539798973,-0.0429927898601965,0.9394972230274256,ict_mss_bearish,2,-0.000976685243351304,-0.001386112582932713,-0.0005828727888519085,percentile_bootstrap_subsample_20000,10000,-0.002286739374972097,0.0003333688882694889,0.10793872243667536,9.605753889317637e-13,0.0006684072419803593,3548,-0.03381219653753572,-0.04803478668264637,-0.02021827239629869,1.0,2.3631182569330563e-60,-0.09122415369485583,-0.0026528148930228743,0.00535677043244242,0.00037390060443432327,-0.001448383564267635,0.00014651817089246874,2.55190603429477,-1,496,0.12664810099236576,False,0.05096170789783059,False,1.0,False,False,False,not_significant
32979,0.4667818915067164,-0.0011880869523815565,-0.001664946222237118,0.032441062055605305,0.1791019150937724,11.076562180798497,0.8988679635748289,-0.41109144150908833,-0.5814258065303279,-0.0011880869523815535,-1.0,-0.9874450293259666,-0.19465297606123536,-0.19465297606123536,1.0192697916176572,0.02038696669527768,-0.021244425603174494,0.01392276205444909,-0.015982695207430453,0.04835246761672314,-0.047866055135405226,0.8941432034554465,ict_liquidity_sellside_swept,2,-0.0010717014476481984,-0.001524261040534683,-0.0006293734011257187,percentile_bootstrap_subsample_20000,10000,-0.0025345417874158573,0.0003911388921194604,0.11142067694087916,2.961136790610246e-11,0.0007463608207944936,3726,-0.03289446353013955,-0.046966501940601806,-0.019248846435911952,1.0,7.953851175108792e-49,-0.0894267788618325,-0.002766418885571119,0.0821169593577189,0.00021446634082520092,-0.0014025532932067574,0.0001541845136913156,1.3909719964131564,-1,495,0.12986780888473334,False,0.49836499472270784,False,1.0,False,False,False,not_significant
42391,0.5326602344837348,0.0016456197239010867,0.0016814483378355671,0.02977486665713743,-0.06342838673774083,7.926041686098353,1.1735568984854508,0.6203902035893146,0.8450601291189085,0.0016456197239010876,-0.7484646271287914,-0.2360947994626656,0.21803112165600597,0.16318858217273466,1.0185725463471154,0.02012813226194932,-0.018629590266186418,0.015003226037550998,-0.013491577684261236,0.046086173845256484,-0.044513868490433484,0.9908175150677857,smc_internal_ob_bearish_mitigated,2,0.0015509653845650776,0.001142462592933175,0.001966181755600393,percentile_bootstrap_subsample_20000,10000,0.0006364656413475057,0.0024654651277826495,0.00042044464065491666,5.859565539126582e-30,0.0004665900716633427,4047,0.052006562026447496,0.0381459627272214,0.06609771224051382,0.33329304754756406,0.6665860950951281,0.002275997460159846,6.728779071152411e-05,0.06872730034989756,0.00020344115323559886,0.0014421785706654879,0.00013696633586310144,1.4853369037990425,1,496,0.0007914252059386666,True,0.43200017362792753,False,1.0,False,False,False,not_significant
42986,0.46510491788024005,-0.0012919154975925397,-0.0017619394429300161,0.031419471801891995,0.0011862583884883324,7.768673386414097,0.8890793756116838,-0.46155185502167867,-0.6534432350125351,-0.0012919154975925395,-1.0,-0.993937924827282,-0.2019448662273729,-0.2019448662273729,1.014483459002118,0.02065816041316699,-0.021137420167445388,0.014286840191986006,-0.01628158596752871,0.04987781981286393,-0.04761093948484818,0.91182095764891,smc_internal_ob_bearish_formed,2,-0.001455877647461038,-0.0018997594012620815,-0.0010172647794940892,percentile_bootstrap_subsample_20000,10000,-0.003017739647098905,0.00010598435217682865,0.10497239281165692,1.5758732326513592e-17,0.0007968830037887771,3657,-0.04644971677621681,-0.060578705766768645,-0.03257391837716419,1.0,1.5436922750357706e-69,-0.09440604381378971,-0.002870247430782102,0.13674524531256194,0.00014899939858400513,-0.0014409148961765448,0.00013606509403935366,1.0950596818086975,-1,496,0.12357953936355597,False,0.7640369261908222,False,1.0,False,False,False,not_significant
9360,0.5353632478632478,0.0015259499050975154,0.0015904724363835498,0.0271267521938681,0.7072977855250239,38.10927820296945,1.1850542212135522,0.6314336887936488,0.8669095911992023,0.0015259499050975147,-0.7453229184705814,-0.2226219480595475,0.2106315983841733,0.15698855762981545,1.019747316278754,0.01746776045979221,-0.015704926084878876,0.012848123479241358,-0.011193787235288744,0.039304755755155886,-0.03759787044280351,1.0176246486550151,smc_equal_lows,2,0.0015259499050975154,0.0009661955799664827,0.002085032513031924,percentile_bootstrap_full,10000,0.0005787286511786539,0.002473171159016377,0.0015915372356686021,5.3933294685859444e-08,0.00048328502662235706,2629,0.05625258395077796,0.035702214457729656,0.07657721907584984,0.5725282898634356,0.8549434202731289,-0.0018534975065349051,-5.238202809204726e-05,0.36977880666129137,9.742486065212339e-05,0.001428525044445392,0.00029306065364433564,0.33243923891045496,1,495,0.002680483765336593,True,1.0,False,1.0,False,False,False,not_significant
42603,0.4633241790484238,-0.0013672728059216431,-0.0019429602629716936,0.035041520961651786,0.41308322869487757,15.11407536623895,0.8889246857600834,-0.4379832484677656,-0.615105193331288,-0.001367272805921643,-1.0,-0.9947681172000752,-0.22124703124029518,-0.22124703124029518,1.0210091937561483,0.0215536123469671,-0.022726949607156977,0.014509849288156795,-0.016839810036413327,0.05082679584219747,-0.050885342372424036,0.8844706088451828,ict_bos_bearish,2,-0.001131253182336891,-0.001619028306322076,-0.0006482346758394877,percentile_bootstrap_subsample_20000,10000,-0.002935464804848333,0.0006729584401745509,0.1374629109376948,8.243501165829506e-16,0.0009205330416841544,3606,-0.03221055990189129,-0.046433717760363404,-0.018296741704870126,1.0,3.179605703169292e-60,-0.09113284157525607,-0.0029456047391112055,0.3014331921807577,7.196486498274764e-05,-0.0014392376709043907,0.000138318709668829,0.5202829404283069,-1,496,0.15608691822602763,False,1.0,False,1.0,False,False,False,not_significant
26380,0.4619029567854435,-0.0014693924771654833,-0.0018844717892751994,0.02988223372926997,-0.055119652722891675,6.852588511440386,0.8696874903768695,-0.5519630760605735,-0.7824985396379024,-0.0014693924771654841,-1.0,-0.9806943208052203,-0.214959020933259,-0.214959020933259,1.0050832367244216,0.01971922916578374,-0.02024389270062748,0.01381474077051642,-0.015834973109983608,0.04793246755812994,-0.04522554627666324,0.9090647417710046,smc_internal_choch_bearish,2,-0.0016367727083808938,-0.0020515286189530546,-0.0012218941550658077,percentile_bootstrap_subsample_20000,10000,-0.0030768869857283492,-0.00019665843103343827,0.045520677538044195,1.443237170357271e-15,0.0007347656780162571,3357,-0.05517121985865739,-0.06904673717538923,-0.041155002497339034,1.0,7.542506569251441e-56,-0.10290038262323001,-0.003047724410355046,0.5587060889951837,-2.5513636356625175e-05,-0.001443878840808858,0.00017275186871668554,-0.14768949561100114,-1,496,0.057637692422271784,False,1.0,False,1.0,False,False,False,not_significant
65600,0.461234756097561,-0.0014672901717213574,-0.0017259711205723782,0.027494974117924273,-0.22799417894554538,9.291905587162288,0.8565044448460075,-0.5990291628588551,-0.8210026624390234,-0.0014672901717213537,-1.0,-0.9918745373527562,-0.20802229054258956,-0.20802229054258956,0.9933719132278844,0.017123485427457927,-0.018278539138728348,0.012124018436715567,-0.013786474506972124,0.041679213392570955,-0.04080583910408577,0.8763006307846593,ict_sweep_buyside_bearish,2,-0.0015495337055691269,-0.001920805531157653,-0.001169834054047081,percentile_bootstrap_subsample_20000,10000,-0.002343762401280371,-0.0007553050098578829,0.0002935610765376907,1.7956042330468407e-42,0.00040522616523122054,4010,-0.05683106419011035,-0.07043021923069283,-0.04295437523731203,1.0,4.221008352137619e-136,-0.10709486679976606,-0.00304562210491092,0.6022057519176063,-2.776330206311615e-05,-0.0014395268696582413,0.0001071691479376846,-0.2590605841082138,-1,496,0.0005740749941181507,True,1.0,False,1.0,False,False,False,not_significant
4581,0.527177472167649,0.001398580367942814,0.0009915078425630774,0.022852936122542102,0.7988145791786195,14.257484760973341,1.1978826386291608,0.6869588052033824,1.0029518867919254,0.0013985803679428142,-0.5161097576557829,-0.1560081744152357,0.2991202063447558,0.15437885720653968,1.061973800954465,0.016115391446069473,-0.014585949698835489,0.011487988148039419,-0.011069597438908008,0.03605107049244749,-0.032928053491116716,1.0447876778527752,smc_swing_bos_bullish,2,0.001398580367942814,0.000723053889244232,0.002052539780198979,percentile_bootstrap_full,10000,0.0006246912099238734,0.0021724695259617544,0.000397004769832667,3.5026953848686776e-05,0.0003948486594748376,2157,0.061199154473777065,0.03201022602678939,0.08926032934738469,0.6999972622977071,0.6000054754045858,-0.006833660818533176,-0.00017975156524674863,0.5724895777756545,-7.415357359936156e-05,0.0014727339415421755,0.00040584056722056655,-0.18271602099121975,1,492,0.0007553820485464801,True,1.0,False,1.0,False,False,False,not_significant
26469,0.5263893611394461,0.0012504571957532723,0.0013148905478981288,0.02787453123253961,0.6311028507075763,21.56951379342469,1.1442532704757562,0.5035545564123823,0.6974725809024236,0.0012504571957532712,-0.8370452025207624,-0.28317762386154866,0.13729936087373323,0.11492577132852527,1.0172052686508803,0.01844092470433251,-0.016898458798240874,0.013282099853997531,-0.01231061640863429,0.04170913007908168,-0.039299986035845655,1.0123810605836747,smc_internal_choch_bullish,2,0.0012101327318277287,0.0008306354937905183,0.0015906828374288727,percentile_bootstrap_subsample_20000,10000,0.00041931205479317697,0.0020009534088622806,0.0019409397643049768,2.9931914923390716e-13,0.00040348734825463716,3581,0.04417153135749605,0.030355232712901425,0.057999745538868386,0.9648072785907955,0.07038544281840893,-0.011455061196532555,-0.00032787473743629033,0.8677614144010786,-0.0001923628331994072,0.0014428200289526795,0.00017238798970521522,-1.1158714335514275,1,496,0.003177724637373729,True,1.0,False,1.0,False,False,False,not_significant
7290,0.5198902606310014,0.0012291471939195739,0.0007798327332017019,0.02420956689185734,0.9911021063771832,13.14996158956404,1.1630848133785223,0.569904579223408,0.8500049384745635,0.0012291471939195756,-0.7029739971866059,-0.2005727694471675,0.17877453870636362,0.12567385206960402,1.0608929287201985,0.016986819743319254,-0.015410774232056912,0.01202820265677973,-0.01160066619138167,0.03813162692345582,-0.03546581955167337,1.0306569890079138,smc_swing_ob_bullish_formed,2,0.0012291471939195739,0.0006777458721529244,0.0017993800361872443,percentile_bootstrap_full,10000,0.000446440447169988,0.00201185394066916,0.00208472761862599,1.4777641970076668e-05,0.0003993475118673536,2627,0.05077113520494189,0.028320685296621666,0.0735802971621227,0.8860134169390333,0.22797316612193338,-0.01297900193982516,-0.00034918473926998875,0.7529220711097195,-0.00022300430837393507,0.001452151502293509,0.00032616612778407376,-0.6837138788414192,1,494,0.003397333897020132,True,1.0,False,1.0,False,False,False,not_significant
44366,0.529482035793175,0.0010686579792043949,0.0013473830120330765,0.025610588883282367,0.05582866465385399,10.495297808347708,1.1301112982255974,0.46838657713589027,0.6316689532642821,0.001068657979204397,-0.915982268039894,-0.3167135934624297,0.10664366117448987,0.09768370263468722,0.9949270681794552,0.01699599997480055,-0.016008774762600823,0.012552514916666868,-0.01166029863741358,0.038552212375510875,-0.03742995721686321,0.9835228531920241,ict_liquidity_buyside_swept,2,0.001036704830457844,0.0006788206652464379,0.0013950982799020245,percentile_bootstrap_subsample_20000,10000,0.00036309690144569254,0.0017103127594699954,0.0018745390953191286,1.5605021495931526e-18,0.0003436838273622125,3860,0.040525893616211485,0.02643791033653501,0.05454154016242976,0.9999188073400527,0.0001623853198947482,-0.018503465238708786,-0.0005096739539851678,0.9950890924813676,-0.000332593486133022,0.0014012514653374169,0.00012881034511984826,-2.5820401756052203,1,496,0.003097829866442879,True,1.0,False,1.0,False,False,False,not_significant
20162,0.5215256422973912,0.0010991375940035198,0.001057878193301387,0.026779933783272862,0.49552291749767896,11.502158156693483,1.1306158243307665,0.46071020910286886,0.6514436891024943,0.0010991375940035235,-0.8988554368215463,-0.3144721915642222,0.10904606958597081,0.09801665251137053,1.025134690363246,0.017797177335911414,-0.016695396042417154,0.012746924495802392,-0.012380600440246359,0.0401151370492787,-0.038447663502140475,0.9894994383269041,ict_ob_bearish_mitigated,2,0.0010675989871831452,0.000696991753126335,0.0014405269904361523,percentile_bootstrap_subsample_20000,10000,0.000365414142072761,0.0017697838322935295,0.0021553050012827753,5.699677724913579e-09,0.0003582641543979299,3512,0.03986804254750533,0.026046465348474157,0.053757415941878,0.9923420930966724,0.015315813806655254,-0.017056026274448594,-0.0004791943391860428,0.957877236785212,-0.0003443731748938091,0.001443510768897329,0.00019945548139729458,-1.7265666126660792,1,496,0.003496162951389571,True,1.0,False,1.0,False,False,False,not_significant
26886,0.5261102432492747,0.0011274988688716756,0.0013299583183086217,0.028434718775710004,0.3234611722744338,10.43502948324588,1.1230891436028447,0.44509472781177123,0.6258175046757839,0.0011274988688716736,-0.936525304301331,-0.3601713604974874,0.10196750443955807,0.09549514812410444,1.00137152909997,0.018727580849876118,-0.017300445468271836,0.013668067610090318,-0.012440805429687507,0.04222439667315914,-0.04142996689457512,0.9929810395222604,ict_bpr_bullish,2,0.001086260024177896,0.0006861517882398019,0.0014858113721794217,percentile_bootstrap_subsample_20000,10000,-5.275294555428297e-05,0.002225272993910075,0.05236133713659997,8.078255105087243e-11,0.0005811397401851151,3296,0.03805567491673812,0.023985188816484596,0.052025081651001025,0.9930757677834321,0.013848464433135874,-0.015601435551777119,-0.00045083306431788705,0.9770029928114614,-0.00034690863705966147,0.001474407505931337,0.00017384998047546637,-1.9954482371001305,1,496,0.0644447226296615,False,1.0,False,1.0,False,False,False,not_significant
59080,0.5302132701421801,0.0010199758712627891,0.0014434027912784142,0.026936986100578552,0.16924346882761573,11.217833227001064,1.1168357663287896,0.42503644306661686,0.5758476615377652,0.0010199758712627887,-0.8969785928164425,-0.3582056412340196,0.09617037743334843,0.08626276982079104,0.9791075439719464,0.017432924306565005,-0.016716312397917637,0.013164980356705436,-0.011934188441581395,0.03952884894835122,-0.0401909390452457,0.9589106793310291,ict_liquidity_buyside_pool_formed,2,0.0009893348418897727,0.0006090250158999845,0.0013580459564220564,percentile_bootstrap_subsample_20000,10000,0.00010866994098767183,0.0018699997427918734,0.02320712396233762,3.5682987036270894e-20,0.00044932707993723393,3929,0.037223406432464,0.022990295085890455,0.051065287909862166,0.9999956555069901,8.68898601990041e-06,-0.01982075031401077,-0.0005583560619267735,0.9996351373039917,-0.00037707680843378417,0.0013970526796965733,0.00011162194186612053,-3.378160262487195,1,496,0.030660934555236802,True,1.0,False,1.0,False,False,False,not_significant
10504,0.4623952779893374,-0.0018153385535769771,-0.0013779237962400215,0.02684548788423731,-1.731865966072568,33.30764695217457,0.815726900331717,-0.7590521287350177,-0.9335168082375543,-0.0018153385535769773,-0.9999999999074995,-0.9581006342347109,-0.24185767093198035,-0.2418576709096084,0.9395051020085701,0.015646421892623406,-0.01740386788021232,0.0112733999099216,-0.01270867733140646,0.038231342682855794,-0.03891188129891101,0.842433678277782,smc_equal_highs,2,-0.0018153385535769771,-0.002331178551319797,-0.001298568275859278,percentile_bootstrap_full,10000,-0.0027188416677535383,-0.000911835439400416,8.216247711099953e-05,4.440010714383024e-12,0.0004609794435900665,2909,-0.06762173820066342,-0.0858523636012668,-0.04880874023706469,1.0,2.21476968235841e-36,-0.12065709150588876,-0.00339367048676654,0.9274545964582988,-0.0003965130819265695,-0.0014188254716504076,0.00027212619733341944,-1.4570926497045285,-1,495,0.00017318079007827447,True,1.0,False,1.0,False,False,False,not_significant
190874,0.45616479981558516,-0.001863051039647906,-0.002003004384677598,0.03062396524105213,-0.04239419239206212,15.141991895854652,0.8342829833483566,-0.6828866180030935,-0.9326015691880009,-0.0018630510396479092,-1.0,-0.9983488434595659,-0.255434845043077,-0.255434845043077,0.9863645213259046,0.018525627546695952,-0.01993338199926208,0.012673091313525342,-0.014775887652400566,0.04462199083921499,-0.04467790280103472,0.8699868333604074,ict_displacement_bearish,2,-0.001828641135147977,-0.00225652797828668,-0.0013974723981823975,percentile_bootstrap_subsample_20000,10000,-0.0029055063952626303,-0.0007517758750333235,0.0006967046436483604,2.2904684385691037e-155,0.0005494311426713212,4077,-0.05990880510946418,-0.07429179860216538,-0.045620642614805806,1.0,2.4988818868775293e-308,-0.11473331634769142,-0.0034413829728374683,0.999999999985261,-0.0004112735024148892,-0.0014517775372330168,6.1853497801502e-05,-6.6491551332267935,-1,496,0.0012512246661439943,True,1.0,False,1.0,False,False,False,not_significant
90914,0.4538794905075126,-0.0018876112439183523,-0.002286318663364595,0.031539383470252834,0.1495469762423819,14.780150705422614,0.8373173737651987,-0.6718071607987617,-0.9308107037582009,-0.0018876112439183516,-1.0,-0.9965626198758063,-0.2602079410804747,-0.2602079410804747,0.9999757701422303,0.019353958173734233,-0.02063280892091198,0.013266176294317478,-0.015651980566488977,0.04609500613226428,-0.046148873994436304,0.8740754753185606,ict_fvg_bearish_formed,2,-0.0020889788116489347,-0.0025180458607158315,-0.0016562932461695276,percentile_bootstrap_subsample_20000,10000,-0.0034516043772363624,-0.000726353246061507,0.00662579028799886,1.1418926949190307e-72,0.0006952298948283885,3875,-0.06678135720583027,-0.08080309378454999,-0.052717857411139886,1.0,1.078641087834357e-182,-0.11376716892020525,-0.003465943177107915,0.9999987611231167,-0.0004368717343119803,-0.001450739509606372,9.275503286006272e-05,-4.709951803597311,-1,496,0.009677502827284643,True,1.0,False,1.0,False,False,False,not_significant
2709,0.5075673680324843,0.0009426306305380812,0.0003761860042408305,0.0263471328335793,1.1968008581460683,11.521896790249283,1.1131585590182418,0.40159977376252226,0.6200828851351596,0.0009426306305380782,-0.7807849396497737,-0.3851047188141064,0.10085694937159896,0.07874758712836417,1.0653939372130954,0.018460431049964237,-0.016805577180261915,0.012965320448976358,-0.012720683354824791,0.041529323875977506,-0.03910522311532598,1.010481960162116,smc_swing_choch_bullish,2,0.0009426306305380812,-4.9705580454003845e-05,0.0019340404099370872,percentile_bootstrap_full,10000,-0.000473750292931227,0.0023590115540073897,0.19209848040055222,0.06269137764039198,0.0007226566015851864,1489,0.03577735142917345,-0.0019193825295444797,0.07198822712245817,0.8938172917869408,0.21236541642611848,-0.02279319767353096,-0.0006357013026514814,0.8066768714274359,-0.00047471535156416375,0.001417345982102245,0.0005483503655078182,-0.8657153918818632,1,492,0.2119707369937128,False,1.0,False,1.0,False,False,False,not_significant
26231,0.4563302962144028,-0.0019527294687595592,-0.0022051247518337647,0.029208247460674904,-0.05853966743123198,9.625619755084953,0.8257647986919057,-0.7504501580581856,-1.0410303407392354,-0.0019527294687595592,-1.0,-0.9786040052011034,-0.2596178322089159,-0.2596178322089159,0.97705153248734,0.01845701437106809,-0.01981357819365596,0.013246164781999137,-0.015293974015277767,0.04406770543913807,-0.044805677059439164,0.8689419506211625,ict_bpr_bearish,2,-0.001981245731477855,-0.002390723693674448,-0.0015837686010000604,percentile_bootstrap_subsample_20000,10000,-0.003355437809304999,-0.0006070536536507104,0.00535091631057892,2.9000418960814087e-27,0.0007011312849762263,3245,-0.06745722160176078,-0.08152032152919163,-0.05387694386732637,1.0,6.784863668237792e-77,-0.12059590527333519,-0.003531061401949122,0.9975900692145602,-0.0004931286852491803,-0.0014596007835103789,0.00017494073549161735,-2.818832811371195,-1,496,0.007947352495037046,True,1.0,False,1.0,False,False,False,not_significant
212897,0.5246668576823534,0.0009749583916151238,0.0011793663526518117,0.027575711666131587,0.334347661121277,16.860783387380494,1.1116140663607008,0.39686666787980496,0.5359461348202179,0.000974958391615122,-0.9809025872792368,-0.3636960399424854,0.07933372324624133,0.07781865439073306,0.9977656785436334,0.01777150116490042,-0.016882187103157646,0.012939962808347527,-0.012204571573578016,0.04034708930201933,-0.03947491310535307,0.9730418759599819,ict_displacement_bullish,2,0.0008517512696944433,0.0004714227573559201,0.0012359507493135656,percentile_bootstrap_subsample_20000,10000,0.00010019458790619308,0.0016033079514826934,0.011004144672467634,8.619595380371883e-60,0.0003834543296653664,4053,0.031119265034661187,0.01715638850237407,0.0450603943630303,0.9999999999996663,6.675299133567915e-13,-0.021187651187393283,-0.0006033735415744388,1.0,-0.0004942837100865171,0.001469242101701641,5.7965991851589384e-05,-8.527132794553644,1,496,0.015370868748843679,True,1.0,False,1.0,False,False,False,not_significant
36599,0.5253695456160005,0.0009511064527096308,0.0011722648017198356,0.02736727434237244,0.34258864848613807,16.60040752703627,1.1079570307328337,0.3901062020136327,0.5295393023598525,0.0009511064527096321,-0.962023687169167,-0.37308876613644876,0.07835533782989756,0.07537969100850377,0.9912147307398691,0.018006042087680457,-0.017041660420563872,0.01314781533283993,-0.012396707028759502,0.040903223993457555,-0.0398199432074605,0.9776025549182337,ict_mss_bullish,2,0.0011846910550492634,0.000800577860609721,0.0015657469390510407,percentile_bootstrap_subsample_20000,10000,0.0003631918979449001,0.002006190212153627,0.023257015699568825,2.999840449415841e-11,0.00041913992150078433,3755,0.042587026651315474,0.02881793985246208,0.056228642507988646,0.9999747442300853,5.051153982938484e-05,-0.022103390998916162,-0.0006272254804799318,0.9996635677222785,-0.0004985205609460133,0.001449627013655644,0.00014660629117820722,-3.4004036043721806,1,496,0.030660934555236802,True,1.0,False,1.0,False,False,False,not_significant
68247,0.5177810013626972,0.000928900498118636,0.000993985595215685,0.031028609220840893,0.3812325211333754,11.284661080011379,1.0928563135579592,0.33604091491433563,0.47280800804089573,0.0009289004981186382,-0.9951950807698818,-0.49404885894167744,0.05841630982844076,0.05813562417799355,1.008983140329638,0.02044697610144557,-0.019168882452980873,0.01450995879840633,-0.013920597584711203,0.046511977840960304,-0.04532920355919971,0.9847564462699029,smc_fvg_bullish_formed,2,0.000999691103171398,0.0005698758500399501,0.0014259103372447194,percentile_bootstrap_subsample_20000,10000,-0.0002217553129006658,0.0022211375192434614,0.13608299654340533,5.325531784076662e-15,0.0006231983934766474,3889,0.03218863327961301,0.018432135001453097,0.04581648217554884,0.9999995135039409,9.729921181983942e-07,-0.02150304024368761,-0.0006494314350709266,0.9999995795970065,-0.0005236266496771319,0.001452527147795768,0.00010630611258892215,-4.9256494939473265,1,496,0.1550201125672449,False,1.0,False,1.0,False,False,False,not_significant
131146,0.46312506671953396,-0.0019872296441366395,-0.0016077091555830592,0.0292771775607478,-0.4274959908172113,15.910547401772945,0.8158011820687835,-0.7619107882006597,-0.9796934446254318,-0.001987229644136638,-1.0,-0.997612938670383,-0.2634754356470474,-0.2634754356470474,0.9378953379376154,0.01696829962143672,-0.020031981560562392,0.012062606450496394,-0.014429597765875601,0.040537185741542914,-0.044910182101939866,0.8053125973718094,ict_nwog_gap_down,2,-0.0019558321525553366,-0.002369307166560997,-0.0015592030213312678,percentile_bootstrap_subsample_20000,10000,-0.00355684491694914,-0.00035481938816153344,0.014983744650149837,4.0639408007420364e-133,0.0008168582506585851,853,-0.06691224510531829,-0.08088315570830128,-0.05323880276087676,1.0,2.1062569161497107e-277,-0.12163128250041144,-0.003565561577326202,0.9999999999995832,-0.000539630022708748,-0.0014475996214278915,7.54144449585804e-05,-7.155526013685137,-1,496,0.02044293843741373,True,1.0,False,1.0,False,False,False,not_significant
51775,0.4540994688556253,-0.0020474384410204202,-0.0022348389013264747,0.030851404109371906,0.19285506961340937,13.489195071652617,0.8227890987613705,-0.7449398224778181,-1.0551798034575617,-0.0020474384410204202,-1.0,-0.9892230357215219,-0.27294301033892526,-0.27294301033892526,0.9818105638105673,0.01807823666464524,-0.020038037155732387,0.01270176528205047,-0.015034748052803248,0.042811240518993696,-0.04552401777943169,0.8401455583190588,ict_liquidity_sellside_pool_formed,2,-0.0020835893217227342,-0.002513046766537368,-0.0016600246641244138,percentile_bootstrap_subsample_20000,10000,-0.00352320496396391,-0.0006439736794815589,0.005311906958836899,2.063741509116019e-51,0.0007345112676769447,3820,-0.06747931012709713,-0.08145932230588974,-0.05361198915891311,1.0,2.966789397896721e-132,-0.12041373206395481,-0.003625770374209983,0.9999999353552201,-0.0006418245547534409,-0.0014056138862669793,0.00012156113012771273,-5.279850179733742,-1,495,0.00792284427758724,True,1.0,False,1.0,False,False,False,not_significant
84868,0.45556629118159964,-0.002111240840378663,-0.0021899505887840176,0.030943175376583844,-0.14138309129196314,16.970697228475466,0.8159381200516054,-0.7658754917221199,-1.0257872138879731,-0.002111240840378661,-1.0,-0.9964734660340288,-0.27942188261553785,-0.27942188261553785,0.9686877802676652,0.018557762622229943,-0.020579456255392762,0.01281196285785735,-0.015285966707682341,0.044745645460818745,-0.045769873326223724,0.8458862079841223,ict_volume_imbalance_bearish,2,-0.001809136274343853,-0.0022204960785705305,-0.0013802054813619436,percentile_bootstrap_subsample_20000,10000,-0.0031344543238278387,-0.00048381822485986706,0.0017948285229976103,1.0259395490890614e-87,0.0006761950982181234,3777,-0.059667115277933384,-0.07341141964484141,-0.04546598702786916,1.0,6.3610169256686355e-202,-0.1223414892408667,-0.0036895727735682254,0.9999999999989021,-0.0006682064490034724,-0.0014430343913751904,9.516654995172639e-05,-7.021442401163253,-1,496,0.002980092641958296,True,1.0,False,1.0,False,False,False,not_significant
112422,0.521890733130526,0.0008017366246572218,0.0010540781700270063,0.0266877538326242,0.5491067687241907,16.274345004467317,1.0934056806062527,0.33721351553709183,0.46922496006789843,0.0008017366246572226,-0.9672782096685842,-0.4310561305547653,0.059918955979665754,0.0579583004652218,0.9922872727972547,0.01742844421973841,-0.016549023784547416,0.01263832210014193,-0.011918456466445126,0.03899495132849914,-0.039038404615609014,0.9766962083198355,ict_fvg_bullish_formed,2,0.0008582260454061286,0.00048443609643973427,0.0012300201770905302,percentile_bootstrap_subsample_20000,10000,9.573400963617954e-05,0.0016207180811760777,0.03931820249522286,7.467874741506386e-24,0.0003890336943790545,3905,0.03211285401379459,0.01820444961334872,0.045871777432811914,0.9999999999999978,4.545569770141737e-15,-0.027684706898883162,-0.0007765953085323408,0.9999999999999999,-0.0006788889603405731,0.001480625584997795,8.24598140173433e-05,-8.232967396673807,1,496,0.0505109754683155,False,1.0,False,1.0,False,False,False,not_significant
58462,0.518918271697855,0.0007489691822229949,0.0008887839960721733,0.02644098525965793,0.6901724708410111,19.25690519771232,1.0892363769667148,0.3179593398971883,0.4428751980411904,0.000748969182222994,-0.9905351287582616,-0.44528917665950285,0.05237890912254628,0.05188314949191866,0.9980747208662933,0.01717951940748166,-0.016312294816593777,0.012225159616071402,-0.011887252789490599,0.038791587966556865,-0.03790323354336631,0.9785250179992487,smc_internal_ob_bullish_formed,2,0.0007155530061652712,0.0003514234388305498,0.0010848458272022317,percentile_bootstrap_subsample_20000,10000,8.952998235095024e-05,0.001341576029979592,0.019032897197070426,7.513379081916842e-12,0.00031940536857530085,3903,0.027075838680162556,0.013300354024315989,0.04091509529182106,0.9999999999875911,2.4817691758707806e-11,-0.029689730234972508,-0.0008293627509665677,0.9999999997457253,-0.0007133349821383448,0.0014623041643613396,0.00011474969307983264,-6.216443486625011,1,496,0.025377196262760568,True,1.0,False,1.0,False,False,False,not_significant
32596,0.5228555651000123,0.0007193893121859946,0.0010749475354463467,0.026391456154134556,0.5773022992048747,20.811595693809704,1.0856803729727087,0.3059749698750815,0.41279272743899703,0.0007193893121859966,-0.9926838964527517,-0.6109946873971396,0.04840176155241057,0.04804764925302391,0.9791062214745372,0.017183219050744117,-0.016242120199841757,0.012330176305498819,-0.011721641261926263,0.038746469865869715,-0.037735454655106304,0.9841275772669824,ict_ob_bullish_formed,2,0.0007724404413274647,0.0004028701668268429,0.001145955507176118,percentile_bootstrap_subsample_20000,10000,7.958948374567592e-05,0.0014652913989092534,0.04184717636075124,8.637555876384814e-07,0.0003535018794129835,3712,0.029117883136789768,0.01528159385416636,0.043018222791287974,0.9999999745709124,5.0858175253808285e-08,-0.030774448182102083,-0.000858942621003568,0.999999298408362,-0.0007456709103463396,0.0014650602225323342,0.00015455754544960306,-4.8245519698000265,1,496,0.0533703118803784,False,1.0,False,1.0,False,False,False,not_significant
67869,0.4444886472469021,-0.002355199150076273,-0.0031087455473168824,0.0374326781049201,0.31983743108264545,13.635751772878873,0.8274505630659619,-0.7062557698254814,-0.9932530950471664,-0.002355199150076273,-1.0,-0.9972766701765537,-0.320371152492819,-0.320371152492819,1.027435382746869,0.022720910905323223,-0.023965707157896157,0.0151410404265373,-0.017954866530423885,0.05433364034048403,-0.05438236308112669,0.872527023089257,smc_fvg_bearish_formed,2,-0.00235554869846883,-0.002882904868926836,-0.001840112044576642,percentile_bootstrap_subsample_20000,10000,-0.004636259959432845,-7.483743750481484e-05,0.04297258999108572,2.884282175640913e-60,0.0011636495675247172,3782,-0.06153315820354785,-0.07571935762052885,-0.047888151139646076,1.0,5.102756138675185e-141,-0.1169447937071718,-0.003933531083265836,1.0,-0.0009369282378426749,-0.0014182709122335982,0.00010602401887169627,-8.8369432494017,-1,496,0.054607767786506035,False,1.0,False,1.0,False,False,False,not_significant
80881,0.5143358761637468,0.000483393934468771,0.0006359631476946515,0.025056931964467684,0.6202200055617588,15.029982740914178,1.0600693064395459,0.21655019315911928,0.2999766541423284,0.0004833939344687718,-0.9997723580257758,-0.7182946035545718,0.021817876373394236,0.021812909708943215,0.9887694526073859,0.016082031308594816,-0.015788391296260508,0.011470437243700449,-0.011542772179785277,0.036072370860814607,-0.036345936006783375,0.9530422014981623,ict_bos_bullish,2,0.0004623695560716957,0.00010636133763530685,0.0008124744582567421,percentile_bootstrap_subsample_20000,10000,-0.00015261528770378776,0.0010773543998471792,0.1234185005361712,4.111659628866056e-08,0.000313773540623952,3895,0.018567331369230708,0.004277788813858994,0.032493935545587105,1.0,5.393725923935282e-25,-0.04012380239133449,-0.0010949379987207917,1.0,-0.0009903193598242291,0.001473713294293,9.666378427717155e-05,-10.244988515912121,1,496,0.14301269913380193,False,1.0,False,1.0,False,False,False,not_significant
117767,0.5160953408000544,0.0004031734041444178,0.0007711763321969212,0.02704682624690024,0.34745832665408216,19.44594739373489,1.046164768280658,0.1673250013140428,0.2239876068639441,0.00040317340414441384,-0.9988435361686445,-0.8162879502008856,0.0046942066807895136,0.004688778000546273,0.9725808925275227,0.016517531104507856,-0.016685616201941884,0.011898201473993675,-0.011922409265184175,0.0375681024585645,-0.038832508227767626,0.9208751573812389,ict_volume_imbalance_bullish,2,0.00042386041344613147,4.052328548747262e-05,0.000805885351633214,percentile_bootstrap_subsample_20000,10000,-0.00037039926770906855,0.0012181200946013316,0.3197871068782644,3.134144431071331e-07,0.000405241974421571,3880,0.015526091424647089,0.0015099195378855048,0.029517232153137146,1.0,7.63743698023444e-33,-0.04163854558822388,-0.0011751585290451449,1.0,-0.0010420589236341813,0.001445232327778599,7.865830238282522e-05,-13.247920334747924,1,496,0.3411062473368153,False,1.0,False,1.0,False,False,False,not_significant
31993,0.5127371612540244,0.0003340694782210909,0.000573569355075243,0.025186268912243,0.7403650724560519,15.89884465524731,1.0409135588516585,0.14888749920486052,0.20852110387236253,0.00033406947822109054,-0.996354595168906,-0.8071692264455064,0.002438044463823874,0.002429156804757029,0.9779663355902074,0.016135911843253702,-0.01582733953168092,0.011478440935355438,-0.011550175980784005,0.03608270006062865,-0.03684210888655857,0.9485322845618933,smc_internal_bos_bullish,2,0.0003361479036763888,-1.319420331124342e-05,0.0006900149712904947,percentile_bootstrap_subsample_20000,10000,-0.0003045157524768589,0.0009768115598296364,0.3067765460156776,0.017675550375055464,0.0003268752161535863,3643,0.013186787513381749,-0.0005242054584170993,0.02691549795373863,0.9999999999999998,3.7214901276788663e-16,-0.04549662463608088,-0.0012442624549684716,0.9999999999998944,-0.0011443546367585647,0.0014784241149796557,0.000155873683401329,-7.341551259888992,1,496,0.3282229306915456,False,1.0,False,1.0,False,False,False,not_significant
3857,0.515426497277677,-0.0011602074721118948,0.0010800936894883595,0.04049735564016199,-0.8367756802999105,7.054620338540527,0.9169778773751994,-0.32158387550958834,-0.3754174586577306,-0.0011602074721118929,-0.9998256484947031,-0.8594733094500138,-0.22363084128848776,-0.22359185091467831,0.8510182010851323,0.02542902451476678,-0.02645906600591114,0.017992460945187583,-0.017159324266149745,0.061572684557385675,-0.06335258152424063,0.8937905286172618,smc_swing_ob_bearish_mitigated,2,-0.0011602074721118948,-0.002436910874726394,0.00010377749382971468,percentile_bootstrap_full,10000,-0.005561478613304552,0.0032410636690807628,0.6053928683211272,0.07527965780954964,0.0022455877460977125,1743,-0.02864896864923435,-0.059686782191046846,0.002635120507282633,0.9999852760998682,2.9447800263584134e-05,-0.07743337698417292,-0.0027385394053014572,0.9999999793751867,-0.00256123058154955,0.0014010231094376553,0.00046691633375825633,-5.485416543332183,1,492,0.6249216705250344,False,1.0,False,1.0,False,False,False,not_significant
2656,0.4619728915662651,-0.0002808202839960854,-0.003560551914237986,0.057289322851337865,0.7821747278699258,7.89012214379505,0.9852422412473482,-0.04492565609233781,-0.06973179081758495,-0.00028082028399608813,-0.9960933478913064,-0.9004869361884931,-0.1481962817373085,-0.1476173304207589,1.1386092078962833,0.03914446281351186,-0.03605039553265806,0.023897334625414768,-0.025782592681141248,0.09563202446301156,-0.08151610629402695,1.021996863978164,smc_swing_choch_bearish,3,-0.0002808202839960854,-0.002451711778731091,0.0018806172184422094,percentile_bootstrap_full,10000,-0.009365586826901418,0.008803946258909248,0.9516899770459952,0.8005809391941446,0.004635170106647536,1077,-0.004901790944968858,-0.04364991733171996,0.032473515076350004,0.9912919317333573,0.017416136533285373,-0.05533688334281457,-0.002650515870493035,0.003354414705746423,0.0018393805098269288,-0.0021202007938230143,0.0006784973164638045,2.710962099914294,-1,492,0.9544013445019667,False,0.0337358278977926,True,1.0,False,False,True,significant_but_negligible_effect
3905,0.4676056338028169,-0.0009508708429370453,-0.0027341053684302175,0.05465667058489419,0.7328241391178336,7.480903090404642,0.9495345923382096,-0.1594476051049391,-0.24623292920322748,-0.000950870842937046,-0.9999406183851675,-0.9554897316251211,-0.18464218205106367,-0.18463121770012728,1.073296494296859,0.037037961703564215,-0.035377359264057585,0.023682807450710164,-0.025733420075952473,0.0900615791594372,-0.08088748127726827,0.9877411439201851,smc_swing_ob_bearish_formed,3,-0.0009508708429370453,-0.002641917559177754,0.0007459433592282458,percentile_bootstrap_full,10000,-0.007980102628700024,0.006078360942825933,0.7909079587653529,0.2770382951540637,0.0035864086206496538,1410,-0.01739715999459073,-0.04890456796864388,0.013503170605154182,0.9999215198663614,0.00015696026727731987,-0.07166580660919522,-0.0033205664294339945,0.022043724960335073,0.0011477675514398327,-0.002098638394376878,0.0005701044329492551,2.0132584226756842,-1,493,0.8046231256803591,False,0.1737687483026229,False,1.0,False,False,False,not_significant
147587,0.5411248958241579,0.0026908043158130833,0.002478716645363921,0.035410353945531194,0.41151253890215034,11.669493578209561,1.2513301866410242,0.696452482598439,0.9743537830783867,0.0026908043158130838,-0.8818811133414894,-0.22266333075706543,0.21470981314404808,0.18934852906081628,1.0530928361610494,0.023653328698215258,-0.021125107630123,0.016814814326420624,-0.01486840242982268,0.05332673604808876,-0.04922179338408213,1.0592901511094182,ict_nwog_gap_up,3,0.002584667569108227,0.002099872716724316,0.003073993004792012,percentile_bootstrap_subsample_20000,10000,0.0008118858025464588,0.004357449335669995,0.002930673057365514,8.173339733391949e-187,0.0009044971063559168,854,0.07400026623967476,0.06021322406090625,0.0877126871505683,0.0031068655018162117,0.0062137310036324235,0.008974861731651415,0.00032110872931613403,6.814540880447586e-09,0.0004954679052879929,0.0021953364105250905,8.726122422719077e-05,5.677984805691095,1,496,0.004584875183078494,True,1.499198993698469e-07,True,0.09941969605811878,False,False,True,significant_but_negligible_effect
4581,0.5383104125736738,0.002562530536621052,0.001986768229391922,0.027819135999054678,1.0093873549886334,11.477502567684205,1.310722823446089,0.8442383081272414,1.2961648640070196,0.00256253053662105,-0.4900983822691532,-0.13487877202122875,0.4099654434256867,0.2009234006091851,1.1119351770678094,0.020141164810512896,-0.017664084269473555,0.014577170177029863,-0.013143272665171568,0.04367562554927562,-0.039384013775864424,1.09395531240024,smc_swing_bos_bullish,3,0.002562530536621052,0.001749152517698436,0.003370204869253688,percentile_bootstrap_full,10000,0.0015815401384151149,0.0035435209348269898,3.058714918019305e-07,4.93839997584212e-10,0.0005005144983305496,2157,0.09211395122796515,0.06364544376291548,0.12015512279935969,0.3220497544623085,0.644099508924617,0.005979213854854365,0.0001928349501241029,0.23794462981882064,0.00035496493035451016,0.002207565606266542,0.0004978961183193599,0.7129297001806087,1,492,1.0660075753889062e-06,True,1.0,False,1.0,False,False,False,not_significant
49420,0.5498988263860786,0.0024214840244128847,0.0031651382332019695,0.036248982752441816,-0.27254881356308386,8.51793424419906,1.213094573816576,0.6122452545375687,0.8030825317529464,0.0024214840244128864,-0.9752897872062141,-0.32885964708178295,0.16286443333549522,0.15884001853123578,0.9865544294936762,0.024472290032597196,-0.02251724703868963,0.018550921978772283,-0.015891999916542665,0.05459897138580842,-0.052350916510377585,1.02059591951806,ict_sweep_sellside_bullish,3,0.0023389900594875898,0.0018436985532637956,0.0028400903258314594,percentile_bootstrap_subsample_20000,10000,0.0009283019198265,0.0037496781991486795,0.0007672952411933812,8.86221047577571e-50,0.0007197520667017811,3926,0.06459498664978781,0.05066976640330106,0.07887237890000479,0.38586061972718183,0.7717212394543637,0.001430771646876807,5.178843791593538e-05,0.03622599604522594,0.00027615399320993954,0.002145330031202945,0.0001537376816063723,1.7962674493622206,1,496,0.001371004694924214,True,0.2602357266922353,False,1.0,False,False,False,not_significant
16597,0.46177019943363257,-0.0018911847263956667,-0.002470928369281644,0.043295153000224046,0.04499105459148977,7.41586019324853,0.880742008019646,-0.40034491444377823,-0.5685691581982256,-0.001891184726395663,-1.0,-0.9897844158014697,-0.21245051094891207,-0.21245051094891207,1.020024277555112,0.02794205648152857,-0.028329453414895095,0.018982385566634008,-0.020969909280113885,0.065448481096904,-0.06326909573712891,0.9417847231610721,smc_internal_bos_bearish,3,-0.0018911847263956667,-0.0025540823093909665,-0.0012304250508770893,percentile_bootstrap_full,10000,-0.005007512134591714,0.001225142681800381,0.2342704165943612,1.8587869700555608e-08,0.001589992167303097,2943,-0.04368121129831508,-0.0590010760780314,-0.028387459722308585,1.0,3.974313041210889e-35,-0.10684292902288312,-0.004260880312892616,0.17070642399405017,0.00026148658079760034,-0.002152671307193267,0.00027485053908931636,0.9513773619073266,-1,495,0.2553039834093348,False,0.8968456902373979,False,1.0,False,False,False,not_significant
42382,0.5419281770562975,0.0024149745141707696,0.002798584941023474,0.03691221379301565,0.07087474963523895,9.15133816090037,1.2093032356471067,0.5996282734291468,0.8147988181789414,0.002414974514170767,-0.8408522719308498,-0.25012681467726294,0.1860036391646328,0.15640158257898748,1.014123546751956,0.025189020973214973,-0.023154361383822708,0.01872478234746522,-0.016485099923007895,0.056585350595608395,-0.05358627392622046,1.0235926473695045,smc_internal_ob_bearish_mitigated,3,0.0020891963861687794,0.0015774390852817453,0.00258911582816275,percentile_bootstrap_subsample_20000,10000,0.0008060716704587456,0.0033723211018788133,0.00022526411030140132,2.8979718366597536e-41,0.0006546674917039465,4046,0.05685124892093214,0.04290399540844412,0.07055221276132202,0.4074705762456728,0.8149411524913456,0.001239507969168563,4.52789276738203e-05,0.0657139526443119,0.00025363084450480064,0.002161343669665969,0.00016813503364526081,1.5084949222416246,1,496,0.00044798286342425574,True,0.4205692969235962,False,1.0,False,False,False,not_significant
6787,0.45749226462354503,-0.0020786949260579203,-0.0021547695917862875,0.0355473735784449,-0.4248689314409379,10.809839282306843,0.8407249586518338,-0.5359482789556785,-0.711277335140256,-0.0020786949260579203,-0.999999992316262,-0.9602614018333384,-0.20479743928466265,-0.2047974377110528,0.9907287032872979,0.023208741662573848,-0.024267530154075054,0.01582534273483216,-0.017140248793666935,0.053921982875964995,-0.05422088247407557,0.9192745211526754,smc_swing_ob_bullish_mitigated,3,-0.0020786949260579203,-0.002947835687483475,-0.0012376201111348687,percentile_bootstrap_full,10000,-0.0037478967502368654,-0.000409493101878975,0.014655268818364852,1.4852046235180224e-06,0.0008516492263015776,2705,-0.05847675135465964,-0.08258794564946827,-0.03494356824577333,1.0,4.07811623833285e-24,-0.12409534593636062,-0.00444839051255487,0.4233950620498128,8.007976309258808e-05,-0.0021587746891505084,0.00041445806786018664,0.1932155971918544,-1,494,0.020072586085853807,True,1.0,False,1.0,False,False,False,not_significant
65576,0.4558680004879834,-0.0022158119555857982,-0.0025161715502574067,0.03330796936329672,-0.29259442835402644,7.913211553819053,0.8259784147303639,-0.6097115018635302,-0.8339465383047214,-0.002215811955585796,-1.0,-0.9956277863205513,-0.20845272989219713,-0.20845272989219713,0.9803485693800779,0.021222975245922013,-0.02296041135470554,0.014970249384084366,-0.017164209087440097,0.05045183362961514,-0.050307962126134864,0.8834019888345348,ict_sweep_buyside_bearish,3,-0.0025176024886979917,-0.002976175831439683,-0.0020650158803634596,percentile_bootstrap_subsample_20000,10000,-0.0035531906535843606,-0.0014820143238116227,2.744811245731695e-05,6.173031594145245e-65,0.0005283710133892097,4009,-0.07561540680559016,-0.08929160240074034,-0.062170371068201155,1.0,3.654809850254101e-207,-0.13193981906840374,-0.0045855075420827476,0.6709294076644652,-5.820496573998805e-05,-0.00215760698984581,0.00013154229731900685,-0.4424809884446033,-1,496,6.398500387401037e-05,True,1.0,False,1.0,False,False,False,not_significant
131146,0.4603495341070258,-0.0022511147593572618,-0.0022392687010077683,0.0373480002125241,-0.522725248293924,12.772671548738368,0.8349530140679673,-0.5524206770957266,-0.7197239288770805,-0.0022511147593572596,-1.0,-0.9978652574124829,-0.22097759470041484,-0.22097759470041484,0.9724776156596038,0.02230255780418945,-0.025039060951943547,0.015451975049531108,-0.018028588054552208,0.05203712018790835,-0.0549629167581408,0.8623943369926498,ict_nwog_gap_down,3,-0.002444849616231233,-0.002965947706009959,-0.0019197998020245763,percentile_bootstrap_subsample_20000,10000,-0.004671327116631556,-0.00021837211583090963,0.04751818800909761,1.9538782903535435e-105,0.0011359787732837558,853,-0.06594071847440794,-0.07982325644211295,-0.05172836159514614,1.0,4.9457395925525413e-293,-0.12573439926261726,-0.004620810345854211,0.8107926787853913,-8.152627996913615e-05,-0.0021695884793881256,9.25571349281074e-05,-0.88082112775488,-1,496,0.059313482904972896,False,1.0,False,1.0,False,False,False,not_significant
54122,0.4574295111045416,-0.00226592335564061,-0.0024826246943426833,0.0388717688098554,-0.21783325972335363,12.40916575372781,0.838641297587858,-0.5342574116955942,-0.7086767379442475,-0.0022659233556406103,-1.0,-0.9938730985918839,-0.22546451764407263,-0.22546451764407263,0.9878264280389193,0.024085946156655682,-0.02535142293820452,0.016409271449161766,-0.01818171769683774,0.05575793129030574,-0.05641771957445576,0.9050292873753402,smc_internal_ob_bullish_mitigated,3,-0.0020263045786984633,-0.0025671923833013666,-0.001478105034869375,percentile_bootstrap_subsample_20000,10000,-0.003482859465183406,-0.0005697496922135207,0.0022955602611567584,7.96314442786586e-42,0.0007431538979720763,4036,-0.05210734488546758,-0.06615438787454736,-0.03786989753957985,1.0,3.296550695243253e-142,-0.12351006880069886,-0.004635618942137559,0.7294697914097814,-8.96611288868001e-05,-0.0021762622267538097,0.00014669441984942153,-0.6112102217578228,-1,496,0.0036728964178508136,True,1.0,False,1.0,False,False,False,not_significant
36610,0.4553400710188473,-0.002262909417676166,-0.0026215920593007924,0.03512949158660564,-0.06418903185456284,5.500431802537536,0.8339088588693346,-0.5903845019654872,-0.8407266679557351,-0.002262909417676165,-1.0,-0.9915567513980746,-0.21551765406976353,-0.21551765406976353,0.9902855291048199,0.02362660866879328,-0.02435113797908813,0.016617884080333933,-0.01869117861203451,0.055549819985463336,-0.053046918942799066,0.9265661647749707,ict_mss_bearish,3,-0.0023038813651023718,-0.0027989439880398183,-0.00181667127807513,percentile_bootstrap_subsample_20000,10000,-0.003912785115659978,-0.0006949776145447654,0.005839277377099298,7.768568703405597e-35,0.0008208843379560065,3547,-0.06545173552475234,-0.07947175368734548,-0.051860623397651434,1.0,4.590640386644301e-121,-0.12998338033984153,-0.004632605004173115,0.6959570857850294,-9.223204328084053e-05,-0.0021706773743953253,0.00017985697081427884,-0.5128077208421339,-1,496,0.00860010726669018,True,1.0,False,1.0,False,False,False,not_significant
22483,0.45888004269892807,-0.002342808009570576,-0.0026420331855776524,0.04006317025743695,0.08608307083474256,5.58322355895395,0.8470785560558683,-0.5359583364780297,-0.767063732724062,-0.0023428080095705805,-1.0,-0.991406272181331,-0.23285082724457476,-0.23285082724457476,0.9923225189969203,0.026886768326245963,-0.027291506764427778,0.01848279229525862,-0.020649248074309234,0.06409458841237124,-0.0608221664532881,0.9393269582624795,ict_ob_bearish_formed,3,-0.002332273248132006,-0.002894368578999555,-0.0017812194047677312,percentile_bootstrap_subsample_20000,10000,-0.004706130303894499,4.158380763048721e-05,0.053072751283306525,1.9389898880198965e-18,0.0012111738051119782,3174,-0.05821480624657807,-0.07231893079169362,-0.04440101806059552,1.0,1.3170345368430036e-64,-0.12351403166700507,-0.004712503596067525,0.8009222116510785,-0.0001963302547716276,-0.0021464777547989485,0.0002323655301956881,-0.844919875190984,-1,496,0.06505848266252576,False,1.0,False,1.0,False,False,False,not_significant
7290,0.5286694101508916,0.001978952172101353,0.0014750283886355575,0.029724705253051226,0.6707109672103442,11.3643895104546,1.2184973007125266,0.610179179113699,0.8985349102793123,0.001978952172101353,-0.7154183223224331,-0.1829050323288098,0.193052074910862,0.13811299155359355,1.0762233553776441,0.021042559530823422,-0.018887174980544246,0.015168495442501095,-0.014005979261118295,0.04576000958450853,-0.04291040909969831,1.060036695734833,smc_swing_ob_bullish_formed,3,0.001978952172101353,0.001299507926495657,0.0026692843638229237,percentile_bootstrap_full,10000,0.0009722484073769993,0.0029856559368257067,0.00011675261666315824,1.363744463476691e-08,0.0005136338038475981,2627,0.06657600656606055,0.044012705627676764,0.08919986444657914,0.8640378280629709,0.27192434387405817,-0.011808512620323397,-0.0003907434143955962,0.689210070228688,-0.00019756408547763008,0.002176516257578983,0.0004002412396302969,-0.49361251644163445,1,494,0.00023893558758971917,True,1.0,False,1.0,False,False,False,not_significant
59053,0.5422755829509085,0.001883262425783404,0.0024065212146324733,0.03272633807461678,0.1674869237133482,9.561950570415297,1.1810422729336107,0.5274157224643694,0.7204083346453348,0.0018832624257834035,-0.8727894356617538,-0.28712800511644465,0.1372085925058953,0.1197542100211639,0.9890394601773924,0.022124019170585273,-0.020861440696412725,0.01668634888135001,-0.014787619706470578,0.04915072326164066,-0.04901623374851389,1.0002032866937884,ict_liquidity_buyside_pool_formed,3,0.0018672111590346888,0.0014215964884473442,0.0023063956351128735,percentile_bootstrap_subsample_20000,10000,0.0007590042893382107,0.002975418028731167,0.0008662174876012062,2.2949152042457244e-44,0.0005654220535155125,3928,0.0572448725381035,0.043575494447477416,0.07094098292342718,0.9992611227233821,0.0014777545532359535,-0.014108854831749755,-0.0004864331607135452,0.9376066161929757,-0.00021027229739932116,0.0020935347231827253,0.0001369862779972226,-1.5349880329151249,1,496,0.001524542778178123,True,1.0,False,1.0,False,False,False,not_significant
32963,0.4562084761702515,-0.0023490642217141185,-0.0028148902369935502,0.04076847983224175,0.18459668084453018,9.361201963414645,0.8445895957943538,-0.5280925191527088,-0.7453494332865329,-0.002349064221714119,-1.0,-0.9933405627676236,-0.2351609535255408,-0.2351609535255408,1.0013986230225647,0.025339823239699282,-0.02678660242547882,0.017263805152634593,-0.019797578050476217,0.059200397027072214,-0.05946090665998192,0.9013616596497455,ict_liquidity_sellside_swept,3,-0.002448704147007455,-0.0030262999693611257,-0.0018740539084257577,percentile_bootstrap_subsample_20000,10000,-0.004605642215536737,-0.00029176607847817334,0.032798196469912076,1.4270238678403097e-25,0.0011004988196361167,3725,-0.059796845019216824,-0.07404798138035609,-0.045662071817322236,1.0,1.6619079698664628e-88,-0.12248456455794578,-0.004718759808211068,0.904587058169398,-0.00024757600720672936,-0.002101488214507389,0.00018925805957687762,-1.3081398370047363,-1,495,0.04275913021262611,True,1.0,False,1.0,False,False,False,not_significant
42968,0.4566188791658909,-0.002479244889823916,-0.002714867883437999,0.0391259943269101,-0.064000689876313,7.549602993119862,0.8334339452329723,-0.580755968986912,-0.8121775767277937,-0.002479244889823916,-1.0,-0.9967718302931344,-0.2395418838971963,-0.2395418838971963,0.9854230714329506,0.025499075629522798,-0.026490925361850045,0.017581768958310928,-0.019867103660339613,0.0605408039351102,-0.058707036939644186,0.9191603538009686,smc_internal_ob_bearish_formed,3,-0.0022684802229626967,-0.0028024029822320377,-0.001729374286925742,percentile_bootstrap_subsample_20000,10000,-0.004333204088346651,-0.00020375635757874204,0.018599955300671125,2.4744716807398562e-39,0.0010534498926429029,3656,-0.05869421724742168,-0.07251908018670829,-0.04469103507646566,1.0,2.1498357361426257e-126,-0.12874148636506616,-0.004848940476320866,0.9722621005930415,-0.00031988743612063573,-0.0021593574537032804,0.00016703162108010918,-1.9151310036511957,-1,496,0.024894236752229033,True,1.0,False,1.0,False,False,False,not_significant
1249,0.4795836669335468,-0.0023757341612294313,-0.0013453718329141662,0.048577571346006716,0.5026176510166499,4.675484746425501,0.871200281389796,-0.44823079142350936,-0.6838871123301773,-0.00237573416122943,-0.9877645278183586,-0.7779952185329768,-0.26128215847295033,-0.2580852478913953,0.9395582333519337,0.03255848456343534,-0.033946146830588504,0.02305921571261882,-0.02572099375508463,0.0763835855244612,-0.07853291948006005,0.909777766573964,smc_swing_bos_bearish,3,-0.0023757341612294313,-0.005047610537791191,0.0003192872284655882,percentile_bootstrap_full,10000,-0.006876248842520482,0.002124780520061619,0.30084319922585023,0.08416458547047583,0.0022962231353693486,668,-0.04890598882162368,-0.10555458605472696,0.006615567538875925,0.9997078324519469,0.0005843350961061604,-0.11083769177843704,-0.004745429747726381,0.6210108333911742,-0.00032294823517036364,-0.0020527859260590677,0.0010480681410650254,-0.3081366778711451,-1,445,0.32285611624237587,False,1.0,False,1.0,False,False,False,not_significant
26875,0.5361116279069768,0.0018530899785708561,0.0021743719608222634,0.034793481953594184,0.25949300429535543,10.269406979050185,1.1685204904752033,0.48813309962430035,0.6769179735928538,0.0018530899785708568,-0.9202490024182156,-0.32327402892351065,0.12002604428142397,0.11045384751418498,1.0040452298780551,0.02359218264243003,-0.021696407891449887,0.017263117637780212,-0.015585946703423392,0.0517002646438506,-0.05091920006081476,1.0250429489302817,ict_bpr_bullish,3,0.001867416508470511,0.0013928268450663936,0.0023497771779662185,percentile_bootstrap_subsample_20000,10000,0.00045178628940724754,0.003283046727533774,0.010298730218363106,2.6638159638447933e-18,0.0007222735820980709,3295,0.05418180756704526,0.04047966811373853,0.0680508683613947,0.9893564750105506,0.02128704997889889,-0.01456261207441445,-0.0005166056079260932,0.9527211402685054,-0.00035693220018185993,0.002210022178752716,0.00021349781955771316,-1.671830658136409,1,496,0.01450235695566495,True,1.0,False,1.0,False,False,False,not_significant
20154,0.5308127418874665,0.0017040573208479228,0.0017745098544331706,0.03255861695231346,0.4295201415433027,10.664993900915139,1.167399098097228,0.4796869395752627,0.6746125104154885,0.001704057320847923,-0.8578315159892986,-0.30057864527810624,0.12100033492510516,0.10379790074401583,1.0225927227770728,0.0221989932928888,-0.02067604293555803,0.016034459019356406,-0.015054406638994877,0.04929242792429721,-0.04714063295910136,1.0187217830264383,ict_ob_bearish_mitigated,3,0.0017008908948944934,0.0012469709128392862,0.002142741472337379,percentile_bootstrap_subsample_20000,10000,0.0007311134865104228,0.002670668303278564,0.0005732246529024602,1.127807231059224e-13,0.0004947934800762007,3511,0.05229759993972999,0.03834200003590216,0.06588613989106391,0.9971685268906891,0.0056629462186218,-0.019351263456774844,-0.0006656382656490265,0.9696894410244463,-0.00045950605351693214,0.002163563374364855,0.0002449067750558542,-1.8762488437166989,1,496,0.0010476201366001667,True,1.0,False,1.0,False,False,False,not_significant
44356,0.5370637568761836,0.0016261463126192419,0.0020824194837213428,0.03154548676342646,0.44519951060077295,14.619351395468016,1.1614876392517715,0.47245671778891085,0.6540226611691285,0.0016261463126192432,-0.9650282875135592,-0.33833352057017646,0.10316616092054677,0.09955826360250353,0.9933249800384663,0.02142291691541809,-0.020126253082248274,0.01595171666745987,-0.014392686720109404,0.04719463163036608,-0.04673017612407737,1.010057003340694,ict_liquidity_buyside_swept,3,0.0016485732751046996,0.001208089017247652,0.0020826660973016784,percentile_bootstrap_subsample_20000,10000,0.0007229854201288946,0.0025741611300805047,0.0005744053589881597,2.006179897628606e-27,0.0004722473754496537,3859,0.05182922770109468,0.03802804466389436,0.06522736696732301,0.9999960223965999,7.955206800285297e-06,-0.021919150215140314,-0.0007435492738777074,0.998640581888421,-0.0004739120963433911,0.002100058408962633,0.0001580835290894082,-2.997858784360501,1,496,0.0010476201366001667,True,1.0,False,1.0,False,False,False,not_significant
42583,0.4529976751285724,-0.002670613789440196,-0.0030736998258569237,0.04400226783166278,0.13592429870747297,13.683944796821805,0.8322469970185157,-0.5562572315100646,-0.7635397457272141,-0.0026706137894401977,-1.0,-0.9967247284505393,-0.2647152355500534,-0.2647152355500534,0.9980060930550702,0.026796395124461986,-0.028500701140486685,0.017757247737349102,-0.020871230254977613,0.06201849338370113,-0.06300551314000553,0.8959206888724839,ict_bos_bearish,3,-0.0025484893396043548,-0.003150194211243525,-0.0019468037901249381,percentile_bootstrap_subsample_20000,10000,-0.005170377912863441,7.339923365473231e-05,0.04589170596638485,6.359572564086088e-36,0.0013377228220819806,3605,-0.05834480827384448,-0.07218298998552701,-0.04449247187442541,1.0,2.245175565686368e-110,-0.1251785389709176,-0.005040309375937146,0.998753089411532,-0.0005135964172977973,-0.0021570173721423987,0.0001698350222364427,-3.024090146629317,-1,496,0.05769243035774096,False,1.0,False,1.0,False,False,False,not_significant
26459,0.5370195396651423,0.0016135195613461188,0.0022607227740585323,0.0339190297295478,0.285290603021151,14.288131233137218,1.1505950593082994,0.43598390544287,0.5867376241361849,0.001613519561346118,-0.8610631044922215,-0.34195438717768545,0.10573152043086964,0.09104151122488735,0.9828927320630683,0.022968592582198355,-0.02114244069678343,0.016715838251585957,-0.014941013683513527,0.050693849576416206,-0.048469705982871814,1.0319604896453054,smc_internal_choch_bullish,3,0.0015096559528416788,0.0010464587490901108,0.001982562208549982,percentile_bootstrap_subsample_20000,10000,0.00041279885718573973,0.002606513048497618,0.003936780670890441,1.0474850942143582e-14,0.0005596312461126526,3580,0.04458141008505654,0.03089183839359624,0.05845261829874218,0.9996916965516062,0.0006166068967876596,-0.02157495245140933,-0.0007561760251508305,0.9952609550627998,-0.0005490717382149158,0.0021625912995610346,0.00021164458853108924,-2.594310310628427,1,496,0.006024986070232327,True,1.0,False,1.0,False,False,False,not_significant
9360,0.5357905982905983,0.0015361735605263958,0.0020518507314088996,0.03301887656277943,0.4699429301735722,15.530027735522925,1.1473759170742783,0.42640043239008735,0.5889678989467574,0.0015361735605263944,-0.8523206526328209,-0.3634659584207653,0.10195991608965407,0.08690254222392162,0.9872237451995037,0.021916943538677087,-0.01984272342927803,0.01602278070028873,-0.013858495398781423,0.048570169851072015,-0.047426896868911335,1.0407959373313302,smc_equal_lows,3,0.0015361735605263958,0.0008757162661622867,0.002220984041879016,percentile_bootstrap_full,10000,0.00027657335055883197,0.0027957737704939595,0.016833796673221706,6.8428683132718475e-06,0.0006426649724013113,2629,0.04652410137593989,0.026604116137531945,0.0669895696730764,0.9915385388315738,0.0169229223368523,-0.024078864080618267,-0.0008335220259705536,0.9537003551594369,-0.0006050484916006837,0.0021412220521270795,0.00035975325559046176,-1.6818429915460245,1,495,0.022790370880669385,True,1.0,False,1.0,False,False,False,not_significant
26371,0.45337681544120434,-0.002849349722117673,-0.0028657685828334944,0.036253065653785874,-0.19237633831255474,6.976854911269603,0.8003508324090127,-0.7203451927460406,-0.9959210458057288,-0.002849349722117674,-1.0,-0.9905318864038065,-0.25611237423903505,-0.25611237423903505,0.9587340767616159,0.02396154754182268,-0.02533381906719346,0.01683439629519079,-0.019226361669924197,0.05718803786062865,-0.05568230588091905,0.9032356122941776,smc_internal_choch_bearish,3,-0.0029215862398942016,-0.003431371914008093,-0.002416874964407261,percentile_bootstrap_subsample_20000,10000,-0.004702201694377175,-0.0011409707854112279,0.0017106832667371002,3.3852973941934903e-37,0.0009084939593191374,3356,-0.0801956539676324,-0.09416417586049863,-0.06639360727978875,1.0,1.1304121816066792e-108,-0.14417967790133793,-0.005219045308614622,0.9993898502151938,-0.0006857842378646729,-0.0021635654842530002,0.00021204843504857342,-3.234092426608015,-1,496,0.0028674309994831397,True,1.0,False,1.0,False,False,False,not_significant
190757,0.4500490152392835,-0.002935016524409674,-0.002906968051622716,0.03720085097722099,-0.18236983350082675,13.878233524463806,0.792402370927331,-0.7230982644611686,-0.9755412140843542,-0.0029350165244096775,-1.0,-0.9990470083160212,-0.2646429674049922,-0.2646429674049922,0.9624204451554201,0.022929251412699598,-0.02509238006797545,0.015749531052811516,-0.018447504667515657,0.054107761109413725,-0.05549871175249219,0.8741948704009685,ict_displacement_bearish,3,-0.002860367039992061,-0.003377716003525901,-0.0023521216932714454,percentile_bootstrap_subsample_20000,10000,-0.004184746097640358,-0.0015359879823437634,1.4018887407652102e-05,2.1129032324152005e-259,0.0006757160119513917,4076,-0.07772189940216974,-0.09181635515300746,-0.06391170314002162,1.0,0.0,-0.14463767539829428,-0.005304712110906624,1.0,-0.0007592685364963239,-0.00217574798791335,7.59455901751306e-05,-9.997532901455502,-1,496,3.475104484150381e-05,True,1.0,False,1.0,False,False,False,not_significant
212891,0.5323052641962319,0.0014358472540512749,0.0018558501157439622,0.033444255619632664,0.2549292564370778,12.424115612006101,1.1351561542889474,0.39348334152917386,0.5312452461797275,0.001435847254051277,-0.9936191683329751,-0.37749703642608995,0.07684159427234465,0.076351280994267,0.9896893234374512,0.022334379744405244,-0.021167328638681194,0.01626452851447091,-0.015012220056259129,0.049634201244214804,-0.04882676420785048,0.9996734463256821,ict_displacement_bullish,3,0.0011807669036047169,0.0007206969106378671,0.0016396873944633037,percentile_bootstrap_subsample_20000,10000,0.0002103694425630463,0.0021511643646463874,0.0037309360747252575,2.977778627789643e-87,0.0004951098392836147,4052,0.036096125201654276,0.021977711534581546,0.0500897470965581,1.0,9.007207419480906e-20,-0.026819372257262327,-0.0009338483324456744,1.0,-0.0007661091862357053,0.00220195644028698,7.114369571292601e-05,-10.768476089955387,1,496,0.005734888638878999,True,1.0,False,1.0,False,False,False,not_significant
10504,0.4538271134805788,-0.0029000809184315432,-0.002533713447642305,0.03258760227341345,-0.7852567068126042,14.073945077015065,0.7700779947443136,-0.8156378133442543,-1.0570618605508768,-0.0029000809184315454,-0.9999999999999998,-0.9756307406578322,-0.25184027985587776,-0.2518402798558777,0.9220904539543826,0.01965193226000255,-0.02233536543646627,0.013982099082369581,-0.01634965445094594,0.046644107823333385,-0.049499097854396414,0.8438908731962003,smc_equal_highs,3,-0.0029000809184315432,-0.003522679716708666,-0.0022731614008875867,percentile_bootstrap_full,10000,-0.004052305276867934,-0.0017478565599951524,8.092885837950478e-07,8.81584031408622e-20,0.0005878803684334972,2909,-0.08899338141234067,-0.10778101688592417,-0.06991713774213631,1.0,4.3136411711917575e-58,-0.15314049167669544,-0.005269776504928493,0.9897096974353791,-0.0007733953200420077,-0.0021266855983895355,0.00033399477105331495,-2.315591102228819,-1,495,2.6376813101468225e-06,True,1.0,False,1.0,False,False,False,not_significant
112379,0.5301079383158775,0.0012596339049436192,0.0016613186143290548,0.03260541659648389,0.40299189111946004,13.225678219659144,1.120956261602652,0.35407415821575033,0.4876647086626371,0.0012596339049436179,-0.9794422778518432,-0.4474558787541586,0.06447947048094935,0.06315391944254171,0.9862864621248654,0.02193442858017108,-0.02080890320494623,0.015929778267081085,-0.014905162569065822,0.04815529236527074,-0.048033022769601086,1.0018549766600444,ict_fvg_bullish_formed,3,0.0013388467155718469,0.0008893571017133178,0.0017952636656638002,percentile_bootstrap_subsample_20000,10000,0.0003765594807696199,0.002301133950374074,0.01029996942873931,2.4764815279500895e-38,0.0004909718927501867,3904,0.041343576916464744,0.027485510554863785,0.05543933614684746,1.0,6.029126118590341e-20,-0.03225065149868849,-0.0011100616815533301,1.0,-0.0009595078664730791,0.0022191417714166983,0.00010124319862635911,-9.477257529309895,1,496,0.01450235695566495,True,1.0,False,1.0,False,False,False,not_significant
36582,0.5330490405117271,0.001187235323356868,0.0019316552840198398,0.033482322373918204,0.11598102932852039,10.40573682627743,1.108181585198621,0.3249831762713266,0.43925926529378395,0.0011872353233568656,-0.9293318698090332,-0.39507304793909875,0.05798740645863417,0.0538895448695789,0.9616174668279931,0.02248084525074514,-0.021336317542599882,0.016546505075131224,-0.015156141535549117,0.04995907588923532,-0.049209929292428144,0.9987696380033737,ict_mss_bullish,3,0.0010352383682512168,0.0005785909550983652,0.001485682037841259,percentile_bootstrap_subsample_20000,10000,-0.00012947014311244726,0.002199946879614881,0.045730541719912254,1.2035971556348852e-11,0.0005942499512050548,3754,0.03146844127604435,0.017553514567752337,0.04530649107263206,0.9999999997780421,4.4391585169493053e-10,-0.03394148108106708,-0.0011824602631400813,0.9999999780469235,-0.0009853680132051706,0.0021726033365620386,0.00017999648147384037,-5.474373749624535,1,496,0.05769243035774096,False,1.0,False,1.0,False,False,False,not_significant
51765,0.4452042886119965,-0.0031176359393353097,-0.0034080949297756735,0.0372301273630309,0.2753478994758958,8.922953282628587,0.7837379662758631,-0.7674861029621642,-1.102176045143096,-0.0031176359393353097,-1.0,-0.9936606054712954,-0.2745551829073946,-0.2745551829073946,0.9717316952341627,0.022530011099248473,-0.025191069522238544,0.015636782503001267,-0.01900782636162468,0.05220853318493501,-0.05626755290643412,0.8518167407384343,ict_liquidity_sellside_pool_formed,3,-0.0029325778319779323,-0.003433098425396392,-0.0024191176285786246,percentile_bootstrap_subsample_20000,10000,-0.00467576074148246,-0.0011893949224734053,0.0004560191759314963,1.1872050116147972e-80,0.0008893953712948437,3819,-0.07979326189159151,-0.09361417069314758,-0.06549916291436099,1.0,5.152930547476144e-205,-0.14955639809767546,-0.0054873315258322595,0.9999999999939586,-0.0010113859509487677,-0.002106249988386542,0.00014918914111449396,-6.779219609372159,-1,495,0.0008523336993981674,True,1.0,False,1.0,False,False,False,not_significant
68195,0.5200527897939732,0.001130662419695628,0.0013095979002906155,0.037773426996550584,0.4312679815578856,10.955328853248705,1.0926991472589955,0.27433815439463816,0.38448126222555123,0.0011306624196956282,-0.9998947608156513,-0.598164364387551,0.03584510104133417,0.03584132873213768,1.0014996695799703,0.02554055924335551,-0.024093215585759963,0.018225625075753094,-0.017333469404624102,0.05646365041398522,-0.05565781828437046,1.0059786753586597,smc_fvg_bullish_formed,3,0.0009886736709723786,0.0004618434773316249,0.0015216574284690177,percentile_bootstrap_subsample_20000,10000,-0.00046038405217211373,0.002437731394116871,0.1261877533057519,5.500215994884532e-15,0.0007393287443771887,3888,0.026115207040794258,0.012258503751969138,0.04010853646516278,0.9999999999999902,1.948961289206118e-14,-0.03351697806231188,-0.0012390331668013213,0.9999999999999994,-0.0010460704353687253,0.0021767328550643533,0.00013054584288087483,-8.013050529102495,1,496,0.1451571541294924,False,1.0,False,1.0,False,False,False,not_significant
58450,0.5258340461933276,0.0011252960497514313,0.0014584847332398398,0.032281679962836506,0.6132500756154021,15.398302162455348,1.1095123999889203,0.3194848801646825,0.44322712640646944,0.0011252960497514335,-0.970377191772355,-0.4104980327929511,0.05392560458455996,0.05232817674139173,0.9909983538147336,0.021498359925387428,-0.020412498702791555,0.015474089934030988,-0.014534931288113562,0.047408083957074035,-0.046901979808468414,1.0008462904394,smc_internal_ob_bullish_formed,3,0.0008647900578763526,0.00041472982572847845,0.0013050874711835229,percentile_bootstrap_subsample_20000,10000,1.311646127031467e-05,0.0017164636544823907,0.009607250241640065,3.6079260709421444e-17,0.00043453532646826063,3902,0.026786928734894924,0.012840373077127262,0.040292251675221144,0.9999999999999999,2.7157991384899177e-16,-0.03631490593746357,-0.001244399536745518,0.9999999999999815,-0.0010663067030311575,0.002191602752782589,0.00014084435264757403,-7.570816173931444,1,496,0.013691303988086247,True,1.0,False,1.0,False,False,False,not_significant
2709,0.5123661867847914,0.0009921037085115622,0.0007474171122214823,0.03267705352293575,0.3307872088393087,10.5902146161264,1.0951474797709089,0.27826195151344135,0.39624684875566274,0.000992103708511563,-0.8491547853482517,-0.419345812304274,0.04626116567821284,0.03928289021144273,1.0351826321753836,0.022566844954870127,-0.020955457943783378,0.016118530190196267,-0.01563934130674205,0.04952376170039214,-0.04794505038413364,1.0126493208570204,smc_swing_choch_bullish,3,0.0009921037085115622,-0.00025409289136121474,0.002233602437341868,percentile_bootstrap_full,10000,-0.0008002204125242367,0.0027844278295473613,0.2779671555076608,0.11417233741364313,0.0009144678785099108,1489,0.030360867996106593,-0.007896770758665198,0.0678059422878225,0.9853180590273889,0.029363881945222214,-0.03998377439206498,-0.0013775918779853871,0.9536733378166051,-0.0011319071720509145,0.0021240108805624766,0.0006731274295963477,-1.6815644739506186,1,492,0.3001363151493761,False,1.0,False,1.0,False,False,False,not_significant
32591,0.5298702095670584,0.001043300146891945,0.0016595586881267277,0.03228889802102073,0.4437368037491062,15.38242082559777,1.1011439200470108,0.29613905637648924,0.40002651757065355,0.0010433001468919453,-0.987780711990864,-0.5305655633430223,0.04547354892347475,0.04491789453238128,0.9674941628857081,0.021460279639754165,-0.020337208061462324,0.015532832519474127,-0.01435895177943769,0.04733340366828975,-0.04668674443598386,1.0044223408777018,ict_ob_bullish_formed,3,0.001192762938648954,0.0007420191704204971,0.0016471742278554274,percentile_bootstrap_subsample_20000,10000,0.0002215047396434965,0.0021640211376544112,0.03526154413773897,5.489608961011737e-09,0.0004955489993721606,3711,0.036602134713450044,0.02285567582799866,0.050357716077961585,0.999999999996771,6.457905126574702e-12,-0.03870392521565876,-0.0013263954396050043,0.9999999993785348,-0.001152340171350316,0.002195640318242261,0.0001896979496067922,-6.074605306693606,1,496,0.045632586531191614,True,1.0,False,1.0,False,False,False,not_significant
117712,0.5251036427891804,0.0008510922828041855,0.0014191749305244583,0.03312542578171672,0.1242179809241571,14.63142255410689,1.0800249698957092,0.23548043337125163,0.31361356395538204,0.0008510922828041875,-0.9920730847025087,-0.6004681418663453,0.025650622127550336,0.02544729181861729,0.9697352543114003,0.02100471033635032,-0.02096269265965182,0.015081898381266279,-0.014747942572604977,0.046745490187823,-0.0480518115795764,0.9532542762790018,ict_volume_imbalance_bullish,3,0.0009568672821150861,0.0005005121684879367,0.0014141446480398542,percentile_bootstrap_subsample_20000,10000,-6.109688179049822e-05,0.0019748314460206703,0.10128141187080855,1.21197806118056e-18,0.0005193790109948878,3879,0.028981199938857963,0.015184778288923482,0.04260312231098888,1.0,3.196431020911353e-36,-0.04380519595414238,-0.001518603303692764,1.0,-0.0013150625463025957,0.002166154829106781,9.655843324152835e-05,-13.619344288790787,1,496,0.11963441939102219,False,1.0,False,1.0,False,False,False,not_significant
80874,0.5188193980760195,0.0008570514876382544,0.0010188511801864086,0.03087952021367196,0.6774336004940542,13.880455983224262,1.0869834820849358,0.2543759287320728,0.355318614182934,0.0008570514876382555,-0.9921462680628813,-0.6289166752645092,0.0330325068080912,0.0327730783544094,0.9978414586369445,0.020204791297135715,-0.019804748250090095,0.014472863180733708,-0.01410988265652996,0.04452372394650809,-0.04536750301161261,0.9741006874078887,ict_bos_bullish,3,0.0012459257401397693,0.000813640843210901,0.0016836420694880672,percentile_bootstrap_subsample_20000,10000,0.00037178397115467956,0.0021200675091248592,0.05465045628246547,2.9873602410096075e-15,0.00044599889027813254,3894,0.039884091655579205,0.026236004826390272,0.05366043276162701,1.0,5.416281485357802e-31,-0.044999644145414866,-0.001512644098858695,1.0,-0.0013513839854236572,0.0022084354730619116,0.00011862495497282752,-11.392071640686465,1,496,0.06656387754819323,False,1.0,False,1.0,False,False,False,not_significant
84860,0.4447207164741928,-0.003595625777981911,-0.0032789981683710723,0.037776191957707754,-0.3838828815961385,12.688496017541002,0.7546201160618868,-0.8723604177352565,-1.1450297104290164,-0.003595625777981908,-1.0,-0.9969111429847427,-0.3053182423270517,-0.3053182423270517,0.9371014531185332,0.022906369139236566,-0.02602525329869705,0.01582311227319999,-0.0190786589449764,0.05413082547969051,-0.05745212664753847,0.8429446186163201,ict_volume_imbalance_bearish,3,-0.003427967300185831,-0.003956384801667673,-0.0028993257885893183,percentile_bootstrap_subsample_20000,10000,-0.005133090179143824,-0.0017228444212278387,3.5803658678181445e-05,1.8554731637588037e-168,0.0008699766316922109,3776,-0.09077170825766645,-0.1046435983478855,-0.07678887664642658,1.0,0.0,-0.161361221447544,-0.00596532136447886,1.0,-0.001433035259782993,-0.002162590518198918,0.00011680861106794602,-12.268233023928477,-1,496,8.183693412155759e-05,True,1.0,False,1.0,False,False,False,not_significant
31991,0.5165827889093808,0.0007214979223629835,0.000909797804108603,0.030856602763886385,0.9614410855379494,16.42382637258334,1.0727858831991952,0.2143021944626618,0.3069677882021307,0.0007214979223629844,-0.9853174500991242,-0.5617222298688013,0.02166746368380271,0.021349330067039863,0.9941088596945705,0.02028236524355316,-0.01980878093157367,0.01453720097551403,-0.014224846899394405,0.04439558281209233,-0.045627876108772836,0.9733591187316866,smc_internal_bos_bullish,3,0.0006008713507688828,0.0001711322108115542,0.001037395800242309,percentile_bootstrap_subsample_20000,10000,-0.00025021968879666075,0.0014519623903344265,0.09660783663007001,2.8951818608214575e-05,0.00043423809802911866,3642,0.019402671124596895,0.005520596553159138,0.03337249709249087,1.0,1.3521399240321361e-18,-0.04904758261891462,-0.0016481976641339658,0.9999999999999971,-0.0014940995177000612,0.0022155974400630447,0.00019127919706243485,-7.811092584272909,1,496,0.11449817674674964,False,1.0,False,1.0,False,False,False,not_significant
90913,0.44241197628501977,-0.0037241369037720445,-0.003472585370096759,0.03932767203939501,-0.06720207298824862,12.9624312190716,0.7531008520120746,-0.8678947100056421,-1.1586927000663292,-0.0037241369037720445,-1.0,-0.9976994655737959,-0.3160451267190175,-0.3160451267190175,0.943917857627426,0.023856138703479562,-0.02638426726297269,0.016348954762931855,-0.01957380792230423,0.05598875535046741,-0.05786173022445684,0.863319514198973,ict_fvg_bearish_formed,3,-0.0037763755672978717,-0.0043272697227076185,-0.0032299684739274686,percentile_bootstrap_subsample_20000,10000,-0.005578622528717087,-0.0019741286058786566,5.120863865950094e-05,1.6274391371544067e-178,0.0009195306451645106,3874,-0.09577120583567325,-0.1100386903022649,-0.08177637688742831,1.0,0.0,-0.16134464546162122,-0.006093832490268994,1.0,-0.0015497370232536419,-0.0021743998805184026,0.00011387088357454428,-13.609598648974425,-1,496,0.00011408506840597677,True,1.0,False,1.0,False,False,False,not_significant
20568,0.44914430182808246,-0.0037812114037037445,-0.0038168341277725615,0.053840027163368914,-0.16050073555024663,10.800396805453193,0.8052497283901211,-0.643673058467246,-0.8473562238837232,-0.0037812114037037436,-1.0,-0.9939837718749764,-0.3589022411927138,-0.3589022411927138,0.9824604555840067,0.03318061560092155,-0.03510824779974295,0.020818664871075754,-0.024070472907087415,0.08018988812944838,-0.07838601430903659,0.9024614328029609,ict_ob_bullish_mitigated,3,-0.0037629286353331112,-0.004487401304387289,-0.0030232093743677033,percentile_bootstrap_subsample_20000,10000,-0.00909808398789395,0.001572226717227728,0.16480382961540563,8.331110223118114e-24,0.0027220680341888113,3029,-0.06993999712995977,-0.08347895256625149,-0.05613295358188571,1.0,6.804813698622282e-58,-0.13414263708883045,-0.006150906990200693,0.9999999999947613,-0.0016496345023412915,-0.002131576901362453,0.00024260093522420452,-6.799786244915951,-1,496,0.18474824211663304,False,1.0,False,1.0,False,False,False,not_significant
26231,0.4455415348252068,-0.003922566550067627,-0.00324725049008312,0.03614992800200988,-0.37042277042026356,8.177555122359653,0.7311254454720747,-0.9944948235131907,-1.314921764226382,-0.003922566550067629,-1.0,-0.9866874417350512,-0.3204971656873668,-0.3204971656873668,0.9048514112525103,0.022812162365739633,-0.025549122337927742,0.016225859580953017,-0.019245695394487283,0.05358318250585903,-0.05611639446505934,0.8544341599084332,ict_bpr_bearish,3,-0.003707498853935033,-0.0042044367916472015,-0.003210020022756026,percentile_bootstrap_subsample_20000,10000,-0.005452273919302776,-0.00196272378856729,1.0512715518946027e-05,9.663222032734094e-69,0.0008902077106353702,3245,-0.10299410264018459,-0.11668166522405873,-0.08921067592984486,1.0,1.428364338955758e-156,-0.17407621566786363,-0.0062922621365645755,0.9999999999999997,-0.0017348193156843483,-0.0021877472343832783,0.00021474955174281309,-8.078337307832852,-1,496,2.6622128508410083e-05,True,1.0,False,1.0,False,False,False,not_significant
3855,0.5302204928664073,0.00030227912886607674,0.0022069330889367134,0.049844356912216094,-1.0802796675082063,10.006759923667095,1.0185157695934246,0.055581697702457945,0.06482240559686839,0.0003022791288660766,-0.9959318184473454,-0.8486340940587396,-0.08165081555517928,-0.0813186452135785,0.8964333999503772,0.03127651563591798,-0.03323375827775701,0.02254744695984079,-0.020733949757104186,0.07179561609201762,-0.07760104334247177,0.8954074384159889,smc_swing_ob_bearish_mitigated,3,0.00030227912886607674,-0.0012964529855801884,0.0018799274748538292,percentile_bootstrap_full,10000,-0.004463753927053,0.0050683121847851535,0.9010713845416609,0.7065405696056698,0.002431694182096751,1742,0.006064460404182539,-0.02571356172896041,0.03866361122742604,0.9948198083962844,0.01036038320743133,-0.04748733712520459,-0.0020674164576308727,0.9991395316005875,-0.001797713478352638,0.0020999926072187147,0.0005735080891421194,-3.1345913203103084,1,492,0.9098457037342748,False,1.0,False,1.0,False,False,False,not_significant
67848,0.4321424360334866,-0.004938087279655078,-0.004799550103335215,0.04672755311880606,0.07364678362571474,14.919136977658567,0.7238697498519033,-0.9685574029430865,-1.2998573056603664,-0.004938087279655076,-1.0,-0.9985694412183388,-0.3997279844482167,-0.3997279844482167,0.9467337413905506,0.02776521163616351,-0.030629739121470614,0.018420992320037077,-0.022375986834615613,0.06527507939347514,-0.06809034236441129,0.8576243594637991,smc_fvg_bearish_formed,3,-0.00476663352157975,-0.00539464055007176,-0.004116099029220882,percentile_bootstrap_subsample_20000,10000,-0.007727162790763251,-0.0018061042523962495,0.0010786349714805906,6.907306609317352e-166,0.001510501860842087,3781,-0.10383501253272692,-0.11804079410801968,-0.08950165287912672,1.0,1.344264824956495e-309,-0.17494454546723395,-0.007307782866152027,1.0,-0.0028128131580757304,-0.002125274121579347,0.00013013769792717323,-21.61413028567493,-1,496,0.0018611740684370973,True,1.0,False,1.0,False,False,False,not_significant
2655,0.4591337099811676,0.0004247336123897746,-0.0036929493573540917,0.07373870933424945,1.0774625073483899,7.268398243393783,1.017958818449923,0.0408918131626952,0.06698375682386594,0.00042473361238977436,-0.9985494116734343,-0.9211879297688594,-0.10582728331004713,-0.10567377148824542,1.1916548268482694,0.049920967363370226,-0.04555225816421324,0.029432074118855178,-0.034365411669201595,0.11828895466703812,-0.09674492383795057,1.0510502992124309,smc_swing_choch_bearish,5,0.0004247336123897746,-0.002371151569009765,0.0032582734888285106,percentile_bootstrap_full,10000,-0.01567240203445964,0.016521869259239187,0.9587558235773795,0.766647926541095,0.008212975160181215,1076,0.0057599816463359006,-0.03323197217965398,0.04348186421627844,0.9915793323696147,0.016841335260770477,-0.05581323183667229,-0.003429775357454503,2.7929643757254615e-06,0.0039320904660621065,-0.0035073568536723317,0.0008658159668138588,4.5414852772141865,-1,492,0.9587558235773795,False,4.915617301276812e-05,True,1.0,False,False,True,significant_but_negligible_effect
3903,0.44991032539072506,-0.0016755138146311956,-0.005418186098133715,0.06950960908186152,0.925759106199341,6.996815339745236,0.9302797333387105,-0.1711269599005192,-0.2744420552403981,-0.0016755138146311958,-0.9999999172675677,-0.9601260956867216,-0.18463501102493005,-0.1846349957496265,1.1315931152684997,0.04701239033798555,-0.04530502050778159,0.0295209342674001,-0.034251323601231176,0.10918533922626611,-0.09789387202151642,0.9982249182126767,smc_swing_ob_bearish_formed,5,-0.0016755138146311956,-0.003874210282822129,0.0004884680245866963,percentile_bootstrap_full,10000,-0.01364471043719127,0.010293682807928878,0.7838029735690013,0.1321681733050486,0.0061068451372372524,1408,-0.02410477970978001,-0.05650358121026991,0.006867651126051219,0.9999996197731066,7.604537867761347e-07,-0.09383287711968927,-0.005530022784475473,0.006807506724504985,0.0017963156439809193,-0.003471829458612115,0.00072805991704413,2.467263479184281,-1,493,0.7997062223080825,False,0.06305900965857249,False,1.0,False,False,False,not_significant
42367,0.5497439044539382,0.003912741948940164,0.004162686975416552,0.04719739483302015,0.008587116489891484,9.494379193707772,1.2701276228768799,0.5885433369152623,0.7948893348842361,0.003912741948940162,-0.9317029370672838,-0.27274265305392903,0.16177737695021574,0.1507284572555571,1.0347087508679713,0.033313072434875184,-0.030031447986382652,0.024947786621043466,-0.021207043201035836,0.07324524156316917,-0.06857511955809703,1.065847101766108,smc_internal_ob_bearish_mitigated,5,0.0036209238499949393,0.002959947463570365,0.004265882703879279,percentile_bootstrap_subsample_20000,10000,0.0015762176022560402,0.005665630097733838,0.0001764263471636984,4.553130980863949e-65,0.001043236634825384,4044,0.07678649296663087,0.06264689528647599,0.09061845555629268,0.4068956865639545,0.813791373127909,0.0012497049584076195,5.823297909588647e-05,0.058593115755309254,0.000336200777963883,0.0035765411709762812,0.00021459249588656043,1.5666940103143594,1,496,0.000356908472423114,True,0.3819403101086825,False,1.0,False,False,False,not_significant
59002,0.5535236093691739,0.0035785147026298754,0.004222222642889406,0.04123883735425117,0.29505595815799346,10.425325506116057,1.2769600028144272,0.6160438997023543,0.8771506662065846,0.003578514702629874,-0.8983370839836082,-0.24038763484336345,0.16399126473384273,0.14731943455978422,1.024453566665875,0.02978394837347107,-0.027141262334906237,0.02253860316980616,-0.0193568319641943,0.06457034592553111,-0.06290892996211522,1.057395439430164,ict_liquidity_buyside_pool_formed,5,0.0037769351874283145,0.003221447662571367,0.004349894874798336,percentile_bootstrap_subsample_20000,10000,0.002316200532003586,0.005237669842853043,1.5745860236177934e-06,2.9200857965876698e-98,0.0007452864723151693,3926,0.09196708494710554,0.07841750553727198,0.10599220055296017,0.9233124873918964,0.1533750252162072,-0.0063187199626130305,-0.0002759942672144024,0.2550410829925084,0.00011510316987865463,0.0034634115327512207,0.00017474034439020442,0.6587097574995227,1,496,4.948698931370208e-06,True,1.0,False,1.0,False,False,False,not_significant
49402,0.5535201004007935,0.003650939833356168,0.00449916706352349,0.04651852946422019,-0.046105966010445934,7.095664329446468,1.2513356674859055,0.5571780084934441,0.7577572079257361,0.003650939833356173,-0.9763519362678846,-0.38354682846469845,0.14084258906674488,0.13751193454429836,1.00413452373901,0.03260391456025372,-0.02959504764826401,0.0247709935637902,-0.02073474787341162,0.0707233302778859,-0.06759495346848354,1.0588741815685956,ict_sweep_sellside_bullish,5,0.003304205128501812,0.002669550139224418,0.003956117034436351,percentile_bootstrap_subsample_20000,10000,0.0011311112321979529,0.005477299024805671,0.000991711377847419,6.095147987808266e-68,0.0011087417403094438,3924,0.07155753733177833,0.05766925082163531,0.08590586859607968,0.8131927540397206,0.37361449192055873,-0.004401038888139159,-0.00020356913648810968,0.30253307778110833,0.00010143162477596092,0.003549508208580207,0.00019614378106051793,0.5171289358629492,1,496,0.001719617758631978,True,1.0,False,1.0,False,False,False,not_significant
147428,0.5513064004124048,0.003666413104630841,0.0039321243737932,0.04563271699385713,0.15728090226604788,10.044980837472549,1.2659773333351692,0.5704010773073521,0.7755635413117924,0.0036664131046308408,-0.9370427027901813,-0.2372207580541345,0.15043762301448702,0.1409664768708253,1.0246444658594056,0.03132645020191736,-0.027959237351590536,0.022650614757392273,-0.019181338822713556,0.06900159084532184,-0.06470023267235261,1.082736934890056,ict_nwog_gap_up,5,0.004006867355302134,0.0033623890991388004,0.004639067403463476,percentile_bootstrap_subsample_20000,10000,0.0015717094611846449,0.006442025249419623,0.0031679461292286773,2.5943317385055926e-208,0.001242450317514755,853,0.08807207066661994,0.07393716172462114,0.10218148436473082,0.8942142280435059,0.21157154391298816,-0.004105867774855673,-0.0001880958652134366,0.37686810895335376,3.494296747688858e-05,0.0036314701371539526,0.00011138383061146818,0.3137166973434187,1,496,0.004890864199510941,True,1.0,False,1.0,False,False,False,not_significant
6783,0.43918620079610793,-0.003750144198812443,-0.004334147913750863,0.04517903880748806,-2.2447140791060978,56.1105695845843,0.7780443057848652,-0.5892861697967446,-0.7395991768806698,-0.0037501441988124426,-1.0,-0.972576786075518,-0.2826445288708383,-0.2826445288708383,0.9869853748106766,0.02919127619157976,-0.03128974119718953,0.019969152186866457,-0.02272758834086619,0.06571906899392906,-0.06917646796158272,0.91119036459011,smc_swing_ob_bullish_mitigated,5,-0.003750144198812443,-0.004819382939986561,-0.0026686741038131887,percentile_bootstrap_full,10000,-0.006034547527993494,-0.0014657408696313926,0.0012929725871297806,8.83383365010113e-12,0.0011655333103980738,2703,-0.0830062856093983,-0.10517802275248869,-0.05964170724614446,1.0,5.1312002907363386e-42,-0.16681959214502015,-0.007604653168656721,0.6321373066452259,-0.0001784318132817663,-0.0035717123855306767,0.0005286564590176484,-0.33751940459278423,-1,494,0.0021986780225588544,True,1.0,False,1.0,False,False,False,not_significant
130950,0.4420389461626575,-0.003855446052809964,-0.004279227272063535,0.046793050024019955,-0.2200250987545365,11.230804637294664,0.7832475066602282,-0.5849362613332995,-0.7945573789702978,-0.003855446052809965,-1.0,-0.9981829757781129,-0.22280456501606652,-0.22280456501606652,0.9844684390528041,0.029249350438873743,-0.03238485035181745,0.0199502188809077,-0.02379359892755617,0.06698201017043894,-0.06972387558513019,0.8852850791743976,ict_nwog_gap_down,5,-0.003464937120931635,-0.004104758546835055,-0.002811278160736931,percentile_bootstrap_subsample_20000,10000,-0.006261496493184431,-0.0006683777486788394,0.006890656400345987,1.0994867930387786e-194,0.0014268422135573897,852,-0.07427061841063648,-0.08830334643925278,-0.06015604676368699,1.0,0.0,-0.16618776903730545,-0.007709955022654242,0.9874746260053421,-0.0002647793581512501,-0.003590666694658714,0.00011817240115496144,-2.240619261040829,-1,496,0.0100227729459578,True,1.0,False,1.0,False,False,False,not_significant
65546,0.44527507399383637,-0.0038872239763693747,-0.004138719468907537,0.04215119192028411,-0.18548595315339458,7.543557664043311,0.7693178537183845,-0.6547039682048627,-0.9071361864489347,-0.0038872239763693764,-1.0,-0.9971064842542132,-0.21504220392987825,-0.21504220392987825,0.9545435289763536,0.027571674687395596,-0.03045247628952292,0.019553396047879923,-0.022893595624230434,0.0641700320107903,-0.06566988615547809,0.8813321213906928,ict_sweep_buyside_bearish,5,-0.0036932504695138574,-0.004272251694372665,-0.0031038601404111167,percentile_bootstrap_subsample_20000,10000,-0.0050776609096357984,-0.002308840029391917,3.727579127001848e-08,9.842538197331299e-123,0.000706344830885639,4007,-0.08699549490052098,-0.10078399375061502,-0.07313718361234021,1.0,0.0,-0.17550120778241793,-0.007741732946213652,0.9707315178648774,-0.000317384008501927,-0.0035698399678674476,0.00016778112842730976,-1.8916549881200249,-1,496,1.619886237906976e-07,True,1.0,False,1.0,False,False,False,not_significant
2707,0.5352789065386037,0.0031483483720972957,0.003227615512324311,0.04026646597490731,0.2997014316888273,6.088667796379028,1.2502680395026475,0.5550786651878438,0.8193615039609224,0.0031483483720972927,-0.7418508339927232,-0.23761804413919094,0.1686242622914958,0.12509404961235387,1.0811496573477,0.029623090929019137,-0.027150554741133297,0.021325505246193144,-0.02002416435872989,0.06547828860494667,-0.06019704243022295,1.0488393120494193,smc_swing_choch_bullish,5,0.0031483483720972957,0.0016533329708479205,0.004686749055819989,percentile_bootstrap_full,10000,0.0009403483187756401,0.005356348425418951,0.005195141048111221,4.8769110193791714e-05,0.0011265513312089688,1487,0.07818784926542198,0.04115578307577126,0.1156708504094029,0.8174926787325525,0.36501464253489513,-0.016337675863483715,-0.0007061605977469821,0.6641410060506487,-0.00036411821703293814,0.003512466589130234,0.0008591921897976298,-0.42379134884675906,1,492,0.007814913029637393,True,1.0,False,1.0,False,False,False,not_significant
7286,0.5417238539665111,0.0031843305575048873,0.002796322190500966,0.036974516483886874,0.40585767183197846,6.497027936028495,1.2825914474947255,0.6114077075383767,0.8924242655032054,0.003184330557504887,-0.6569695245041172,-0.1983188790145358,0.20462785904502132,0.13443426725710317,1.0768958847219459,0.027238845018609233,-0.02448278672658233,0.02008873457623228,-0.01795828398487359,0.05922244672032195,-0.05481675710924849,1.0775195784283083,smc_swing_ob_bullish_formed,5,0.0031843305575048873,0.002345552963003102,0.00403294089504424,percentile_bootstrap_full,10000,0.0018719086634513462,0.004496752451558428,1.9799249555894865e-06,2.177773334909365e-13,0.000669615306226819,2625,0.08612230423331126,0.06354724706669307,0.10925838783529468,0.9348502742486132,0.1302994515027735,-0.01606133060252559,-0.0006701784123393905,0.793192734485617,-0.0004174230870129577,0.003601753644517845,0.0005105784279575517,-0.8175493991839022,1,494,5.906216816673723e-06,True,1.0,False,1.0,False,False,False,not_significant
4579,0.5455339593797772,0.0032056024019902216,0.002634812434074929,0.034887166165557815,0.49727870839968474,6.548392554626073,1.3055009157080193,0.6523177998375561,0.9498048497245036,0.0032056024019902207,-0.4810251075037562,-0.17940688905577634,0.29102933809830867,0.13999241864548595,1.0771166482282737,0.025829333404833385,-0.022905663333835122,0.019562772249019478,-0.016761490245280175,0.05525273571162897,-0.05081369621454343,1.0978741310544782,smc_swing_bos_bullish,5,0.0032056024019902216,0.0021905362066319684,0.0042220466179918896,percentile_bootstrap_full,10000,0.0018952051012617746,0.0045159997027186686,1.629783922915374e-06,5.494521001897262e-10,0.0006685823314757041,2156,0.09188486066130923,0.06281042308787128,0.12066163970369571,0.8922758005549413,0.2154483988901174,-0.015897716508014303,-0.0006489065678540562,0.7602385338455805,-0.00044893570615161475,0.0036545381081418363,0.000634923924653808,-0.7070700736255872,1,492,5.0572505411714444e-06,True,1.0,False,1.0,False,False,False,not_significant
20141,0.5401916488754283,0.0030628054117593354,0.0029423614623957928,0.040289316585781554,0.3350127552029095,6.972082142739488,1.2456989774044274,0.539690499961634,0.7762659966393126,0.0030628054117593367,-0.8541172448931236,-0.2812530557408538,0.1407501434037893,0.12021712470235657,1.0539208719676243,0.029166954250027428,-0.026477665327493096,0.021411259615724543,-0.019185413094247927,0.06356429769067584,-0.059893487219075725,1.0638269015968753,ict_ob_bearish_mitigated,5,0.0030477074293556077,0.0024812086155362686,0.003619424858196488,percentile_bootstrap_subsample_20000,10000,0.0017553614221380491,0.0043400534365731665,3.4002401697777495e-06,4.614594687516629e-27,0.0006593723186841996,3509,0.07565289943953987,0.061595361256200645,0.08977897431195352,0.9959933805241471,0.008013238951705874,-0.018312280829890237,-0.0007917035580849423,0.9510705162847591,-0.0005175847157398226,0.003580390127499158,0.0003126789586510288,-1.6553231402995774,1,496,9.63643794121457e-06,True,1.0,False,1.0,False,False,False,not_significant
54098,0.4454138785167659,-0.004119829681501644,-0.0041362639784592314,0.04927970053472713,-0.6815722367572721,19.479977733218433,0.7770892864790246,-0.593507853921391,-0.771731647016251,-0.004119829681501642,-1.0,-0.9972844060478597,-0.24757172100214112,-0.24757172100214112,0.9630089302602155,0.03069474326666057,-0.03326400628594353,0.02102773981069389,-0.02396808293033481,0.06999789726990097,-0.0722156744859376,0.8954283282831694,smc_internal_ob_bullish_mitigated,5,-0.00420167014413147,-0.004884214255009322,-0.0035100100117470283,percentile_bootstrap_subsample_20000,10000,-0.006431387687525669,-0.0019719526007372706,0.00029300353941368756,6.256095538959665e-84,0.0011376318868072063,4034,-0.08420463098487702,-0.0974407623353696,-0.07070701839973723,1.0,9.093616087538184e-259,-0.16730662039000627,-0.007974338651345923,0.9972089830025973,-0.0005187108605515444,-0.0036011188209501,0.0001871674250931681,-2.771373599296677,-1,496,0.0005740749941181507,True,1.0,False,1.0,False,False,False,not_significant
44312,0.5493997111391948,0.002943083231363338,0.0035464600450136885,0.04003231440575731,0.5330209284783904,13.727256932213727,1.2326702570006178,0.5219238147033759,0.7458020250835136,0.002943083231363341,-0.9128909408163324,-0.28158551304160523,0.125077172886086,0.1141818180306261,1.0051237326645825,0.028650202717626045,-0.026387058561923346,0.021620804725429266,-0.01878391917932659,0.06220789045375865,-0.06094873606790092,1.0505025769546656,ict_liquidity_buyside_swept,5,0.0026438911653837572,0.0020857850132799437,0.0032178010504308775,percentile_bootstrap_subsample_20000,10000,0.0013068366943895268,0.003980945636377988,1.6017278693369007e-05,6.9983646810173e-54,0.0006821831783615568,3857,0.06477859379827766,0.05125379393035378,0.07833155444387602,0.9999918380729117,1.6323854176610522e-05,-0.02113993020788773,-0.0009114257384809396,0.9957673708437401,-0.0005308601696165337,0.003473943400979872,0.00020162359408033712,-2.6329268260390792,1,496,3.861700068538281e-05,True,1.0,False,1.0,False,False,False,not_significant
32943,0.4429165528336824,-0.004248666922180774,-0.0050472548082227675,0.051844095854627154,0.484233601704282,8.155010480237637,0.7866690569179743,-0.5817932106425819,-0.8491319290243646,-0.004248666922180774,-1.0,-0.9963477365652174,-0.2462899963686427,-0.2462899963686427,0.9854524722326594,0.0328393060834771,-0.03551261255377025,0.02222743505494973,-0.026406841573923145,0.07516662651176267,-0.07757846132415963,0.8985812294933565,ict_liquidity_sellside_swept,5,-0.004347863652182873,-0.005054931839669965,-0.003639405138961115,percentile_bootstrap_subsample_20000,10000,-0.0076941639592113175,-0.001001563345154429,0.012828691341234004,7.035213300247898e-50,0.0017073274340898325,3723,-0.08512242934924423,-0.09957721824565816,-0.07084919606058303,1.0,5.07643941570481e-159,-0.16535633374350997,-0.008103175892025052,0.9993223607518306,-0.0007735492944549328,-0.0034751176277258416,0.0002414316233966557,-3.204009829251092,-1,495,0.017778343905962085,True,1.0,False,1.0,False,False,False,not_significant
10498,0.44284625642979614,-0.004365095648170036,-0.0038342351454384582,0.04316035141893581,-1.105801742784421,16.553474759928847,0.7419107305248891,-0.7179993656151267,-0.9132293767940858,-0.004365095648170041,-1.0,-0.9852589364760875,-0.23720458077694964,-0.23720458077694964,0.9291039520576262,0.02605553546656733,-0.030158759849675143,0.01830395449998201,-0.02206057404789985,0.06045203984942496,-0.0649364324567893,0.8437391718440286,smc_equal_highs,5,-0.004365095648170036,-0.005196816952881184,-0.003551016778705326,percentile_bootstrap_full,10000,-0.00609076147353356,-0.002639429822806512,7.131199596590338e-07,4.851423390638032e-25,0.0008804579193105199,2907,-0.10113670312366667,-0.1196917718732642,-0.08271215726891729,1.0,9.216552868871063e-80,-0.18430686610526192,-0.008219604618014313,0.9767085615474168,-0.0008478009767117624,-0.0035172946714582738,0.00042601497955433847,-1.9900731603350226,-1,495,2.368096469811131e-06,True,1.0,False,1.0,False,False,False,not_significant
26872,0.5471866626972314,0.0027436397937189508,0.0037317770341156464,0.044370493258581174,0.16853742548149467,7.911815369582337,1.1940985300807965,0.43898340695383076,0.60646248671924,0.0027436397937189525,-0.9709123347564794,-0.36020378787768664,0.0952951437280961,0.09252323048800006,0.9833609290498073,0.031349298472940344,-0.028872229113353194,0.023004343523549853,-0.020452745190053134,0.06767333524506167,-0.06642015551724705,1.046793708729692,ict_bpr_bullish,5,0.003032446610047434,0.0024203859162491514,0.0036444781324882903,percentile_bootstrap_subsample_20000,10000,0.001030934800623645,0.005033958419471223,0.007216459855916318,4.209706894918026e-24,0.001021198251306549,3293,0.06866705842647451,0.05488412617167293,0.08250728763978124,0.9999484919240713,0.00010301615185733722,-0.0245836758550017,-0.001110869176125327,0.9996021119325088,-0.000913876337979411,0.003657516131698362,0.0002724524624015102,-3.354259785080017,1,496,0.010453472713096889,True,1.0,False,1.0,False,False,False,not_significant
36556,0.5396104606630923,0.002562204770716512,0.0031842174786922417,0.04244957635218361,0.3062766918096573,8.312580768374792,1.1870501354668626,0.42850485154726703,0.6088802481751676,0.0025622047707165134,-0.9269996526070502,-0.33103137895758616,0.09425483432942094,0.08737419867990828,1.0057370431946504,0.029983676109196937,-0.028012860995182336,0.022248113624393495,-0.019880613428901628,0.06586187529978771,-0.06448687458862917,1.0340334242930302,ict_mss_bullish,5,0.002102045257853984,0.0015056354697613056,0.0026828948431365136,percentile_bootstrap_subsample_20000,10000,0.0004979005943676867,0.0037061899213402813,0.0017448891019787194,9.335743482789548e-31,0.0008184561877087015,3752,0.049118331622587046,0.03532234272179574,0.06259568498526064,0.9999999612094054,7.758118933016656e-08,-0.029201336010581856,-0.0012923041991277657,0.999996537656613,-0.0010328866510139162,0.0035950914217304283,0.00022973506705505683,-4.495990378196731,1,496,0.0029109050421635505,True,1.0,False,1.0,False,False,False,not_significant
51740,0.4406068805566293,-0.00454385123773168,-0.004902876963993941,0.048306783164120515,0.23942151111528703,8.653813340371881,0.7612706295626549,-0.6677766893388868,-0.961308847657668,-0.004543851237731681,-1.0,-0.9966229479295965,-0.25122901278315446,-0.25122901278315446,0.9633678287604961,0.02955874219442765,-0.03365647156473494,0.02033938596094148,-0.0253653028889389,0.06694212852565942,-0.07363410264578978,0.8523303814740363,ict_liquidity_sellside_pool_formed,5,-0.005066731489197257,-0.005715115096985043,-0.004413282059594894,percentile_bootstrap_subsample_20000,10000,-0.007719316166994157,-0.002414146811400357,0.0007867951469122368,4.015525903323392e-101,0.0013533843875688024,3817,-0.1055337025031587,-0.11925147386221653,-0.09152018952751056,1.0,2.5344868091536716e-285,-0.17807323015338378,-0.008398360207575957,0.9999999874168373,-0.001060306920777878,-0.0034835443169538016,0.00019028800818208396,-5.572116345677889,-1,495,0.0013987469278439765,True,1.0,False,1.0,False,False,False,not_significant
26440,0.5440242057488653,0.0023876222194860338,0.0033481709137774818,0.042795903224679764,0.30706809813390173,9.371605564554299,1.174235491098374,0.3960761421920836,0.5493246646842722,0.002387622219486036,-0.9311290437952142,-0.3482386800937617,0.08271052309088907,0.07701417027742152,0.9774138998137397,0.03034923030261816,-0.02783861151011893,0.02246287880591069,-0.019637996609548403,0.06552160422266246,-0.06338339102969023,1.0557967754586384,smc_internal_choch_bullish,5,0.0023788160540115515,0.0017680701245912436,0.0029801907121620647,percentile_bootstrap_subsample_20000,10000,0.0008516546558624265,0.0039059774521606767,0.002181929335086943,1.249697337818345e-19,0.0007791782900854939,3578,0.055307232828245664,0.0411189489966538,0.0691069319249853,0.9999999269456662,1.461086676407887e-07,-0.033022050061496465,-0.001466886750358244,0.9999948006165225,-0.0011909019616693156,0.0035785241811553494,0.00027012475005505605,-4.408711017507983,1,496,0.0035231152566541466,True,1.0,False,1.0,False,False,False,not_significant
22474,0.44424668505828957,-0.00480104762802644,-0.004953176222911582,0.050027207405266005,0.243168923378116,5.863358441504225,0.761866999154655,-0.6813104056703937,-0.9909424630265683,-0.004801047628026443,-1.0,-0.9962503474602179,-0.26392549628245504,-0.26392549628245504,0.9493577059778706,0.03404585265534073,-0.036060207532139434,0.02347239443051863,-0.026968796904595527,0.08007464139256676,-0.07860693278009398,0.9190737840205654,ict_ob_bearish_formed,5,-0.004702274941349318,-0.005394930311896087,-0.004019706123733659,percentile_bootstrap_subsample_20000,10000,-0.0076642144585454645,-0.0017403354241531718,0.0014884191682434183,1.0075843422926688e-46,0.0015112213883500647,3172,-0.09424241913358843,-0.10842253016776174,-0.08015336682896913,1.0,2.722416001488708e-136,-0.18013344238998033,-0.008655556597870718,0.9999873944432903,-0.0012495229958620368,-0.003551524632164403,0.00029659440767241244,-4.212901401843459,-1,496,0.002518863207796554,True,1.0,False,1.0,False,False,False,not_significant
9352,0.5316509837467921,0.002257117138125986,0.0024720237004084433,0.04169620778085129,0.20423618362527846,9.877372998688136,1.168572232625127,0.38430214486087294,0.5343771144611247,0.002257117138125984,-0.957861620572428,-0.3940007629218899,0.0754616189101305,0.07228178858027658,1.0240284025638937,0.029215619369026544,-0.026884918261187496,0.021327798535531017,-0.018659824896042232,0.0650481683670882,-0.06263906438048604,1.0496118360182651,smc_equal_lows,5,0.002257117138125986,0.001439411953287162,0.003082430123323508,percentile_bootstrap_full,10000,0.0004567896167053493,0.0040574446595466225,0.014000228915570222,1.6864320350427797e-07,0.0009185513210552013,2627,0.05413243213841024,0.034691248361392334,0.07413956777786786,0.999853406674779,0.0002931866504421636,-0.036390873835161694,-0.001597391831718292,0.9974305029357473,-0.00128496397402899,0.0035420811121549757,0.000459212623433405,-2.798189571579439,1,495,0.019250314758909055,True,1.0,False,1.0,False,False,False,not_significant
32574,0.5423036777798244,0.0023177427969794614,0.003134589654374298,0.04027286877887691,0.3338019760135191,10.629161439829705,1.1817924705793763,0.40857137977198754,0.5634894002412207,0.002317742796979461,-0.9812623960438616,-0.35353216604789744,0.08041984143971163,0.07891296630059887,0.9896550250371193,0.02828624654011918,-0.026311754143282604,0.020961063271775715,-0.01867228255301978,0.06118073411826557,-0.059837586377728944,1.0411719247531392,ict_ob_bullish_formed,5,0.0025337652516958646,0.001994511650604946,0.0030858025753772193,percentile_bootstrap_subsample_20000,10000,0.0012555598118773562,0.003811970691514373,0.0003794753012716222,3.113040674240085e-25,0.0006521576109655628,3709,0.06355806155476486,0.05006999055056626,0.07725900514974485,0.999999999899866,2.002679285034506e-10,-0.03555204765483328,-0.0015367661728648164,0.9999999726216549,-0.0013154858734263837,0.003633228670405845,0.0002420339580558641,-5.43512936776729,1,496,0.0007338566484196646,True,1.0,False,1.0,False,False,False,not_significant
36599,0.4391650045083199,-0.004917530784969371,-0.0047027925878473376,0.04431632010098226,-0.277753984536895,6.768648010731258,0.7318680526188703,-0.7877685979368794,-1.0919634715355886,-0.004917530784969371,-1.0,-0.9954089994002684,-0.2587988978238704,-0.2587988978238704,0.9306239817970802,0.030075410926167497,-0.03263421543383852,0.02130573457528062,-0.025027560371508217,0.06930759834140116,-0.07026630842515713,0.8979531398154087,ict_mss_bearish,5,-0.005096236567378154,-0.005710838941694943,-0.004455940796167824,percentile_bootstrap_subsample_20000,10000,-0.007157203154293186,-0.0030352699804631214,2.9176218026841505e-06,2.078003432042793e-99,0.0010515328786217667,3545,-0.11402866830016428,-0.12787508592088803,-0.09978876186243599,1.0,1.2221999057613172e-267,-0.19424064590144646,-0.008772039754813648,0.999999996308812,-0.0013266326120151871,-0.0035908981729541834,0.00022944236879910625,-5.781986208383126,-1,496,8.487627062353892e-06,True,1.0,False,1.0,False,False,False,not_significant
190677,0.440682410568658,-0.004931915070185203,-0.004698092416000499,0.04710817426934255,-0.16846073310408863,12.27041290168226,0.7365598674623891,-0.743249429414006,-1.0078720904811354,-0.004931915070185205,-1.0,-0.9994479987709969,-0.2667331033561493,-0.2667331033561493,0.9307978607872222,0.029665298495783945,-0.03346554840649597,0.020453462606073503,-0.02454281265479019,0.06904388442755657,-0.07291126061411735,0.8640966880196821,ict_displacement_bearish,5,-0.00489681335717134,-0.005566920972104164,-0.004240931418461841,percentile_bootstrap_subsample_20000,10000,-0.0067121592836487005,-0.0030814674306939792,1.0105743837884613e-07,0.0,0.0009262139133562457,4074,-0.10250304211491666,-0.11665031150574928,-0.08864941274422268,1.0,0.0,-0.1887434032624873,-0.00878642404002948,1.0,-0.0013316324513366804,-0.003600282618848523,9.692964805932165e-05,-13.738133563857692,-1,496,4.087512455715351e-07,True,1.0,False,1.0,False,False,False,not_significant
212775,0.5384749148161203,0.002293453855767183,0.002887681288870958,0.04274054232203599,0.35066059023073864,10.000256247640229,1.1680263989579882,0.38094760391228716,0.5315204866369384,0.002293453855767182,-0.9987819214846483,-0.41113291431865145,0.07217076259964916,0.07208285294428998,0.9957187009183988,0.029691732297687734,-0.027909040863295282,0.02177635058816607,-0.01953906004356354,0.06480592376085698,-0.06376017739760353,1.0287989538057003,ict_displacement_bullish,5,0.0024641273017161815,0.0018635508883536563,0.0030788906587632062,percentile_bootstrap_subsample_20000,10000,0.001105016942607716,0.003823237660824647,0.000941748869275099,4.5885072698027286e-135,0.0006934363891931002,4050,0.05680066656252492,0.043092090006286436,0.07076942242458158,1.0,8.669981673461117e-33,-0.03516303799605097,-0.001561055114077095,1.0,-0.001350599780853755,0.003644053636620938,9.079225360391163e-05,-14.875716013679462,1,496,0.0016410673365585885,True,1.0,False,1.0,False,False,False,not_significant
26365,0.4420254124786649,-0.0049378139038274696,-0.004502994260621174,0.04565659688166348,-0.19410920378938037,8.302529396459947,0.7353660774598834,-0.7677970677891016,-1.0586873206675005,-0.004937813903827472,-1.0,-0.9954894936075372,-0.26188781000598177,-0.26188781000598177,0.9242240378028926,0.030509541485955145,-0.03347800961325241,0.021577291559467415,-0.02529666455959778,0.07077026785371311,-0.07260857016600215,0.8871998426189205,smc_internal_choch_bearish,5,-0.004899919898641679,-0.005557390377382483,-0.0042669693954407355,percentile_bootstrap_subsample_20000,10000,-0.007161273501970397,-0.002638566295312962,1.8713704398092347e-05,1.2096635433405395e-68,0.001153773030182553,3354,-0.10720503636971494,-0.12152856356702166,-0.09333347562669224,1.0,2.491568489964977e-191,-0.19187420293967158,-0.008792322873671748,0.9999997388788584,-0.001357697071656316,-0.0035801168321711535,0.0002705677702220064,-5.017955651341244,-1,496,4.481104726618032e-05,True,1.0,False,1.0,False,False,False,not_significant
42959,0.4413743336669848,-0.004948874584256338,-0.004885338559159624,0.04908877580169801,0.08200390133630205,8.104533066860556,0.7486958823907343,-0.7157140034280921,-1.0160108016028864,-0.004948874584256338,-1.0,-0.9986500190173924,-0.26817089986767423,-0.26817089986767423,0.9434413120595863,0.03231655223396019,-0.03516100780448115,0.022348785760117007,-0.026262250602311354,0.07492767954621046,-0.07713757664390486,0.8949476051386873,smc_internal_ob_bearish_formed,5,-0.004901227265775248,-0.005596956710634523,-0.004197717382477462,percentile_bootstrap_subsample_20000,10000,-0.007632940042978046,-0.0021695144885724503,0.0003841421228713841,1.7826132965950656e-96,0.0013937566083881121,3654,-0.09840113805001201,-0.1126812912829797,-0.08404188604393031,1.0,5.300369507419372e-260,-0.18508342534503722,-0.008803383554100616,0.999999999945456,-0.001375713073848742,-0.0035731615104075964,0.00021316364126045058,-6.453788580989049,-1,496,0.000734880582884387,True,1.0,False,1.0,False,False,False,not_significant
16594,0.44033988188501866,-0.004966448095134192,-0.005663239303503542,0.054097355820275916,0.34432786885616923,7.383575556208111,0.7672181005281051,-0.651756139809507,-0.9632664285445831,-0.004966448095134187,-1.0,-0.9957068313975503,-0.27804383317347964,-0.27804383317347964,0.9708086160507542,0.035187580218240824,-0.03783500125462854,0.023750823848611158,-0.02797339167174928,0.08163153916086485,-0.08329212392227227,0.9058452290082357,smc_internal_bos_bearish,5,-0.004966448095134192,-0.005792262245478718,-0.004146551498233023,percentile_bootstrap_full,10000,-0.00931268139006912,-0.0006202148001992636,0.025113383761595384,3.8469171906408744e-32,0.0022175066965183688,2941,-0.09180574576757311,-0.1075985623728978,-0.0763973736810045,1.0,1.8011656211290376e-92,-0.17569045112306975,-0.00882095706497847,0.9999686776759571,-0.0014043373897341957,-0.0035621107053999965,0.0003508544623071942,-4.0026208602261235,-1,495,0.03298474285105065,True,1.0,False,1.0,False,False,False,not_significant
112355,0.5391749365849317,0.00211361598602204,0.002874023949713811,0.04163521966747954,0.35811522653953604,9.847235121670613,1.1589046812372583,0.3603964404369323,0.5013029039090765,0.002113615986022041,-0.9941122494979681,-0.4325132974397986,0.0653040866763439,0.06491959250723052,0.9856782844891546,0.029165036419335398,-0.027546241338351145,0.021323202248553885,-0.019526769320029724,0.06300360500170683,-0.0629500714359434,1.0264804238922745,ict_fvg_bullish_formed,5,0.0022456120331202597,0.001661633767773397,0.002832207888679073,percentile_bootstrap_subsample_20000,10000,0.0008930988288204508,0.0035981252374200686,0.0021920408396186395,7.518799705044464e-65,0.0006900704320588586,3902,0.053967261829077864,0.04002224120172405,0.06808564541930484,1.0,2.537897941696787e-29,-0.039686213766849006,-0.0017408929838222376,1.0,-0.0015593410143753725,0.0036729570003974127,0.00012920608261943886,-12.068634717207749,1,496,0.003523280253633612,True,1.0,False,1.0,False,False,False,not_significant
42573,0.4303666643177601,-0.005210862379158704,-0.006385758011934195,0.05632296978685194,0.30167603974534285,15.011057163250562,0.7564465137788714,-0.6568093484527512,-0.9414597433262372,-0.0052108623791587046,-1.0,-0.9982745664151783,-0.30126154688217427,-0.30126154688217427,0.9963195759475888,0.03454934482696803,-0.03786503477369884,0.022338930681731206,-0.027843398510972284,0.07852673650114823,-0.08180242865549806,0.8857848917350186,ict_bos_bearish,5,-0.005206982027936871,-0.005974366226069403,-0.004443175662116898,percentile_bootstrap_subsample_20000,10000,-0.009492099397376344,-0.0009218646584973995,0.017154045221895522,6.751036880062825e-81,0.0021863245291441433,3603,-0.09318449582738648,-0.10748825377398849,-0.07900396082706475,1.0,3.519052818918688e-215,-0.1763124625946281,-0.009065371349002982,0.9999999999999816,-0.0016417495038075621,-0.0035691128753511416,0.000216831551584745,-7.571543402279772,-1,496,0.023134957540640707,True,1.0,False,1.0,False,False,False,not_significant
68171,0.5310615951064236,0.0018592847075707048,0.002654583892066631,0.047918014952923194,0.3498518573095149,9.401799131594121,1.1200783535773071,0.2754624125467277,0.3832538017955057,0.0018592847075707061,-0.9986461367991588,-0.586944836396378,0.03654430996304844,0.036494833966589334,0.9845972301810408,0.033654013029832695,-0.032037396066364965,0.024101416692817068,-0.022793808081220335,0.0734201699152568,-0.07320521927234769,1.019059906865343,smc_fvg_bullish_formed,5,0.00139430628321463,0.0007339253768390781,0.002061396698438886,percentile_bootstrap_subsample_20000,10000,-0.0007410461630973475,0.0035296587295266073,0.08790177275970172,4.192026656182172e-24,0.0010894855447916275,3886,0.0290747977076291,0.015322639602953013,0.04297407787008416,1.0,2.8088302901007726e-22,-0.042484412564186835,-0.001995224262273573,1.0,-0.0017443426872087915,0.0036036273947794963,0.00016669484922850555,-10.464286660817239,1,496,0.1048861830895424,False,1.0,False,1.0,False,False,False,not_significant
58412,0.5334177908648908,0.001845324600319179,0.0024151695979863774,0.040776082772084374,0.5358651567902096,10.45449898779962,1.140670852904551,0.3212791465690843,0.4563309447231061,0.0018453246003191839,-0.9772414041149778,-0.4018456876006727,0.0539362396364393,0.052708726554995866,0.9909024319779024,0.028420902283007463,-0.026812545366578407,0.020688601983048005,-0.0191280547102477,0.061410204433425375,-0.061203691040211096,1.026608506345197,smc_internal_ob_bullish_formed,5,0.00217386314465816,0.0016144351193093677,0.002738652290851226,percentile_bootstrap_subsample_20000,10000,0.000984831073910669,0.0033628952154056506,0.0023518646773058034,8.116262262188342e-28,0.000606660158425099,3900,0.053334187672049616,0.0397231599117974,0.06692604242411586,1.0,1.6144310694983715e-25,-0.04622953375676579,-0.0020091843695250987,1.0,-0.0017816292717099144,0.0036269538720290935,0.00017973482491597344,-9.912543507040615,1,496,0.0037290827315839764,True,1.0,False,1.0,False,False,False,not_significant
117672,0.5346556530015637,0.001777964888620189,0.0025489006731218566,0.04262901092374418,0.06365903862606888,11.818481041096014,1.130969589638162,0.2960964443142092,0.3954582853527928,0.0017779648886201895,-0.9970499315679452,-0.534076174051396,0.04441255257322549,0.04428153250389224,0.979554056473489,0.02827537005052499,-0.027629272865841353,0.02042386162679999,-0.0193051598406897,0.061825920954850566,-0.06275612776149117,0.9913816874755277,ict_volume_imbalance_bullish,5,0.0019501800696153484,0.0013547104896506157,0.002545449587707952,percentile_bootstrap_subsample_20000,10000,0.0004952459285432601,0.0034051142106874366,0.01661476100779272,2.158482415579013e-46,0.0007423269718587117,3877,0.045555326512225366,0.031595312790806476,0.05946740121756527,1.0,5.674690459524268e-41,-0.046831111048394616,-0.0020765440812240887,1.0,-0.0018066157327555395,0.0035845806213757286,0.00012316560692807727,-14.66818357669049,1,496,0.02258067905306192,True,1.0,False,1.0,False,False,False,not_significant
26211,0.43889969859982453,-0.005496114165084284,-0.005063038677603604,0.04617054522020627,-0.637508927586188,9.857259242294077,0.7116697903786663,-0.8450959305570175,-1.119228630341002,-0.005496114165084285,-1.0,-0.9924832143173372,-0.28415893265972275,-0.28415893265972275,0.9068469625487542,0.02951200290512189,-0.033783524870907994,0.021035005308348453,-0.025380091120256187,0.06795257474598393,-0.07306825171741194,0.8517762974312819,ict_bpr_bearish,5,-0.005539216644702424,-0.006184117478955295,-0.0049030963644236935,percentile_bootstrap_subsample_20000,10000,-0.00796883513256003,-0.003109598156844818,9.263190135626755e-06,3.405873738504686e-82,0.001239624037919883,3243,-0.12013795287375902,-0.1337938812869622,-0.10650941277285822,1.0,2.0609924185963772e-210,-0.202920927252485,-0.009350623134928562,0.9999999999961838,-0.0018761153587503404,-0.0036199988063339433,0.00027407399371594243,-6.8452877754421175,-1,496,2.4152910575856428e-05,True,1.0,False,1.0,False,False,False,not_significant
80827,0.5292167221349302,0.0015231580196942596,0.0020434154646933322,0.03884645108441497,0.4396242907004909,10.052342410802625,1.1214368811780941,0.27836131585449714,0.3910486795587998,0.0015231580196942585,-0.997009232443602,-0.5288271596581513,0.039766174737731946,0.039647243352484283,0.991426232580498,0.026784328270714534,-0.026035413873097636,0.01940861966540819,-0.01846152085524344,0.05797259212893772,-0.05921341317595012,0.9995111102773185,ict_bos_bullish,5,0.0015340709535948047,0.0009888206511831986,0.002083135636886386,percentile_bootstrap_subsample_20000,10000,0.00041876727369586806,0.0026493746334937413,0.007435087224959618,7.743047651743107e-29,0.000569042941553486,3892,0.039450519338297234,0.025578591091547517,0.05349002228187323,1.0,2.5747968437437926e-45,-0.05476757167497403,-0.002331350950150018,1.0,-0.0021316749091297256,0.003654832928823985,0.000151345113441088,-14.084861153838924,1,496,0.01072602747207289,True,1.0,False,1.0,False,False,False,not_significant
31972,0.5246465657450269,0.0013968587848940687,0.0017031779562806104,0.0390218404009639,0.7751602326990354,11.525461805192675,1.1105640826666268,0.2541323914682229,0.37027147537733285,0.0013968587848940672,-0.981368549349669,-0.5260883485380802,0.03365063092326446,0.03302367085386516,0.9993355349809266,0.0268262259149821,-0.02596401575206536,0.019274969784664253,-0.018702965555670803,0.057834632614445845,-0.059362966151323734,1.0007250347566286,smc_internal_bos_bullish,5,0.0014428766739871684,0.0009112793993779399,0.001977874292020041,percentile_bootstrap_subsample_20000,10000,0.00025566962293964565,0.002630083725034691,0.021106233430398563,1.5677411793424137e-10,0.0006057290088223676,3640,0.03699039046307112,0.02350923946360631,0.05038199967775236,1.0,3.6445105444981097e-25,-0.05762608578595682,-0.0024576501849502093,1.0,-0.00227014516303587,0.003667003947929939,0.00024406446904312772,-9.30141602313576,1,496,0.028035449688680356,True,1.0,False,1.0,False,False,False,not_significant
84807,0.42956359734455885,-0.0059104283309571,-0.005729804411233275,0.04931523188264721,-0.6525006069415514,19.24744732610054,0.7012209752385868,-0.8508502762337418,-1.120593201541838,-0.005910428330957101,-1.0,-0.9983339648686818,-0.3145527601939307,-0.3145527601939307,0.9273132501535591,0.02983116256566698,-0.03469644493022499,0.020213968970262397,-0.025446285089121723,0.06965485537834555,-0.07522152799530661,0.8371449150582505,ict_volume_imbalance_bearish,5,-0.005831279659035127,-0.006505914622519371,-0.005165245840110388,percentile_bootstrap_subsample_20000,10000,-0.00832588409829561,-0.0033366752197746432,3.4220305188972196e-06,5.268244293787983e-265,0.001272780744575147,3774,-0.11974281097917948,-0.1332697013336229,-0.10592206161845581,1.0,0.0,-0.20479556487104128,-0.009764937300801378,1.0,-0.002332357848460956,-0.0035780704824961438,0.00014907213086113433,-15.645834234660706,-1,496,9.63643794121457e-06,True,1.0,False,1.0,False,False,False,not_significant
90850,0.4336708860759494,-0.005983706026298889,-0.00555208179090072,0.049495653696009584,-0.45665464403917627,14.696593864501715,0.7000529718378018,-0.8582591708181168,-1.1327807110411512,-0.005983706026298892,-1.0,-0.9987345076295928,-0.30819291042001895,-0.30819291042001895,0.9111225231579178,0.03063530375575227,-0.03508044874071393,0.021095295896445487,-0.026006768640184585,0.07039626736762346,-0.07557138152860536,0.8506791165335519,ict_fvg_bearish_formed,5,-0.006062485423423918,-0.0067356284699398895,-0.005364062288135091,percentile_bootstrap_subsample_20000,10000,-0.008478689929053212,-0.003646280917794623,1.210989307527613e-06,1.2667755677572171e-288,0.0012327800437300352,3872,-0.12326006864534066,-0.1371170332236655,-0.10896476169645448,1.0,0.0,-0.20592908407521432,-0.009838214996143168,1.0,-0.002386405663320203,-0.0035973003629786865,0.0001453521222706291,-16.41809989452364,-1,496,3.875165784088362e-06,True,1.0,False,1.0,False,False,False,not_significant
20560,0.43443579766536966,-0.0059975272859545,-0.0065432178208215674,0.06907222531752148,-0.40251311788581323,16.527685439261305,0.7603229023820369,-0.6164304062059472,-0.8063612637766606,-0.005997527285954499,-1.0,-0.9963725874856278,-0.37136246561690317,-0.37136246561690317,0.9863257355464243,0.04199557743801617,-0.04504660348465092,0.02600910854985483,-0.03167153131128697,0.09762220302439775,-0.09636917501960274,0.9060299763851939,ict_ob_bullish_mitigated,5,-0.0059609789413696875,-0.0069173152407646455,-0.005003474954624819,percentile_bootstrap_subsample_20000,10000,-0.01494060048969188,0.003018642606952506,0.19051122907410023,1.869906744857507e-35,0.004581523715906105,3027,-0.08660066748409033,-0.10051753241520435,-0.07285652098085205,1.0,6.158094346462045e-89,-0.1679025020405885,-0.009852036255798778,0.9999999999999992,-0.0024710025584258333,-0.003526524727528667,0.00030960278571285526,-7.981202600410688,-1,496,0.21088035419523044,False,1.0,False,1.0,False,False,False,not_significant
1248,0.43028846153846156,-0.006143588268750326,-0.007900641117619234,0.05930207089378371,0.1340666036632538,3.204100145964449,0.7527095207138073,-0.7354743159146918,-1.0960790335842503,-0.0061435882687503295,-0.9999528797135768,-0.888445252743489,-0.330208409112711,-0.33019284959789424,0.9938008383353619,0.04082467238734747,-0.04477904616657483,0.029788904874462563,-0.033716902723928355,0.09610330668265096,-0.09852071280588892,0.8828018542151755,smc_swing_bos_bearish,5,-0.006143588268750326,-0.00944881399325396,-0.0027967056097508657,percentile_bootstrap_full,10000,-0.012032774927296666,-0.0002544016102039859,0.04089128051489661,0.00026293907234739935,0.003004742259830456,667,-0.10359820788980781,-0.16095192736042258,-0.04695701092111446,0.9999999982317656,3.5364689587214875e-09,-0.1884125222757026,-0.009998097238594603,0.9797962301063997,-0.0027473399270331374,-0.0033962483417171885,0.0013404545471877739,-2.049558437320355,-1,445,0.052340839059067654,False,1.0,False,1.0,False,False,False,not_significant
3853,0.5476252270957696,0.0003262850277348966,0.004544004911971378,0.06348204024363005,-0.9913731194179236,7.182259484399264,1.0155352417012704,0.036488964413286265,0.04167331558544614,0.0003262850277348968,-0.9998336977649407,-0.9552157883556692,-0.08776031289184828,-0.08774571815566487,0.834086527899669,0.04056695545377757,-0.04270720905530312,0.03056013129367141,-0.026666641235351562,0.0886688551785493,-0.09843993515376295,0.9198272272435767,smc_swing_ob_bearish_mitigated,5,0.0003262850277348966,-0.0016865868562083366,0.002340533781466203,percentile_bootstrap_full,10000,-0.008785270639556739,0.009437840695026532,0.9440453322776714,0.7497131246147846,0.004648838278300844,1740,0.005139800587421053,-0.02616933765284989,0.037501854110641206,0.9997016099795579,0.0005967800408841433,-0.06365168980384311,-0.003528223942109381,0.9999913849676038,-0.0031479123072994707,0.0034741973350343675,0.00073240330821212,-4.298058558724815,1,492,0.9494398770335438,False,1.0,False,1.0,False,False,False,not_significant
67781,0.4247945589471976,-0.007979012240429816,-0.007257906353764332,0.058768046519997834,-0.7465723349248002,18.346847854692083,0.661561662238428,-0.9638803901092394,-1.2315852968130578,-0.007979012240429816,-1.0,-0.9991681727739373,-0.39909012677812555,-0.39909012677812555,0.8933253717163923,0.03501928210400908,-0.040578073871934635,0.023636341254336335,-0.02963222365948459,0.0796883870338071,-0.08742613494907947,0.8351205903769243,smc_fvg_bearish_formed,5,-0.007857350837609101,-0.00865721394231019,-0.007054018642539159,percentile_bootstrap_subsample_20000,10000,-0.012058560953221876,-0.003656140721996325,0.0001973395226549089,3.235829705463339e-271,0.002143513919445855,3779,-0.13538418009280023,-0.14897826951940976,-0.12149950700001244,1.0,0.0,-0.2242597087944635,-0.011833521210274093,1.0,-0.0044628353903705485,-0.003516176850059267,0.00016610384819576944,-26.8677423120906,-1,496,0.0003946790453098178,True,1.0,False,1.0,False,False,False,not_significant
2653,0.43271767810026385,-0.003683011440427952,-0.011394420356609869,0.09769202892583818,1.202769659965989,6.497611315435233,0.89361332827171,-0.18925362591125955,-0.33299319406723904,-0.0036830114404279406,-0.999999999730222,-0.9595371836499998,-0.18899291769089296,-0.18899291763990683,1.1683916426270355,0.06856991627808556,-0.06284317468939454,0.039737505223620295,-0.04952806895188533,0.17064939712298713,-0.13316807888602197,1.0640378387340361,smc_swing_choch_bearish,10,-0.003683011440427952,-0.007337406828928013,-5.0322795603257724e-05,percentile_bootstrap_full,10000,-0.024591596440823937,0.017225573559968035,0.7299107156816407,0.05226271763167532,0.010667841348308432,1074,-0.03770022468490105,-0.07687781163541446,-0.0005021053390220184,0.9999999976246802,4.7506396196707106e-09,-0.13519392251784215,-0.011168671615774253,0.003234222314352554,0.00325408459489214,-0.006937096035320092,0.0011950195156522306,2.723038872813797,-1,492,0.7490628918948615,False,0.03348371337212056,True,1.0,False,False,True,significant_but_negligible_effect
3898,0.4340687532067727,-0.004929878531640344,-0.011061944973629445,0.09499307392666596,1.0817572372836073,6.5232568128674515,0.8574710077285748,-0.26052208645924035,-0.4379973747434125,-0.004929878531640352,-0.9999999999999999,-0.9743486404591567,-0.2101077673956773,-0.21010776739567727,1.1154218014247002,0.06513121427177268,-0.06322220423446975,0.038959360902374285,-0.04929217010494569,0.15199401338717056,-0.13335839266464627,1.0077554998927265,smc_swing_ob_bearish_formed,10,-0.004929878531640344,-0.007834686710997844,-0.0019588254427374235,percentile_bootstrap_full,10000,-0.02135694195899704,0.011497184895716349,0.5563986400591839,0.001204704863464803,0.008381308752281519,1404,-0.05189724184992875,-0.08446373416051486,-0.02017105467595006,0.9999999999999997,5.644426562539266e-16,-0.1532343939085983,-0.012415538706986645,0.027183749658528707,0.0019356407576345746,-0.006865519289274919,0.0010061041674228987,1.923896968434841,-1,493,0.5777354610644034,False,0.20358893361281075,False,1.0,False,False,False,not_significant
49304,0.5713126723998053,0.00821613475931871,0.008626340664045218,0.0645726675960576,-0.08889678814559664,5.057693132505728,1.430811939083666,0.6387326200064395,0.8885175686229371,0.008216134759318709,-0.977364704108919,-0.357826263292734,0.16960456021249057,0.16576551080760418,1.0701120108163729,0.04812487628014453,-0.04216647084988945,0.03686627671409559,-0.029496304720270095,0.10161336804407929,-0.09547365564825624,1.1164509175762487,ict_sweep_sellside_bullish,10,0.008053337897080801,0.0071372093988880956,0.008961290177896484,percentile_bootstrap_subsample_20000,10000,0.00412156237353343,0.011985113420628172,4.2091532556601e-05,3.2494748584612214e-174,0.00200604476589742,3919,0.1250551317759238,0.1104537029131403,0.1394277772385213,0.010827505620619564,0.021655011241239128,0.011355965810759577,0.0007304745839724095,5.432215990665423e-06,0.0011924374119934387,0.007023697347325272,0.0002710570054797103,4.399212667029547,1,496,9.497576576874071e-05,True,9.105428708162995e-05,True,0.3176068315381739,False,False,True,significant_small_effect
65448,0.4374006845128957,-0.005924371965095586,-0.0070083849200612836,0.059800793695923865,-0.12952493409086177,6.739210841442475,0.7575630903599136,-0.49731967412189687,-0.7085879283675619,-0.005924371965095588,-1.0,-0.9958343843339013,-0.17851716523818784,-0.17851716523818784,0.971782995221181,0.03947360664004716,-0.044452530653162806,0.028073635928009655,-0.03376686438439025,0.08967185704898795,-0.0938092181455693,0.8758244006393104,ict_sweep_buyside_bearish,10,-0.006099072966249712,-0.006928377905516975,-0.005271669258742963,percentile_bootstrap_subsample_20000,10000,-0.008902088406575108,-0.0032960575259243156,3.4350599073294743e-05,4.971630897066196e-141,0.0014301361863408696,4002,-0.10139945224062287,-0.1153390194274794,-0.08770766514572442,1.0,0.0,-0.2163757984294937,-0.013410032140441886,4.565745182843095e-07,0.001136804002936134,-0.00706117596803172,0.0002315524979621342,4.9094871052612685,-1,496,7.902882924052125e-05,True,8.92856835755983e-06,True,1.0,False,False,True,significant_small_effect
6776,0.42812868949232585,-0.00600414106250507,-0.007797501747437097,0.05992465847552257,-0.2009299274829332,7.26007000402422,0.7510528712216403,-0.5029740626111446,-0.7103805047417643,-0.006004141062505068,-1.0,-0.9717694202141831,-0.18054665396616756,-0.18054665396616756,1.000109355921819,0.04049513924983604,-0.044625601440280965,0.02720233683741541,-0.033390545969144036,0.09399899806709078,-0.09561293427308137,0.8968865393455718,smc_swing_ob_bullish_mitigated,10,-0.00600414106250507,-0.007452044086877255,-0.004551137477080628,percentile_bootstrap_full,10000,-0.010272390309093587,-0.0017358918159165538,0.005832026081071947,1.9229728629832563e-16,0.002177718185940413,2698,-0.10019483156433143,-0.1245830869039163,-0.07601960424947644,1.0,9.383648288120636e-73,-0.21745311047297705,-0.01348980123785137,0.07257378170890408,0.0010631976149431937,-0.0070673386774482636,0.0007297735404602999,1.4568870423454772,-1,494,0.00860010726669018,True,0.4481749326584954,False,1.0,False,False,False,not_significant
42268,0.570644459165326,0.007867605595628564,0.008500469524856058,0.06487863395603193,-0.10853869549744988,6.850944555962839,1.4108469967935708,0.6087530552069749,0.8284611456313034,0.007867605595628567,-0.9036143400032643,-0.257125052635638,0.17124511634634298,0.15473954278608293,1.057433333666425,0.04829995452356694,-0.04223922296290827,0.036751093425132386,-0.0294790566324582,0.10255510765238603,-0.0952567741264778,1.118145942870805,smc_internal_ob_bearish_mitigated,10,0.008648315292524383,0.007736391330281076,0.009554990291125397,percentile_bootstrap_subsample_20000,10000,0.005252101684161407,0.01204452890088736,5.6143255275293386e-06,3.290184060631542e-136,0.0017327938719093698,4039,0.13349425898109785,0.11906247777959685,0.1477914016905997,0.13125814961600757,0.26251629923201514,0.005923568969068405,0.00038194542028226284,0.0039027495181526584,0.0007894579064166626,0.007078147689211901,0.0002967474759657642,2.6603694061672236,1,496,1.5085821264811659e-05,True,0.03816021751082599,True,1.0,False,False,True,significant_small_effect
58941,0.5715885376902327,0.0074293430878938985,0.008220948102534154,0.0589150908181834,0.3193451941537626,7.9428310952307,1.4210232037483297,0.6330297686442288,0.9248060369387571,0.007429343087893902,-0.9743232397976901,-0.2765236216649657,0.15809344961817776,0.15403412202277583,1.0608113260394922,0.044453216470856725,-0.038428046076620724,0.034160062711114714,-0.02738665445847055,0.09443719701111042,-0.08750587113861696,1.1334331660677244,ict_liquidity_buyside_pool_formed,10,0.007047099088648884,0.006212683341838296,0.00789355995009455,percentile_bootstrap_subsample_20000,10000,0.004297241359747908,0.00979695681754986,1.188393007996103e-07,3.121970311853531e-204,0.001403014406846746,3921,0.11812103982811878,0.10441073420650296,0.13203530405754418,0.5811962173891718,0.8376075652216562,-0.000914980389021306,-5.631708745240226e-05,0.007701695661973962,0.0005836387468518599,0.0068457043410420386,0.00024089897786149685,2.422753106023633,1,496,4.7001611102767214e-07,True,0.06951274033371371,False,1.0,False,False,False,not_significant
147321,0.5698101424779902,0.007667228761261797,0.00770305778216529,0.06262707699314378,0.27365742085298506,9.167622746447536,1.422551822118206,0.6145773483449405,0.8668557081569581,0.007667228761261802,-0.9782099674444872,-0.2591599078934037,0.1573768591118484,0.15394761222831688,1.0700362106618606,0.04611386791802281,-0.03973830518464255,0.034156168960080446,-0.02757373278996822,0.09907858537352965,-0.09080295894007795,1.1391300540177025,ict_nwog_gap_up,10,0.007466545037571947,0.006604332511139832,0.008326482447373508,percentile_bootstrap_subsample_20000,10000,0.004059124249657292,0.010873965825486602,1.0326326715568097e-05,0.0,0.0017385119256857042,852,0.12135625260225787,0.10738857668201425,0.13546522451173923,0.19127689346649743,0.38255378693299485,0.0028658441762532843,0.00018156858591549668,0.0009120234424570277,0.0004796404086103616,0.007187588352651436,0.00015385519702128343,3.117479408537698,1,496,2.6339615970144713e-05,True,0.011070077646374958,True,1.0,False,False,True,significant_small_effect
2699,0.5694701741385698,0.007339301226392546,0.0067255450539571715,0.05476204139131314,0.7205339630837233,6.088822302051467,1.461349097069841,0.6727835343029294,1.0861866258986348,0.0073393012263925465,-0.8321065295851136,-0.19910792005173739,0.19109621035913288,0.15901240441880488,1.1000526384579092,0.04263319100349506,-0.03646816248615278,0.0316150050308861,-0.027676608508534484,0.09104730663271142,-0.08058651412199976,1.1442342286101759,smc_swing_choch_bullish,10,0.007339301226392546,0.005298372583421893,0.009390003906171741,percentile_bootstrap_full,10000,0.00417320965807603,0.010505392794709061,5.53585718119698e-06,4.176878170872524e-12,0.0016153825112688374,1484,0.13402168801466144,0.09747948582035613,0.16993668850994653,0.5548044288277253,0.8903911423445494,-0.0024556196225546463,-0.00014635894895375506,0.370527218798923,0.0003925393569204818,0.006946761869472064,0.0011878670398346597,0.33045731867021055,1,492,1.5085821264811659e-05,True,1.0,False,1.0,False,False,False,not_significant
54035,0.43460719903766076,-0.007177100576663063,-0.007756263944416419,0.06609128237172404,-0.07868951314571704,8.263865157622954,0.7306851706227167,-0.5451363275236757,-0.7533273277992584,-0.00717710057666306,-1.0,-0.9974916382184238,-0.21282661105353357,-0.21282661105353357,0.947924306259227,0.04294455980863022,-0.04821229570111927,0.02941179008981365,-0.03552845477999189,0.09755626502979875,-0.10210513619856587,0.8771367121164527,smc_internal_ob_bullish_mitigated,10,-0.007326039961274654,-0.008243095369430704,-0.006419098295171964,percentile_bootstrap_subsample_20000,10000,-0.011016697507866349,-0.003635382414682959,0.00013813854710030413,8.751159823098426e-140,0.0018830231303185645,4029,-0.11174536982139341,-0.12567743866434067,-0.09795592916592064,1.0,0.0,-0.22526277033025138,-0.014662760752009365,0.5811110071774543,-5.290696452509708e-05,-0.007124193612137966,0.0002584148858187332,-0.20473652033423884,-1,496,0.000281068026469983,True,1.0,False,1.0,False,False,False,not_significant
130643,0.42808263741647085,-0.007314332473051956,-0.008281337359563157,0.06560732524388148,0.059438699990643114,7.907816008093292,0.7252241865302055,-0.5596578959652143,-0.7938501448836243,-0.007314332473051962,-1.0,-0.9994076954974158,-0.21631298144377514,-0.21631298144377514,0.966602490147007,0.04134973219732303,-0.047783491596117195,0.028586588157226478,-0.035600734388575805,0.09336806292324475,-0.10165463560640738,0.8567947540816472,ict_nwog_gap_down,10,-0.0067862890953260275,-0.007705592290473749,-0.005848730662160184,percentile_bootstrap_subsample_20000,10000,-0.01098086385193709,-0.002591714338714965,0.0006315100580955724,0.0,0.0021401284700183587,851,-0.10319016064548113,-0.11760162045672864,-0.08883821924106279,1.0,0.0,-0.22823099419135778,-0.014799992648398257,0.8978668977720463,-0.00020736832731004483,-0.007106964145741911,0.00016334768951594547,-1.2694904220840062,-1,496,0.0011399566176904692,True,1.0,False,1.0,False,False,False,not_significant
20112,0.5658313444709626,0.006846302245276781,0.006715623249761715,0.055636714316753835,0.44206926020471343,5.789938665302543,1.4176348732430832,0.6177245534934865,0.9239070457709994,0.006846302245276777,-0.9291117035228451,-0.24223968523629258,0.15385766311757731,0.14295095547921627,1.0829086074782182,0.042587136855972305,-0.036878508892979306,0.03155233176999184,-0.026747879144014552,0.09044960293608577,-0.08276295481857202,1.1318051861343024,ict_ob_bearish_mitigated,10,0.006907191244991877,0.006129599788170844,0.007688476163694355,percentile_bootstrap_subsample_20000,10000,0.004559863884711467,0.009254518605272287,1.087379963143738e-08,1.0656858705749473e-67,0.0011976379975756745,3504,0.12417390193206035,0.11047828564935287,0.13787532922246803,0.9392170110071825,0.12156597798563507,-0.01065502358693922,-0.0006393579300695198,0.7096801957521306,-0.00023872280987237253,0.0070850250551491535,0.00043211604874427356,-0.5524506913503895,1,496,5.888580723486089e-08,True,1.0,False,1.0,False,False,False,not_significant
36506,0.5661535090122172,0.006759523312652582,0.00764763744317698,0.06141912475607541,0.43879548689950676,7.1647692115976795,1.3643205009199169,0.5524751103095645,0.8085506319687356,0.006759523312652581,-0.9029565486491542,-0.2424747939264211,0.1448591819375443,0.1308015469624649,1.0412614467539563,0.0448683333797494,-0.03978995946649699,0.03369969416547425,-0.028023708626292776,0.0953661201674395,-0.09090407654843102,1.1057761955041079,ict_mss_bullish,10,0.006605063318712922,0.005756778228833383,0.0074701046041877675,percentile_bootstrap_subsample_20000,10000,0.003434627668207189,0.009775498969218656,2.9313015294259347e-05,1.3856733833521312e-97,0.0016175989204422802,3747,0.10735656338593032,0.09361417887806865,0.1211467944052357,0.9819845247513832,0.03603095049723365,-0.011569689188353783,-0.000726136862693719,0.868734160506178,-0.00035559923304521405,0.007115122545697796,0.00031737820463458916,-1.120427388687986,1,496,6.788277226039006e-05,True,1.0,False,1.0,False,False,False,not_significant
44261,0.5705926210433565,0.006416726732818477,0.007267258100234653,0.055926832725209284,0.4169234107158529,7.640105347633867,1.376750768580476,0.5759616803175648,0.8485399066667544,0.006416726732818481,-0.9254031202520698,-0.27798155763125926,0.1406214347475743,0.1301315144897281,1.0320588220457563,0.04235426210753582,-0.03727852807508802,0.03235095783732711,-0.026603720639762574,0.0897607190580374,-0.08465960827374264,1.1159837463455764,ict_liquidity_buyside_swept,10,0.005838611096775172,0.0050593406279428,0.006615245287911488,percentile_bootstrap_subsample_20000,10000,0.003379612630031141,0.008297609563519203,3.1456920326813687e-07,6.69883043668458e-128,0.0012546140983936596,3852,0.10347839887634667,0.08989918221511185,0.11717609867598164,0.9998515536326408,0.00029689273471843284,-0.01777408393580654,-0.0010689334425278236,0.9476013154954124,-0.0004508547800315668,0.006867581512850044,0.0002779574710284005,-1.6220279252198995,1,496,1.0855721524547468e-06,True,1.0,False,1.0,False,False,False,not_significant
7275,0.5696219931271478,0.006573651764506039,0.0063508196797945615,0.05165048301553677,0.6539100702322036,7.201170616758425,1.4391971078541865,0.6388995423020136,0.9767755724202727,0.006573651764506042,-0.7072296742698978,-0.18631810531059004,0.19996802211848225,0.14142331914724993,1.082176203685725,0.039416262163296766,-0.033781261558191986,0.029825444766210962,-0.024363538554773356,0.08298348241440932,-0.0754286374327516,1.1460244364992584,smc_swing_ob_bullish_formed,10,0.006573651764506039,0.00540533171823424,0.00776076869711003,percentile_bootstrap_full,10000,0.004408669111462565,0.008738634417549513,2.6627671852278424e-09,3.0359968047644345e-27,0.0011046032748782493,2621,0.12727183524166938,0.10490224532146997,0.14980116396887524,0.9296123207905082,0.14077535841898378,-0.015671263812547877,-0.0009120084108402617,0.7836965987594621,-0.0005533546743633523,0.007127006438869391,0.0007051451551151695,-0.7847386745115966,1,494,1.9128449983677565e-08,True,1.0,False,1.0,False,False,False,not_significant
10483,0.4247829819708099,-0.0075341879060914245,-0.008043154013640752,0.05891152479830808,-0.5014649634844555,8.707723417921581,0.695741161704682,-0.6420021082466565,-0.8746386311998192,-0.007534187906091425,-1.0,-0.9935203512022779,-0.2112416671071854,-0.2112416671071854,0.9397895997425696,0.037311689837260506,-0.04450100229386615,0.02651155250077064,-0.03344665375728928,0.08518411706376629,-0.0948322636418641,0.8285086800033047,smc_equal_highs,10,-0.0075341879060914245,-0.00868672213296509,-0.006390480644404657,percentile_bootstrap_full,10000,-0.010138331191431905,-0.0049300446207509434,1.4239970131928938e-08,7.168930024883573e-39,0.001328668937460321,2903,-0.1278898811715667,-0.14762687400396107,-0.10889579948973564,1.0,2.6377748291205482e-139,-0.24403334996838041,-0.015019848081437725,0.8370967115624752,-0.0005778601320350586,-0.006956327774056366,0.0005880956630956098,-0.9825954658351439,-1,495,7.401407576997351e-08,True,1.0,False,1.0,False,False,False,not_significant
26315,0.43636709101273036,-0.007668395934575993,-0.0074694778722737,0.06513615173813356,0.023411652541464902,6.294966054457042,0.7175747753913032,-0.5909934966888779,-0.8390693791214253,-0.0076683959345759944,-1.0,-0.9976034562980217,-0.2207725883995141,-0.2207725883995141,0.9242923019082787,0.04299589924034717,-0.048673196905189266,0.030615395288875913,-0.037189058680675124,0.09782507300434073,-0.10213916070952474,0.871212985930241,smc_internal_choch_bearish,10,-0.0074941939874360744,-0.008402364025437562,-0.006596830248043946,percentile_bootstrap_subsample_20000,10000,-0.01215390274673252,-0.002834485228139628,0.001257632665804539,9.270296300214275e-81,0.0023774460955897385,3349,-0.11453786828474609,-0.12853735715472153,-0.10058043531424056,1.0,2.9331706582778034e-277,-0.2345516175827639,-0.015154056109922293,0.9411939898974524,-0.0005849856246539671,-0.007083410309922026,0.0003738223842773985,-1.564875858851387,-1,496,0.002148964555161154,True,1.0,False,1.0,False,False,False,not_significant
68004,0.5558643609199458,0.006533482628707819,0.006577995793134228,0.06625446130669181,0.4360013243603449,8.332658420326139,1.328473390473521,0.4950281362208434,0.7194109812265294,0.006533482628707819,-0.9918207162980087,-0.3818002808761414,0.11645042060814938,0.11549793958077911,1.057935887236433,0.049565300600027104,-0.04451217449480466,0.035912684055561805,-0.03186659907613243,0.10636080298417225,-0.10028945911121903,1.0951853585721558,smc_fvg_bullish_formed,10,0.005946943492781678,0.005042389076736482,0.0068685818829981446,percentile_bootstrap_subsample_20000,10000,0.0023423764733801014,0.009551510512183255,0.00038152206437726884,3.881772560344022e-145,0.0018390985851788994,3881,0.09015899779925982,0.07680670865695413,0.10398899261318309,0.9995843308537108,0.0008313382925783535,-0.01460961947032186,-0.0009521775466384821,0.9954020380942399,-0.0006007962813129545,0.007134278910020773,0.00023066001891694255,-2.6046832222332075,1,496,0.0007338566484196646,True,1.0,False,1.0,False,False,False,not_significant
26396,0.5678890741021367,0.006395166219152226,0.007611368447442812,0.06042104619141264,0.3264691475312088,6.493044308796982,1.3482839618657367,0.5313294233590591,0.7646388176440233,0.006395166219152228,-0.8738818958391211,-0.25255069392443624,0.1396069249780011,0.12199996427204556,1.0220514115197044,0.0446508044172,-0.03937821663655049,0.03376257159024587,-0.027952902517071776,0.0946214170370665,-0.08962347068207382,1.1138190106162633,smc_internal_choch_bullish,10,0.0063609485589381275,0.0055186350916448,0.007184859570656197,percentile_bootstrap_subsample_20000,10000,0.003381134987102253,0.009340762130774002,2.5946783003407885e-05,6.486179112141957e-66,0.0015203409714851265,3573,0.1053380851193724,0.0913752298174328,0.11889660670632024,0.9972006492036037,0.0055987015927925045,-0.017510738806895746,-0.001090493956194075,0.9671142148794577,-0.0006866698692634008,0.007081836088415627,0.00037319475068021783,-1.8399772987476792,1,496,6.08884507813305e-05,True,1.0,False,1.0,False,False,False,not_significant
26182,0.4397295852112138,-0.007852787976803088,-0.007514065222767097,0.06498802238435142,-0.31090893418915383,6.544892396773436,0.7136008661310106,-0.6065838186164505,-0.8349819930568393,-0.00785278797680309,-1.0,-0.9974163072234536,-0.22592265454369187,-0.22592265454369187,0.9075431149040439,0.04252257621485891,-0.04959649827733834,0.030272206157440362,-0.03717976991347005,0.09796513984032568,-0.10507044783170769,0.8468680185789345,ict_bpr_bearish,10,-0.008101664852855609,-0.008990573817637926,-0.007190625044903193,percentile_bootstrap_subsample_20000,10000,-0.01205590437602318,-0.004147425329688036,9.928848973223492e-05,1.590299875996551e-84,0.002017506200709591,3238,-0.12366402558594124,-0.13743794802010148,-0.10991143270717099,1.0,1.0573743426449848e-283,-0.2376801404795149,-0.015338448152149388,0.9658887329866197,-0.0006902706375234999,-0.007162517339279588,0.0003785345332515454,-1.8235341214292813,-1,496,0.00020438332389325552,True,1.0,False,1.0,False,False,False,not_significant
1245,0.43694779116465865,-0.007586857160545146,-0.009343688099875624,0.08894886623970454,0.7136810064687076,6.2751922719390265,0.780241421776566,-0.4281754483174194,-0.6500590322704443,-0.007586857160545139,-0.9999994733718777,-0.9122350340714762,-0.25328617634522765,-0.2532860429576042,1.003987123609552,0.05780360268723604,-0.06402988727309186,0.03749088456520311,-0.048728862060003264,0.1289633320681564,-0.13518067456966346,0.8889011350901469,smc_swing_bos_bearish,10,-0.007586857160545146,-0.012509420123617684,-0.0026326485844932364,percentile_bootstrap_full,10000,-0.018601600795033018,0.003427886473942726,0.1770141481863612,0.002668743402054241,0.0056198703825620635,664,-0.08529459094059329,-0.14427089315103556,-0.028682775555974364,0.9999999984678797,3.0642405566200087e-09,-0.19444177242225041,-0.015072517335891447,0.6810424519010012,-0.0008738624554130653,-0.006712994705132081,0.0018568488072868972,-0.4706158368865231,-1,445,0.19718031696708588,False,1.0,False,1.0,False,False,False,not_significant
9341,0.5511187239053634,0.005974045072359006,0.005655397935738549,0.05889241699969065,0.2840098296706465,6.869153983780226,1.3335496421572552,0.5092246129529957,0.7446383193629071,0.005974045072359005,-0.922548121700615,-0.304575862508925,0.12200628248758819,0.11255666674459912,1.083055760267965,0.043567127712311554,-0.03837012945697712,0.032530591966154265,-0.027251856668311647,0.09388441385245505,-0.0885678067217135,1.1149630044462056,smc_equal_lows,10,0.005974045072359006,0.004768099589866581,0.007139874136528189,percentile_bootstrap_full,10000,0.0033242090360102593,0.008623881108707753,9.928201638035933e-06,1.3896940879688983e-22,0.0013519819937247554,2623,0.10143997099644231,0.0810766264483504,0.12132876564433791,0.992379709406934,0.015240581186132076,-0.02456345138082525,-0.001511615102987295,0.9482885402630774,-0.0010336660427048986,0.007007711115063904,0.0006347424359870677,-1.628481072165086,1,495,2.5508956033493782e-05,True,1.0,False,1.0,False,False,False,not_significant
26830,0.5595974655236675,0.006190668484569056,0.006838487267088911,0.06268456260445295,0.1375848487604635,5.075353477875932,1.3210031056207234,0.4957665469802871,0.7056489530219877,0.006190668484569058,-0.9435191279189356,-0.31999415113325297,0.11868417817681721,0.11198079229116614,1.0361084702137762,0.04636509604020311,-0.04138127355649626,0.03493686633039306,-0.029368070634248733,0.09884242313822138,-0.0942131744861537,1.0985084236879343,ict_bpr_bullish,10,0.006085877735460509,0.0052394134153674,0.006938875377949505,percentile_bootstrap_subsample_20000,10000,0.002623515324710187,0.009548240146210831,0.00045764508291549333,1.397095353608624e-58,0.0017665438807806277,3288,0.09770577475515464,0.08402013563347441,0.11151986580072755,0.999328464929191,0.0013430701416180333,-0.02043073927759324,-0.001294991690777245,0.9972843311401228,-0.0010467486501385377,0.0072374171347075935,0.0003764914488858054,-2.7802720439901143,1,496,0.0008523336993981674,True,1.0,False,1.0,False,False,False,not_significant
4576,0.5697115384615384,0.00612205912953408,0.006218760601835571,0.04972466172234954,0.592200591689004,7.995827210119556,1.4247754070054197,0.6180533332565995,0.9133786529664507,0.006122059129534072,-0.6715250052069701,-0.1855945820051228,0.19533807092748756,0.1311743990967006,1.070631002042047,0.03751886466773401,-0.03219648323551581,0.028713360163826973,-0.02283624809653312,0.07794947459654034,-0.07334395177265751,1.147227401698648,smc_swing_bos_bullish,10,0.00612205912953408,0.004687742284448035,0.007523332767091742,percentile_bootstrap_full,10000,0.0038820767666090505,0.008362041492459109,8.473432941639431e-08,1.0697868881577911e-16,0.001142869135823428,2154,0.12311917100046199,0.09458993478684961,0.1508263370047688,0.9661333524434064,0.06773329511318717,-0.0237762380887955,-0.001363601045812221,0.8976131031104506,-0.0011112585184269632,0.007233317647961043,0.0008763400915956428,-1.2680676475768444,1,492,3.468195808671023e-07,True,1.0,False,1.0,False,False,False,not_significant
51635,0.4251767212162293,-0.008229674778572293,-0.009001403681551112,0.06474338577122628,0.21495950087921226,7.678966956357291,0.6986155066961769,-0.6380982245448632,-0.9314165968220783,-0.008229674778572293,-1.0,-0.998012241137309,-0.23532083999437253,-0.23532083999437253,0.9421794626154871,0.041919130538255016,-0.048909663863742986,0.0291092916088328,-0.037520379538112936,0.09452927036232658,-0.10384149610565822,0.8447770570797177,ict_liquidity_sellside_pool_formed,10,-0.008127906489801873,-0.009018130338446572,-0.007228050212528845,percentile_bootstrap_subsample_20000,10000,-0.012209607824404707,-0.00404620515519904,7.758152420746113e-05,5.343239502479117e-182,0.002082538931634884,3812,-0.12578836037328184,-0.13980394447014197,-0.11163503716528828,1.0,0.0,-0.2439855420448269,-0.015715334953918594,0.9999998401006973,-0.0013425673016585612,-0.0068871074769137315,0.00026266192728740964,-5.111389060164394,-1,495,0.00016550725164258374,True,1.0,False,1.0,False,False,False,not_significant
36553,0.4294038792985528,-0.008462370119570871,-0.00844426875195281,0.06355839572318406,-0.08964955121221423,6.29389524349499,0.6876712922019007,-0.6683737115975126,-0.9377700115983197,-0.008462370119570871,-1.0,-0.9957306541107132,-0.2345609165276044,-0.2345609165276044,0.9114185710802841,0.041886642272569184,-0.0482492839173391,0.02998596489527794,-0.03705660388347409,0.095461322142995,-0.10121136326191733,0.8569558266976762,ict_mss_bearish,10,-0.008186157254143317,-0.00907540767673792,-0.007307416652042277,percentile_bootstrap_subsample_20000,10000,-0.012301098515572257,-0.004071215992714377,5.561978207248223e-05,1.0592917875239204e-141,0.00209949838947498,3540,-0.12774307772651122,-0.141881959033334,-0.11384530565384914,1.0,0.0,-0.24989824722067422,-0.015948030294917172,0.9999907479027119,-0.001357225840189419,-0.007105144279381452,0.00031694480487262536,-4.282215134382356,-1,496,0.00012160349869263196,True,1.0,False,1.0,False,False,False,not_significant
212461,0.5603757866149552,0.005663123635550696,0.006464845916624107,0.060085490498213705,0.25523404612326145,8.319477692837232,1.3093364648985213,0.4731367721456603,0.6660163890593427,0.005663123635550698,-0.9982810036206508,-0.40729445279683224,0.10193918711414351,0.1017639540205805,1.0230393980008479,0.043951164957786275,-0.03985027162953981,0.0328299161095873,-0.027882881162893614,0.09361180752404086,-0.0904645746146363,1.082957502204605,ict_displacement_bullish,10,0.0055110157242725865,0.0046778482900977905,0.00636511567669203,percentile_bootstrap_subsample_20000,10000,0.0030380464938855522,0.007983984954659622,7.178143013696319e-06,0.0,0.0012617421699516085,4045,0.09066090932951963,0.07707617083783738,0.10465621851651644,1.0,2.752020918728917e-23,-0.029342185129466257,-0.0018225365397956045,1.0,-0.0015505495711958112,0.007213673206746507,0.00012547375827476248,-12.35756059685737,1,496,1.885601746881421e-05,True,1.0,False,1.0,False,False,False,not_significant
112181,0.5589716618678743,0.005641996502350616,0.006256399005411639,0.05912355062507438,0.48105771755474447,9.01780021565205,1.3145178891286882,0.4790408789853584,0.692654707746504,0.005641996502350616,-0.9773105866017983,-0.3681491309846392,0.10564332423910694,0.10324633918268558,1.0333176377209725,0.04349802638013459,-0.03919502506301311,0.03226965301595053,-0.02781804477578298,0.0926794701384348,-0.08897732047763207,1.0912928418854377,ict_fvg_bullish_formed,10,0.0054532206485251875,0.0046389446899533565,0.006230505374005733,percentile_bootstrap_subsample_20000,10000,0.0030180923722134875,0.007888348924836888,5.596703673015203e-06,3.748366750892553e-223,0.0012424352061117959,3897,0.09321405233156382,0.07941965956942926,0.10658153708086275,1.0,3.32960729648536e-17,-0.02990537398161187,-0.001843663672995685,1.0,-0.0016296832888590363,0.007271679791209652,0.00017860047733317101,-9.12474206784418,1,496,1.5085821264811659e-05,True,1.0,False,1.0,False,False,False,not_significant
42864,0.4270483389324375,-0.008702431797914289,-0.00897249070643047,0.06880868311967968,0.2134062249780214,6.117154426914588,0.6982063024242101,-0.6348887805008624,-0.9200531938090613,-0.008702431797914283,-1.0,-0.9987961339156634,-0.2456538152930868,-0.2456538152930868,0.9344636002781056,0.04497701783519268,-0.05127015432934329,0.03129431993474313,-0.038889106909861804,0.10246343045734507,-0.1082014370241579,0.8653979142917032,smc_internal_ob_bearish_formed,10,-0.007644923789380739,-0.0086071188258675,-0.006667371783491496,percentile_bootstrap_subsample_20000,10000,-0.012603529817840567,-0.002686317760920912,0.0005822136001270091,6.067975636875464e-150,0.0025299475033520144,3649,-0.109832131247197,-0.1241309406249284,-0.09552452877551458,1.0,0.0,-0.24348551661496906,-0.01618809197326059,0.9999999846653034,-0.001632079124843434,-0.0070703526730708545,0.00029472829901956314,-5.537571825551444,-1,496,0.0010563875631170473,True,1.0,False,1.0,False,False,False,not_significant
22431,0.42775623021711023,-0.008674436595598118,-0.009044690594568694,0.07084318479145381,0.26867588573295903,6.2040295932780225,0.705344094119051,-0.6146720569047704,-0.8934793625567634,-0.008674436595598124,-1.0,-0.9976928576460772,-0.24773444722033097,-0.24773444722033097,0.9415369627385934,0.047045701128897326,-0.052320585341341715,0.03256168154526973,-0.039643542403205334,0.10800888769988848,-0.11087044512515032,0.8870438316113206,ict_ob_bearish_formed,10,-0.008695757221549957,-0.009692804852719289,-0.007719504069031674,percentile_bootstrap_subsample_20000,10000,-0.014748043027443746,-0.002643471415656169,0.004967747428557424,1.427550104667506e-74,0.003087957638963669,3167,-0.12254041585175167,-0.13696753882889195,-0.10838464291691484,1.0,1.9028089922344721e-233,-0.23925023518887026,-0.016160096770944418,0.9999707566673388,-0.0016477310280600625,-0.007026705567538056,0.0004100021825061014,-4.018834772996707,-1,496,0.007504923153872159,True,1.0,False,1.0,False,False,False,not_significant
90730,0.42860134464895844,-0.008777823080069976,-0.008700189465957742,0.0688431333586926,0.04902536852122096,8.495938720662645,0.6929134234525384,-0.640068515140192,-0.8935188178936774,-0.008777823080069972,-1.0,-0.9990838434992177,-0.24825952837235518,-0.24825952837235518,0.9216334765149187,0.04360766507859082,-0.051319844978500506,0.029883016117564998,-0.038243233758936346,0.09880776391909955,-0.10862821855424162,0.8391187903007925,ict_fvg_bearish_formed,10,-0.008298314451025378,-0.009256487776600032,-0.007337592798951577,percentile_bootstrap_subsample_20000,10000,-0.012698680381989144,-0.003897948520061612,9.2401553995339e-05,0.0,0.0022451258956612294,3867,-0.1195006608635689,-0.13379742083013796,-0.1055500338845624,1.0,0.0,-0.244553896744054,-0.016263483255416277,0.9999999999999999,-0.0016581954811098684,-0.007119627598960107,0.000200872225124707,-8.254976416378197,-1,496,0.0001913255706256431,True,1.0,False,1.0,False,False,False,not_significant
32541,0.5644571463691958,0.005528023388009605,0.006484526289795234,0.05635923623996987,0.4639045324934915,8.338552547979788,1.3232618450053677,0.4923852596014789,0.7075149558779004,0.005528023388009604,-0.9128174889012517,-0.26912241929681896,0.11448912355712414,0.10450767427191919,1.0160040178631695,0.0415857897618366,-0.03705845651777706,0.0313783723719645,-0.026251720059119354,0.087995037639375,-0.08414907691455198,1.1026934959352388,ict_ob_bullish_formed,10,0.005735703821236766,0.004962118425116412,0.006520696105027962,percentile_bootstrap_subsample_20000,10000,0.0035303907330479305,0.007941016909425601,8.968837345878564e-07,9.945778815743471e-70,0.0011251804054507304,3704,0.10165305730578568,0.08811666441471315,0.11534134276371796,0.9999999965055112,6.988977548966333e-09,-0.0324426286950517,-0.0019576367873366954,0.9999996734906993,-0.0016625387952850148,0.00719056218329462,0.00033418946110938953,-4.974839092070649,1,496,2.896358482338766e-06,True,1.0,False,1.0,False,False,False,not_significant
190415,0.42688863797494947,-0.009015994204249776,-0.00845352454428494,0.06525195627766575,-0.16200519007716782,9.44520573135058,0.6731773309676522,-0.693618004468068,-0.9506890835874212,-0.009015994204249773,-1.0,-0.99942482942951,-0.25062324427138893,-0.25062324427138893,0.9013682639386765,0.0415976562292739,-0.04926251440195911,0.029028359558774253,-0.03663766434798199,0.09484473373854657,-0.10512931280219417,0.833829818559272,ict_displacement_bearish,10,-0.009088350883524254,-0.009988237656376905,-0.00819719382653679,percentile_bootstrap_subsample_20000,10000,-0.01223724166083048,-0.005939460106218027,2.002038224616606e-08,0.0,0.001606606436294864,4069,-0.13987988407278698,-0.15406049788310575,-0.12608249418355813,1.0,0.0,-0.25517882966468436,-0.016501654379596078,1.0,-0.0018917293733527341,-0.007124264830897042,0.00013391241706276792,-14.12661659647317,-1,496,9.707351932153007e-08,True,1.0,False,1.0,False,False,False,not_significant
32884,0.42050845395937236,-0.008845383052689233,-0.009648399980751954,0.06896750164054073,0.47289702189394206,6.3223110676915795,0.6937500218507934,-0.6438317970227996,-0.9570500406577216,-0.008845383052689233,-1.0,-0.9985123864480205,-0.24788832585779944,-0.24788832585779944,0.9542825546444851,0.04534313508780813,-0.05135680817654248,0.03114353756020849,-0.03944161251242151,0.10235782371006513,-0.10879783830233117,0.8698406827949592,ict_liquidity_sellside_swept,10,-0.008206889975502686,-0.009158762098986067,-0.0072538858293218185,percentile_bootstrap_subsample_20000,10000,-0.013165967620963472,-0.0032478123300418984,0.0004723968913933317,1.0852959576811186e-118,0.0025301881286905205,3718,-0.1199952212598515,-0.13456294989149745,-0.10545423817538169,1.0,0.0,-0.2453322217037669,-0.016331043228035535,0.9999999984340966,-0.0019747597895550936,-0.00687062326313414,0.00033331890250958896,-5.924535856463416,-1,495,0.0008751773987918566,True,1.0,False,1.0,False,False,False,not_significant
58340,0.5579876585533082,0.005198425809633111,0.005899601142312028,0.05722125588658634,0.5122795325537792,7.847663501146396,1.2954837106759463,0.4560523891097557,0.6675584796691612,0.00519842580963311,-0.9270260774824384,-0.30043452311383523,0.1015806718275311,0.09416793175230699,1.0218056632358183,0.04186173625347053,-0.037974008756390995,0.0310974916724438,-0.027208835469918147,0.08889026054455826,-0.08603510496898625,1.0832022674628072,smc_internal_ob_bullish_formed,10,0.005473581866017058,0.004690841128910494,0.0062648432973439125,percentile_bootstrap_subsample_20000,10000,0.0032804255970505358,0.007666738134983581,3.389391877333457e-06,2.719399814522284e-106,0.0011189778327390311,3895,0.09545987039799712,0.0819751321348129,0.1088347904299325,1.0,2.269668613885743e-17,-0.03765255986237768,-0.0022872343657131897,0.9999999999999992,-0.001980727219557635,0.007179153029190746,0.00024824832417031306,-7.978814061192771,1,496,9.63643794121457e-06,True,1.0,False,1.0,False,False,False,not_significant
117546,0.5551443690129821,0.0050128544465555605,0.005685396414002897,0.058752124575367645,0.31010969909450414,10.683211403033058,1.2783972067633884,0.42831352546781215,0.5992073506394096,0.005012854446555554,-0.9865593688918557,-0.4033987845620793,0.08718324233131647,0.0860114445323293,1.0208370492686636,0.042194347426670706,-0.03929888271132931,0.031228654022938174,-0.027692778080193436,0.09023024690637294,-0.08856303461390092,1.0554361541213706,ict_volume_imbalance_bullish,10,0.005296728376935066,0.004462314176760677,0.0061095406345546225,percentile_bootstrap_subsample_20000,10000,0.0028306059962689345,0.007762850757601198,6.776687519845779e-05,1.9635654457469127e-187,0.0012582488151140182,3872,0.08924178944256653,0.0753324860849893,0.10272137212229329,1.0,9.251013565642803e-31,-0.04022646423705887,-0.0024728057287907402,1.0,-0.00208037862290064,0.0070932330694562,0.00017002168902160498,-12.235960217030206,1,496,0.00014659672839013996,True,1.0,False,1.0,False,False,False,not_significant
84642,0.41631813993053096,-0.009396932687033536,-0.010048043302717802,0.06754636951852962,0.014018139787451657,9.27530470009974,0.669331950214672,-0.6983680698737467,-0.9831983688819073,-0.009396932687033527,-1.0,-0.9989680637022271,-0.2607814638659879,-0.2607814638659879,0.9364531039654221,0.04234479687150546,-0.0504842435565787,0.02852477015478755,-0.037822592340946204,0.09690600807338116,-0.10761462888454211,0.8271650798378298,ict_volume_imbalance_bearish,10,-0.00931098244788572,-0.01026270407187272,-0.008364295798093035,percentile_bootstrap_subsample_20000,10000,-0.01366515851097929,-0.00495680638479215,2.338142058919634e-05,0.0,0.0022215592036861753,3769,-0.13553573897948223,-0.1498065557241947,-0.12143680748190507,1.0,0.0,-0.25644022495015273,-0.016882592862379836,1.0,-0.002316165041732904,-0.007080767645300632,0.00020599914392821207,-11.243566344819648,-1,496,5.560986518511562e-05,True,1.0,False,1.0,False,False,False,not_significant
20531,0.4186839413569724,-0.009423217195619194,-0.011460145203655125,0.08727829763597941,0.6915763361415044,7.343373072401619,0.7261080183011368,-0.5419924101961184,-0.8168415587372553,-0.009423217195619199,-1.0,-0.9968645802436269,-0.28555511218340385,-0.28555511218340385,1.0066343943804847,0.05756463122815294,-0.06221120184830294,0.035636393229166674,-0.04580647745398325,0.13341093214037414,-0.1305100176744347,0.9108222555340725,ict_ob_bullish_mitigated,10,-0.00950137996841344,-0.010705272366589306,-0.008302256816365844,percentile_bootstrap_subsample_20000,10000,-0.021962975525228776,0.0029602155884018953,0.13831719662326702,1.106710672205956e-53,0.006358073697687986,3022,-0.10878712120130782,-0.12324083919953374,-0.09434188320015464,1.0,7.813064138373809e-160,-0.22085349275477595,-0.016908877370965494,0.9999999947878211,-0.002447335667518088,-0.006975881528101106,0.0004275811112194316,-5.723675820333729,-1,496,0.156551939586463,False,1.0,False,1.0,False,False,False,not_significant
3846,0.5652626105044202,0.004391963490538017,0.009171821534282198,0.08337932183007668,-1.04669121653123,7.355899922527158,1.1683984899741107,0.2644238554507933,0.3019816570572353,0.004391963490538015,-0.9936977021670879,-0.6580517401428043,0.0141327079239395,0.014043639389417276,0.893765726231346,0.056740957175943386,-0.05862595598511951,0.04341677798267718,-0.03500884582369568,0.12261478658007063,-0.13551636846480808,0.9494392443894488,smc_swing_ob_bearish_mitigated,10,0.004391963490538017,0.0018001516046768024,0.007032309297627567,percentile_bootstrap_full,10000,-0.007101647905239679,0.015885574886315715,0.45388996044175633,0.0010977646521779713,0.005864195156532311,1736,0.052674492837548395,0.021093698461448998,0.08626090643193478,0.9889784532545879,0.02204309349082423,-0.04160596583815492,-0.003093696684808284,0.9927880305762211,-0.002477070004564568,0.006869033495102585,0.0010124836038553399,-2.4465285118024322,1,492,0.4769231823149201,False,1.0,False,1.0,False,False,False,not_significant
80739,0.552013277350475,0.004352096135933683,0.005037359607586778,0.0546127811492979,0.7025602369288688,10.258749626763112,1.2580413326991424,0.40004095656087285,0.586795436364893,0.004352096135933688,-0.9703425733366398,-0.36499116735415127,0.07751361444666222,0.07521476011079835,1.0162503556545406,0.039583981747363696,-0.0369482615569303,0.029106930522167396,-0.026363047378511584,0.0841921120401002,-0.08386867165566943,1.054857038010418,ict_bos_bullish,10,0.004605242746127628,0.0038404080383059366,0.005364439524309748,percentile_bootstrap_subsample_20000,10000,0.0025823245519748,0.006628160940280457,2.4795090290208302e-05,3.638238300788457e-113,0.0010321200767732612,3887,0.08469184138793105,0.07092588679272717,0.09844306198085177,1.0,9.482916957742885e-42,-0.05263564220769952,-0.0031335640394126174,1.0,-0.002882774475833248,0.007234870611766931,0.00020903130490099802,-13.791113619075361,1,496,5.857632068559277e-05,True,1.0,False,1.0,False,False,False,not_significant
31944,0.5498059103431004,0.004209534003670597,0.0047277978341480065,0.054416565862860186,0.7059044075938395,9.316018320489977,1.2482402822747551,0.3883319840597546,0.5790536977888822,0.004209534003670599,-0.8513365098747911,-0.32220106320948777,0.08421045753277895,0.07169143701091535,1.0172557740817953,0.03955707048682257,-0.03681368220978789,0.02909642064616813,-0.02657608699393893,0.0833887488032432,-0.08302462608900872,1.056124462510658,smc_internal_bos_bullish,10,0.0042317904352256715,0.003477521581976927,0.004978343535508552,percentile_bootstrap_subsample_20000,10000,0.0022199024649042073,0.006243678405547136,4.1156077660391224e-05,2.3676777723446933e-43,0.0010264923081859994,3635,0.07809074884761363,0.06437770017949053,0.09174933329690065,1.0,4.024479924608948e-23,-0.05511354248192316,-0.003276126171675704,1.0,-0.0030500340633582528,0.00725956806702885,0.00033702208551802894,-9.049953087407062,1,496,9.346412475134006e-05,True,1.0,False,1.0,False,False,False,not_significant
16549,0.41223034624448607,-0.010346679410685289,-0.011213618534588798,0.07424785543671818,0.4301778801165936,5.699288151634331,0.671670185364281,-0.699547725872969,-1.0461085031117574,-0.010346679410685292,-1.0,-0.9970503281716366,-0.2835923483258392,-0.2835923483258392,0.955815619981888,0.04812724659967148,-0.05539964460770532,0.03240072490786805,-0.041884839954660524,0.11118718405555932,-0.11797865172670043,0.8572693162636384,smc_internal_bos_bearish,10,-0.010346679410685289,-0.011458387432479018,-0.00920738907889032,percentile_bootstrap_full,10000,-0.016875171119738325,-0.0038181877016322512,0.001894772554579856,3.431971942700417e-71,0.0033309242971059864,2936,-0.13935324259303106,-0.15518700545360878,-0.12335176466297404,1.0,5.6969276732633695e-195,-0.25713902870442606,-0.01783233958603159,0.999999999994352,-0.0032970900292779073,-0.007049589381407382,0.00048565609719043777,-6.7889398451946885,-1,495,0.003116635229963128,True,1.0,False,1.0,False,False,False,not_significant
67673,0.4209655253941749,-0.010898351237571173,-0.010635350489328621,0.07760658294598524,0.022512038536495197,8.292123456089525,0.664652616556483,-0.7049568082607361,-0.9739518335036633,-0.010898351237571165,-1.0,-0.9992302161375801,-0.30106627865486846,-0.30106627865486846,0.9122408490367343,0.04924544409819444,-0.05863023778766091,0.033100122451445446,-0.04324938839162695,0.11081158242265672,-0.12425783131058306,0.8273759003537853,smc_fvg_bearish_formed,10,-0.011058604321370505,-0.012153270198271412,-0.009991813681378438,percentile_bootstrap_subsample_20000,10000,-0.017660426931978532,-0.004456781710762477,0.0012141835139433082,2.32538728495829e-289,0.0033683387095926392,3774,-0.14141077282798137,-0.1558457149425925,-0.12725068454330987,1.0,0.0,-0.2583332679311495,-0.018384011412917473,1.0,-0.00393941125948681,-0.006958939978084363,0.00022955108659742052,-17.161370559729153,-1,496,0.0020848419361368022,True,1.0,False,1.0,False,False,False,not_significant
42496,0.40241434487951805,-0.011988047447663911,-0.012290223839880765,0.07429459404682613,0.32375950369227013,10.268080276867353,0.624438431712417,-0.8100121058067259,-1.166949716149716,-0.011988047447663915,-1.0,-0.9986558857700432,-0.322969833952881,-0.322969833952881,0.9254293674825739,0.04681440566500768,-0.05539587644872379,0.030789223404876054,-0.0418259967008453,0.10547923644063739,-0.11686164566876589,0.8321323943507418,ict_bos_bearish,10,-0.011681812048667627,-0.012719565444056712,-0.010648985295676166,percentile_bootstrap_subsample_20000,10000,-0.017449068349778822,-0.005914555747556431,4.6200803744732605e-05,1.5772553458369507e-239,0.0029425317511501212,3598,-0.15526826100455654,-0.1702459211376536,-0.14089149071593313,1.0,0.0,-0.2807059630638559,-0.019473707623010213,1.0,-0.004926436973604414,-0.007061610474059497,0.000299839202065178,-16.43026308659107,-1,496,0.00010358396763150239,True,1.0,False,1.0,False,False,False,not_significant
3834,0.6082420448617631,0.021115362470831112,0.02069723375209509,0.10798363427511486,0.028271010889832495,5.868165599398759,1.7404915701805432,0.6941061200528191,0.9668136761466607,0.021115362470831126,-0.8418502074109668,-0.2855799890168001,0.24649964694109563,0.20751577890409145,1.1172881134478017,0.08356494506151815,-0.07559908820640675,0.06563225121367355,-0.050172094784876164,0.17288660033557007,-0.1749537933203668,1.0922696320925114,smc_swing_ob_bearish_mitigated,20,0.021115362470831112,0.017759765823057112,0.024525548038956128,percentile_bootstrap_full,10000,0.008714446465844145,0.033516278475818076,0.0008460214666814109,3.837287276069855e-33,0.0063271141740292,1729,0.19554224686524752,0.16366221689226382,0.22846081296119977,0.00021187958265340756,0.0004237591653068151,0.06166349584102137,0.0061870423470715055,1.701136960360687e-07,0.007326557001362678,0.013788805469468434,0.0014366698237334578,5.099680441761654,1,492,0.0014964801822706364,True,3.522354176746834e-06,True,0.009322701636749932,True,False,True,significant_small_effect
49087,0.5967364067879479,0.01905397201181456,0.017602932560234485,0.09008419713343664,0.48664621241939743,5.632334554809578,1.7980648929200156,0.7507964028798688,1.1975714710637326,0.019053972011814548,-0.9923531386250504,-0.35993505805315723,0.2090066046959562,0.2074083601633973,1.2125827493766894,0.07288547210700107,-0.05761317471852616,0.05601694759606857,-0.04057577879625629,0.1524298103312319,-0.13088181912703092,1.248804820773099,ict_sweep_sellside_bullish,20,0.018903263888781448,0.01764186468795975,0.020149361794504075,percentile_bootstrap_subsample_20000,10000,0.01255829216301917,0.025248235614543726,3.961842336564787e-09,0.0,0.0032372899327550286,3909,0.21125015055916457,0.19730737555596867,0.22516897551813966,1.3639948815068427e-20,2.7279897630136855e-20,0.04529971558333601,0.004125651888054952,3.245880105254394e-38,0.004946834364017803,0.014107137647796756,0.00038431726695467154,12.871746313186753,1,496,2.6312613254166134e-08,True,1.1425497970495467e-35,True,4.801261982904086e-18,True,False,True,significant_small_effect
42138,0.595851725283592,0.0176519807538164,0.016680261864181367,0.09016035391590216,0.4905335165804093,7.936661015398897,1.7311440790680097,0.6949652830781378,1.0632389309017516,0.0176519807538164,-0.9360904442964406,-0.23952721852310005,0.19861084777618476,0.18591771673690152,1.1712870644896984,0.07187628656271342,-0.05769083907795167,0.055388860102614346,-0.04060319430065179,0.14955773805613984,-0.1291967578216437,1.229636907168402,smc_internal_ob_bearish_mitigated,20,0.017117120385668188,0.01587210951086179,0.018344584093363682,percentile_bootstrap_subsample_20000,10000,0.011687723498007938,0.02254651727332844,1.863258282254229e-10,0.0,0.002770151333218493,4029,0.19077239694966455,0.17725095153256235,0.2043917191554739,5.581209658153393e-09,1.1162419316306786e-08,0.02989346665811665,0.0027236606300567925,1.5161872494215408e-16,0.0034379370732283143,0.014214043680588085,0.00042069548544286815,8.172032247052002,1,496,2.1156997269467373e-09,True,5.9299767977375816e-15,True,4.911464499174986e-07,True,False,True,significant_small_effect
65302,0.4264187926862883,-0.011383698958397078,-0.012172697218368,0.08457626036069676,-0.44742146027954216,12.88724215117915,0.6859350232827904,-0.47777145249114167,-0.6689558404909687,-0.011383698958397078,-1.0,-0.9991862027452326,-0.18610609351902294,-0.18610609351902294,0.9214034168603309,0.05564913698123729,-0.06506851274743138,0.039875866172918384,-0.050860758196186295,0.12352124646879277,-0.1348425094753059,0.8495455475583291,ict_sweep_buyside_bearish,20,-0.011602149184100418,-0.012773174359524632,-0.010421516184802701,percentile_bootstrap_subsample_20000,10000,-0.016730574989961194,-0.006473723378239643,1.3577628714518166e-05,5.973228426533297e-257,0.0026165918383504873,3992,-0.13680324244118017,-0.1504993531726159,-0.12323246738791571,1.0,0.0,-0.29766618761305724,-0.026312019082156683,8.193970993332947e-18,0.0027886105748627463,-0.014172309533259824,0.0003274208027206844,8.516901038941162,-1,496,3.389592416674039e-05,True,3.6053472370664963e-16,True,1.0,False,False,True,significant_small_effect
146898,0.5934525997631009,0.01662305790492217,0.015165290124054431,0.08567377058300225,0.8082693995104915,9.13213230639479,1.732636400836956,0.6887289036216345,1.0998414821421403,0.016623057904922165,-0.9894838019254311,-0.28507262590270654,0.17943446532674742,0.17754749694796698,1.1843468245738464,0.06860805650634123,-0.05445024513718668,0.05202727722287337,-0.039112162081124224,0.14366911001481747,-0.12297365448271849,1.2467929061368044,ict_nwog_gap_up,20,0.017555610665846592,0.016355428323892137,0.018740699545742624,percentile_bootstrap_subsample_20000,10000,0.012705543244112882,0.022405678087580302,1.8479891859298946e-11,0.0,0.00247456964604131,850,0.20451284721886231,0.1909626750935483,0.21788217162378287,2.6901644956804065e-09,5.380328991360813e-09,0.01905885675558137,0.0016947377811625617,6.2859530031076716e-24,0.0021860453164626367,0.014437012588459532,0.00021818911601722836,10.019039246164896,1,496,3.653452626577375e-10,True,5.531638642734751e-22,True,3.156459674931677e-07,True,False,True,significant_small_effect
6763,0.4088422297796836,-0.012831515624038238,-0.013373000845331884,0.08562474665581521,-0.9194740531434921,17.417580035175746,0.6466473232840664,-0.5319415692407929,-0.7026475147570411,-0.012831515624038243,-1.0,-0.9854853222975993,-0.21084577914383434,-0.21084577914383434,0.9338382502254166,0.05620896016831002,-0.06441636685661627,0.037899341075856574,-0.049156278112139073,0.12586061877865046,-0.1333621513058485,0.8678138702768469,smc_swing_ob_bullish_mitigated,20,-0.012831515624038238,-0.014910404374879836,-0.010788312526159076,percentile_bootstrap_full,10000,-0.020388188685184192,-0.005274842562892282,0.0008744275476962269,1.5779005947843703e-34,0.003855516254964864,2691,-0.14985756017027332,-0.17401945587269546,-0.1266054752268829,1.0,4.209381348296399e-145,-0.3122673439946368,-0.027759835747797845,0.09487835561534214,0.0013538394553414112,-0.014185355079379649,0.0010324413330242356,1.3112991625158337,-1,494,0.0015313358049207555,True,0.5566196862766739,False,1.0,False,False,False,not_significant
130422,0.41951511248102313,-0.013542622727919201,-0.013495865080342506,0.09288068946922792,-0.1629509945866691,8.370093570265224,0.6582286598710827,-0.5175622854780741,-0.7139850998717798,-0.013542622727919198,-1.0,-0.9996075098629795,-0.2172598806800954,-0.2172598806800954,0.9094705236124961,0.05858978537020208,-0.06999216772554674,0.04046189998510247,-0.052954967492434,0.1315236433984766,-0.14616882405377557,0.8329554996626608,ict_nwog_gap_down,20,-0.01187455564865363,-0.013139236392382795,-0.010574693563728484,percentile_bootstrap_subsample_20000,10000,-0.019210646300219222,-0.004538464997088034,0.00029672007140008966,0.0,0.003742972142123832,849,-0.1283237456947696,-0.14221687038053887,-0.11401886892669498,1.0,0.0,-0.3078991378468954,-0.02847094285167881,0.0007834401605351257,0.0007315812613632681,-0.01427420398928247,0.0002313664144608291,3.1620028475962165,-1,496,0.0005770467686896771,True,0.010213738389198675,True,1.0,False,False,True,significant_small_effect
26126,0.42582102120492993,-0.01367445723859624,-0.01297796739684498,0.09288610782886367,-0.3570254118689228,8.863980814597145,0.6609317145997687,-0.5225701576160602,-0.7194773470545864,-0.01367445723859623,-1.0,-0.998799846972817,-0.21284886928211935,-0.21284886928211935,0.8898368738225022,0.05972495577408069,-0.07231769759768004,0.04234605056149471,-0.05499961462599867,0.1331787325881323,-0.15087625773244384,0.8207306789323762,ict_bpr_bearish,20,-0.013832227490914985,-0.015091108857885532,-0.012533549911486658,percentile_bootstrap_subsample_20000,10000,-0.020644489600345997,-0.007019965381483971,8.344149748011974e-05,7.725396303700793e-124,0.0034757077729136933,3229,-0.14755348778288038,-0.1611782532643741,-0.13363781839605562,1.0,0.0,-0.3093157597417029,-0.028602777362355846,0.09255860197355165,0.0007108341027703517,-0.014385291341366591,0.0005364127130457122,1.3251626694943295,-1,496,0.0001748298042440604,True,0.5522140321133929,False,1.0,False,False,False,not_significant
58783,0.5886055492234149,0.014063847028922284,0.014937370923207238,0.08214368750698513,0.15447716299444994,5.732382137173188,1.6033955506051574,0.607736347896514,0.8988605218610654,0.014063847028922286,-0.9977754345525468,-0.34967940742201303,0.14330792500261863,0.14298912714431158,1.1182525442674294,0.06567532888668798,-0.05318902813649246,0.05157907235392689,-0.038275081149492074,0.13693264466971267,-0.11965723201816778,1.2203900569139936,ict_liquidity_buyside_pool_formed,20,0.013384527507411773,0.01225806690744874,0.014485258626683699,percentile_bootstrap_subsample_20000,10000,0.008601339922063526,0.01816771509276002,8.272156140507716e-09,0.0,0.002440446653789685,3911,0.16406188467031457,0.1499544881196867,0.1779691947138014,0.9873955175656169,0.025208964868766132,-0.009909156211622272,-0.000864473094837323,0.16737483547991183,0.00032832441218986,0.013735522616732424,0.0003403767880150458,0.9645910759794436,1,496,4.773440920424124e-08,True,0.8926657892261964,False,1.0,False,False,False,not_significant
26334,0.5892002734107997,0.014406413550771909,0.01462872472507748,0.0852901442555661,0.50446807822771,7.564633049245511,1.6053943449436616,0.5995733225586513,0.9156295282480377,0.014406413550771907,-0.95078954737158,-0.22838900739584655,0.15240071708679015,0.14490100881805343,1.1170299914934114,0.06705126612559811,-0.05462886270586665,0.051217329052526295,-0.038452015626672054,0.14018596553595714,-0.1257476581383419,1.2153274260866391,smc_internal_choch_bullish,20,0.014312229500095475,0.013117701169407447,0.015521557891833897,percentile_bootstrap_subsample_20000,10000,0.008934577533993526,0.019689881466197424,1.515812312084554e-07,4.0215266725644566e-163,0.0027437503781201846,3563,0.16839609888462242,0.15471821587314546,0.18209011017516838,0.8254707257295346,0.3490585485409309,-0.00588151976899994,-0.000521906572987698,0.36418896287292374,0.00018359755460744566,0.014222815996164463,0.0005286668075406467,0.34728405867116924,1,496,5.928510376152923e-07,True,1.0,False,1.0,False,False,False,not_significant
53922,0.41702830013723524,-0.014259087012644046,-0.013936391826828376,0.09140249409529735,-0.6464290053244001,12.966950558401109,0.6384457564839543,-0.5537566380607241,-0.7365591043292551,-0.014259087012644042,-1.0,-0.9991005210484954,-0.22590354376338953,-0.22590354376338953,0.8909337767806503,0.05898754345430877,-0.06997348489487928,0.040830440070231844,-0.05283075281081595,0.13160343909171182,-0.14556442601189043,0.8367712282710648,smc_internal_ob_bullish_mitigated,20,-0.013398385921099251,-0.014687886872939374,-0.012117021472079185,percentile_bootstrap_subsample_20000,10000,-0.019864095903098882,-0.00693267593909962,1.543505257601971e-05,6.276664293000607e-284,0.0032988922153670327,4019,-0.14571525719802922,-0.15967793382361786,-0.13169201594435376,1.0,0.0,-0.3181918282670441,-0.02918740713640365,0.45545752064251643,4.093149308391497e-05,-0.01430001850572796,0.0003658372544632616,0.11188443108115832,-1,496,3.7969555896554654e-05,True,1.0,False,1.0,False,False,False,not_significant
36403,0.5873142323434882,0.014303427450424497,0.014780839494525466,0.08615395127962426,0.6315398656091759,8.97923872237368,1.5929212543384919,0.5893186560452147,0.9068401045223953,0.01430342745042449,-0.9399384027727866,-0.22997767108687475,0.15178101028322205,0.14266480037685164,1.117205528943203,0.06722820596146183,-0.05513652892939517,0.051407519734730345,-0.03900564368881165,0.1396987184284912,-0.12675201425504984,1.205745403906726,ict_mss_bullish,20,0.014471061039529621,0.013272505839114147,0.015672509802753986,percentile_bootstrap_subsample_20000,10000,0.009108871402854745,0.0198332506762045,1.712368328570312e-07,2.9748986507742184e-217,0.002735861289633318,3737,0.16745729467396991,0.15403831180710126,0.18101284291404213,0.8997485901145531,0.20050281977089382,-0.007009221140286054,-0.00062489267333511,0.4896795029733754,1.1638560417191399e-05,0.014291788890007305,0.00044984227658058184,0.025872535826691117,1,496,6.623666501722526e-07,True,1.0,False,1.0,False,False,False,not_significant
67681,0.5748142019178204,0.014264131747374528,0.01291990116120445,0.09466260847350269,1.0494737997791737,11.943086939708937,1.54253455712581,0.5348748115961737,0.8536847629397178,0.014264131747374526,-0.9984707713684645,-0.39509811036229764,0.13277171161389426,0.1325686733110363,1.1390188726751271,0.07375413111728199,-0.06143021319790163,0.054249523826128465,-0.044011641247998834,0.15471967931635433,-0.13833789925591056,1.1895002999523239,smc_fvg_bullish_formed,20,0.013963298652391947,0.012682799255523345,0.015267103403546988,percentile_bootstrap_subsample_20000,10000,0.007884173370539623,0.02004242393424427,4.2476263813815406e-06,0.0,0.003101651500666504,3871,0.14995722348114326,0.1365556132379883,0.16356770432643652,0.9480588005456,0.10388239890880002,-0.007113695930141964,-0.0006641883763850789,0.5748205255306451,-6.182166273791499e-05,0.014325953410112443,0.0003276874501179685,-0.18866045286647076,1,496,1.1866384811478589e-05,True,1.0,False,1.0,False,False,False,not_significant
26743,0.5803013872789141,0.014255383691887311,0.01401252290974253,0.08943391980451174,0.5360580767428813,7.398806476397768,1.564046144192904,0.5657986641595101,0.8630872079417895,0.014255383691887315,-0.9310574874702671,-0.28711742895312814,0.14800600202545125,0.1378020963763359,1.1295720848066286,0.06985876933841795,-0.05811974552901726,0.05310154525370536,-0.041175592864347244,0.1455927351517345,-0.13298321584971304,1.1887126623085904,ict_bpr_bullish,20,0.014289558591020051,0.013041287838444115,0.015515564227660669,percentile_bootstrap_subsample_20000,10000,0.008639273754029838,0.019939843428010265,7.618674355470294e-07,6.1828190196947916e-148,0.0028828513365501685,3278,0.15945526224378231,0.14578367677722073,0.17318956272381264,0.8780505152033005,0.24389896959339918,-0.00741498685695625,-0.0006729364318722956,0.7066789516678731,-0.00029070425997588384,0.014546087951863195,0.0005346693515829321,-0.5437084791099961,1,496,2.5063302552575177e-06,True,1.0,False,1.0,False,False,False,not_significant
9314,0.5805239424522225,0.013587675514037832,0.012647512135421812,0.08653558210084858,1.1023675200648457,13.39113352655206,1.5692644233648463,0.5573599006769399,0.8773781885271615,0.013587675514037834,-0.9647342928351671,-0.2794441385994559,0.13801881375452815,0.13315148268542334,1.1298587756906504,0.06594253557297663,-0.05418856795433904,0.05003487019315411,-0.038748287866806175,0.13787683322339286,-0.12300394162570587,1.205475877782931,smc_equal_lows,20,0.013587675514037832,0.011825085996823479,0.015323901015977642,percentile_bootstrap_full,10000,0.008932290999357172,0.01824306002871849,1.0618045086957267e-08,2.918593782435226e-51,0.002375239807813133,2614,0.1570183638240597,0.13757606815233864,0.1765050286627805,0.9284112545827247,0.14317749083455059,-0.015006506760157391,-0.001340644609721775,0.7062510572605385,-0.00048827624988631753,0.01407595176392415,0.00090010567086487,-0.5424654745449559,1,495,5.839924797826497e-08,True,1.0,False,1.0,False,False,False,not_significant
44150,0.5865005662514157,0.012744309730655662,0.013770497308309926,0.07908720369436423,0.329763406039034,5.9671988953992425,1.5605275312137903,0.5719991322879286,0.8679078499140919,0.012744309730655653,-0.9809230847247837,-0.3370901171126292,0.1307912636049186,0.1282961697503891,1.0976847321204901,0.06274419865899077,-0.05177946190151348,0.048728625670935055,-0.03728902495087982,0.1304265998655512,-0.11704786830938084,1.1997399120679078,ict_liquidity_buyside_swept,20,0.012045938970687859,0.010926455703627264,0.013137815680981069,percentile_bootstrap_subsample_20000,10000,0.007574005242811737,0.01651787269856398,2.3290814061849032e-08,4.062351368052835e-248,0.00228164074844034,3842,0.15254367173789984,0.13855707696022126,0.16633715447327388,0.9999999027512948,1.944974103038548e-07,-0.0254499170031946,-0.0021840103931039453,0.9957884018884198,-0.001034366499462279,0.01377867623011794,0.0003926058380134081,-2.6346182336365405,1,496,1.0510726345860077e-07,True,1.0,False,1.0,False,False,False,not_significant
10461,0.4081827741133735,-0.015075342559101411,-0.014214647543067116,0.08344252421510534,-0.399816651038413,6.601238932383946,0.601086674114713,-0.6413055945476002,-0.8669547775119026,-0.01507534255910141,-1.0,-0.9970798212342675,-0.21339892570474672,-0.21339892570474672,0.8703791349066208,0.05217623089608754,-0.06603284874410731,0.037633295849777815,-0.05046334948244535,0.11740576494774568,-0.13672211397144007,0.7853112105795765,smc_equal_highs,20,-0.015075342559101411,-0.01668153545639118,-0.013498657853876144,percentile_bootstrap_full,10000,-0.019794136149798115,-0.010356548968404707,3.8108320293503433e-10,4.7817735143146e-75,0.002407591971432487,2895,-0.18066738393770174,-0.19988492320163934,-0.16204198340818818,1.0,3.6512537787902236e-267,-0.3415173825848435,-0.030003662682861018,0.9089643496449862,-0.0011104290073169227,-0.013964913551784489,0.0008321531761232493,-1.3344045774001327,-1,495,3.6254402008954618e-09,True,1.0,False,1.0,False,False,False,not_significant
26265,0.4160289358461831,-0.015363484360819668,-0.014913699958484461,0.09147312263829095,-0.11381260198452547,6.55836642729947,0.6230726920727213,-0.5961856112713365,-0.8335170584999407,-0.015363484360819683,-1.0,-0.9973833169658857,-0.22772082452494932,-0.22772082452494932,0.8735676436857407,0.059027087954355205,-0.07110033196993863,0.04185257153903399,-0.054752855892610475,0.12926812097683602,-0.14714362348673035,0.8245670865542504,smc_internal_choch_bearish,20,-0.015401993251956264,-0.016701855506051206,-0.014135760641638002,percentile_bootstrap_subsample_20000,10000,-0.02298963647717623,-0.007814350026736298,7.231389573638685e-05,6.484604513223635e-161,0.0038713176493139494,3340,-0.16830468763683026,-0.18288568934766664,-0.15415668268716132,1.0,0.0,-0.3301049590925777,-0.030291804484579275,0.9844765540288494,-0.0011415047194364859,-0.014221979641383182,0.0005293391958247494,-2.156471178481196,-1,496,0.00015521031280004983,True,1.0,False,1.0,False,False,False,not_significant
20062,0.5835410228292294,0.012758260225013474,0.012571982040837537,0.08190018474532726,0.7395287591857549,9.040347721050757,1.5603955775059835,0.5529576199572558,0.8456923055414075,0.012758260225013477,-0.9895421568949313,-0.3140230824852581,0.12753491112636225,0.1262011710353839,1.109884169632897,0.06324268605719063,-0.05143487668310123,0.047876770092996845,-0.036880911224932866,0.1309444054448928,-0.11502587245598266,1.2154251991624012,ict_ob_bearish_mitigated,20,0.012758866139973091,0.01162388841464527,0.01389528242650666,percentile_bootstrap_subsample_20000,10000,0.00792706127991234,0.017590671000033843,2.2762300432985622e-07,1.2844134535424348e-106,0.002465251841391347,3494,0.1557733185961924,0.14216765477562068,0.169483914027823,0.999823661282041,0.0003526774359180126,-0.02490734932039136,-0.0021700598987461333,0.9918443523920094,-0.0014710743148722508,0.014229334539885724,0.000612469220522379,-2.4018746829719246,1,496,8.260133765372101e-07,True,1.0,False,1.0,False,False,False,not_significant
90534,0.4143084366094506,-0.015891715325906736,-0.015237074179393795,0.09594280733050586,-0.3543614604890065,10.285707430388554,0.6234966907715599,-0.5879543764098994,-0.8014257184092899,-0.015891715325906747,-1.0,-0.9996133470874753,-0.2413272343521084,-0.2413272343521084,0.8803323133984327,0.06069260435753285,-0.07473224512804787,0.042129765553285514,-0.05662971258902594,0.13392739995578,-0.15489824501038693,0.8070497153363296,ict_fvg_bearish_formed,20,-0.015185923627608195,-0.016509495176859495,-0.013832831101134119,percentile_bootstrap_subsample_20000,10000,-0.022403565879748885,-0.007968281375467505,1.5929651761612077e-05,0.0,0.0036825381752627552,3857,-0.1612068478941113,-0.1755711495758721,-0.14652702209065,1.0,0.0,-0.32780768501864843,-0.03082003544966634,0.9999999871377596,-0.0015865245329743424,-0.014305190792932394,0.0002849210900589243,-5.568294479872426,-1,496,3.861700068538281e-05,True,1.0,False,1.0,False,False,False,not_significant
36469,0.41476322355973566,-0.015875063356587043,-0.01522787174797613,0.0910494394956693,-0.330523286607521,8.231817839897113,0.6112170353151759,-0.6189042474037237,-0.8455297038771155,-0.01587506335658705,-1.0,-0.9985289899663262,-0.23423826108909584,-0.23423826108909584,0.8611428163163899,0.05835437112995196,-0.07070989486281362,0.04171100648803905,-0.054186928299443826,0.12875301353316682,-0.14658131727946094,0.8199352692111125,ict_mss_bearish,20,-0.015609443476802437,-0.016882707816440592,-0.014345255251225703,percentile_bootstrap_subsample_20000,10000,-0.022810234357525848,-0.008408652596079024,1.5533000139499633e-05,1.694605183495027e-239,0.003673940378865843,3530,-0.17176938629968608,-0.185824476966329,-0.15764875743744847,1.0,0.0,-0.336453240803025,-0.030803383480346648,0.9998289626721029,-0.0016078633039861307,-0.014267200052600912,0.00044897859538185563,-3.5811580340899,-1,496,3.7969555896554654e-05,True,1.0,False,1.0,False,False,False,not_significant
211931,0.5770698953904808,0.012722468105147348,0.012552355373705693,0.08585010644745229,0.7146028706153201,10.962685276667566,1.5243244900433548,0.526036410175416,0.8007167301213041,0.012722468105147343,-0.9998633492090638,-0.43461294686738294,0.12067152886682936,0.12065503900696622,1.1146854194886904,0.06574599618284548,-0.055824224634501755,0.04955743589037165,-0.03953467551027223,0.13718776870833982,-0.12611807445841894,1.165979595392503,ict_displacement_bullish,20,0.013271771393941034,0.012072803585515395,0.014449742873744361,percentile_bootstrap_subsample_20000,10000,0.008726885145775777,0.01781665764210629,4.0994425018591264e-08,0.0,0.0023188621057148276,4035,0.15500423663210458,0.1413247240204379,0.16852951009962547,1.0,4.976766354714071e-17,-0.024783109156694464,-0.0022058520186122588,1.0,-0.001766257639304403,0.014488725744451751,0.0001778997335161309,-9.928388336479713,1,496,1.7385587477764005e-07,True,1.0,False,1.0,False,False,False,not_significant
2693,0.5759376160415893,0.01195758833066092,0.011079664974380954,0.07584980927515271,0.31369913224444207,4.340094457336704,1.5460708116369255,0.5595957109478852,0.8875115349069235,0.011957588330660924,-0.7895952655344967,-0.22862908710942492,0.15314404504567736,0.12092181291286852,1.137373820810917,0.06137758522971802,-0.05055503784520712,0.046982842229525534,-0.03832510618417151,0.1255208469093453,-0.11061657950841829,1.198621728361573,smc_swing_choch_bullish,20,0.01195758833066092,0.009082689315512154,0.014868267737444946,percentile_bootstrap_full,10000,0.005985224233229197,0.017929952428092644,8.703709538176726e-05,4.28981534145851e-16,0.003047180508127559,1480,0.1576482320118114,0.11995579774203734,0.195345765719662,0.9780687806274875,0.04386243874502512,-0.03522240217990601,-0.0029707317930986864,0.8811300458922009,-0.0019870932735232636,0.013944681604184184,0.001683043489500383,-1.1806547400109897,1,492,0.00018128436434545608,True,1.0,False,1.0,False,False,False,not_significant
117261,0.5776003956984845,0.012105080372640705,0.012457454283315794,0.08364581479887288,0.6754772899480781,10.223592036583419,1.5101642493202774,0.513699016054111,0.7774386851967627,0.012105080372640707,-0.9969021289991624,-0.38595824338211054,0.11487060800961145,0.1145147536842099,1.1019984919298005,0.06339350521886586,-0.05503484501038192,0.047874857557236083,-0.03906767843609271,0.13233291202826836,-0.12366762171877621,1.1408115158659626,ict_volume_imbalance_bullish,20,0.011862901669945072,0.01071142316426173,0.013029220568569118,percentile_bootstrap_subsample_20000,10000,0.007322715827258117,0.016403087512632027,1.7352378730728792e-07,0.0,0.002316463895605713,3862,0.14080036251294056,0.1272452140828912,0.15424851308477502,1.0,3.418634013979946e-20,-0.03210029353550022,-0.0028232397511189014,1.0,-0.0021348873824424096,0.014239967755083115,0.00024063813556796638,-8.871774947073703,1,496,6.639170992626668e-07,True,1.0,False,1.0,False,False,False,not_significant
58196,0.5799195821018627,0.012164245373727978,0.012462823864301087,0.08191410856064023,0.8120182274316644,10.39793430511467,1.5263871734781937,0.5271227196147809,0.8149545537815776,0.012164245373727973,-0.9508804194231594,-0.26909215198184033,0.1238593147716061,0.11777539717948993,1.1031018151984693,0.0627319936708394,-0.05309748573444826,0.04734966929031725,-0.03815124470276193,0.13068005600770416,-0.12025400913016443,1.1701616591245427,smc_internal_ob_bullish_formed,20,0.012156524004249812,0.011025607183693527,0.013295822296459646,percentile_bootstrap_subsample_20000,10000,0.007996421283684618,0.016316626724815007,9.984956003124601e-09,5.058010397562827e-278,0.0021225403734788984,3885,0.1493817200282378,0.13584163968494184,0.16315243402175122,0.9999999999995445,9.110156914363421e-13,-0.03172290506930776,-0.002764074750031629,0.9999999999193862,-0.0022483616222779106,0.014412606996005889,0.00035161670908056723,-6.394353750016855,1,496,5.668878246935257e-08,True,1.0,False,1.0,False,False,False,not_significant
189952,0.4093928992587601,-0.01668099934199444,-0.015582780532722551,0.09239356560791175,-0.4641499420145309,10.505959175138194,0.5975777908450828,-0.6408636076749964,-0.860832335546095,-0.016680999341994445,-1.0,-0.9997035712131218,-0.24917609520547285,-0.24917609520547285,0.860853206419485,0.05767871690889791,-0.0722970881157021,0.04077336625254391,-0.054951492022502935,0.1283191215821827,-0.15089255026779602,0.792872211912495,ict_displacement_bearish,20,-0.017307111701908247,-0.018569537707357732,-0.01607241651680571,percentile_bootstrap_subsample_20000,10000,-0.02307616774220206,-0.011538055661614435,1.4518455825898325e-08,0.0,0.0029434500022928025,4059,-0.19129385939255236,-0.20555613843270068,-0.17756477372400253,1.0,0.0,-0.34274475964208156,-0.03160931946575405,1.0,-0.0023686257296688523,-0.01431237361232559,0.00018985585764513135,-12.47591598725473,-1,496,7.401407576997351e-08,True,1.0,False,1.0,False,False,False,not_significant
32461,0.5826068204922831,0.011968956731247826,0.012715801072560984,0.08086474107313152,0.7802751066562059,10.897475691420944,1.523776588305827,0.5253906857513458,0.7997440567988733,0.011968956731247826,-0.9338879247445775,-0.25351513732604924,0.12434478737393363,0.11612409543344862,1.08973553071258,0.06204706900218841,-0.05190302422843142,0.04742563822473289,-0.03709432310919958,0.12866609740939827,-0.11724798326418229,1.1841672809562522,ict_ob_bullish_formed,20,0.012037051080231252,0.010928425730886895,0.013149923729415886,percentile_bootstrap_subsample_20000,10000,0.007890561751642086,0.016183540408820418,1.5360224573431993e-08,5.307299195540169e-155,0.0021155946377531256,3694,0.15104724167802666,0.13716821616194436,0.16451001494896705,0.9999999994445659,1.1108682850923047e-09,-0.03415687706177146,-0.0029593633925117813,0.9999999132023968,-0.002473174594659922,0.014442131325907747,0.00047328088259074747,-5.22559580501482,1,496,7.615209929363467e-08,True,1.0,False,1.0,False,False,False,not_significant
7259,0.583413693346191,0.011811168074679152,0.011391532183138597,0.0753463816088731,1.0483531258174765,12.613765943206753,1.5715180362469785,0.556436642365627,0.8704774252127512,0.011811168074679149,-0.8721267147952294,-0.23987652464101722,0.1379979460498109,0.12035169533691088,1.1199153325604205,0.05796514295439485,-0.04756444986275892,0.04464249533783371,-0.03425275300369357,0.11638282435323104,-0.10609089793240711,1.2063376152930312,smc_swing_ob_bullish_formed,20,0.011811168074679152,0.010080319559378286,0.0135482618102304,percentile_bootstrap_full,10000,0.007239551313057292,0.016382784836301012,4.1111706146778334e-07,3.2619232087987016e-40,0.0023325003732833152,2613,0.15675826526071984,0.13465080505315052,0.17866783714280893,0.9997180032482494,0.0005639935035011098,-0.03705769349822457,-0.0031171520490804547,0.9937798142004723,-0.002493130059426623,0.014304298134105775,0.0009974913217354817,-2.4994002505094075,1,494,1.4049825789966965e-06,True,1.0,False,1.0,False,False,False,not_significant
111869,0.5758968078734948,0.012104710338799831,0.012286360434508481,0.08583043018367137,0.8800048113916623,11.904824329213106,1.4957808455797748,0.5006086906175685,0.7723427819220746,0.012104710338799823,-0.9942200805137551,-0.40253029185284,0.11318177832500101,0.11252759675897249,1.0994598671700462,0.06526722169224371,-0.05541108059998359,0.048875488676744405,-0.03929591196463189,0.13562737652246148,-0.12532948758291923,1.16702701058066,ict_fvg_bullish_formed,20,0.012470902134166318,0.011245134513437274,0.013702458982126138,percentile_bootstrap_subsample_20000,10000,0.007917880329273722,0.017023923939058914,1.8804799649301172e-07,0.0,0.002323012976203949,3887,0.1422630332971141,0.12899024870377807,0.15570369937019252,1.0,4.766579097350116e-19,-0.031727101295703594,-0.0028236097849597755,1.0,-0.00250572772923649,0.014610438068036321,0.0002534382413014958,-9.886936227021952,1,496,7.11751556618711e-07,True,1.0,False,1.0,False,False,False,not_significant
84372,0.40430474565021574,-0.016910604240747466,-0.016118886376641717,0.0936781468086785,-0.5366149030841619,11.93112072751058,0.5972283566627188,-0.6407758091522138,-0.8611484891650069,-0.01691060424074748,-1.0,-0.9991948299917569,-0.2509324179521883,-0.2509324179521883,0.8786848254042133,0.058681616988754286,-0.07351048624282765,0.04036274138557133,-0.056090639375131035,0.13171019244914023,-0.15340322032693132,0.7925521108739779,ict_volume_imbalance_bearish,20,-0.017052020684695142,-0.018338821648432143,-0.015740809248561666,percentile_bootstrap_subsample_20000,10000,-0.023895894774437085,-0.010208146594953199,1.2795979475316068e-06,0.0,0.0034918366305411435,3759,-0.1815577974193969,-0.19544373852094746,-0.16756493046573176,1.0,0.0,-0.34283413347673936,-0.031838924364507075,1.0,-0.002689772865218241,-0.014220831375529226,0.0002920136055310356,-9.211121722656747,-1,496,4.0578241219020326e-06,True,1.0,False,1.0,False,False,False,not_significant
4566,0.5878230398598335,0.011724810267110405,0.011720801265944658,0.07505607630507233,1.4955553018285417,17.716264735378765,1.587999923916108,0.5545047095187119,0.8609302826498155,0.011724810267110402,-0.7774573207617422,-0.23049655775792313,0.15436934747013498,0.12001557929186957,1.110534969146995,0.05595250452963679,-0.04580061862387741,0.04355785879995944,-0.03188271630580314,0.11055500580583433,-0.1028389651649621,1.2113827854674304,smc_swing_bos_bullish,20,0.011724810267110405,0.009560649050200414,0.013908095950602998,percentile_bootstrap_full,10000,0.00692103923539002,0.01652858129883079,1.7202500360926835e-06,9.444141419177806e-26,0.002450948605035799,2147,0.15621400483891318,0.12872595286194835,0.1835058110438172,0.9977680744060307,0.004463851187938634,-0.03814323281679198,-0.0032035098566492014,0.9879086391393196,-0.002791587585584695,0.0145163978526951,0.0012383863495404022,-2.254213789275638,1,492,5.220069075039867e-06,True,1.0,False,1.0,False,False,False,not_significant
51479,0.4055245828396045,-0.017293576849990385,-0.01656560199309265,0.08836068184324528,-0.26334064262020074,5.231687038579285,0.5830855076060295,-0.694721984340564,-0.9626991040771915,-0.017293576849990392,-1.0,-0.9991358341212834,-0.24195676939941202,-0.24195676939941202,0.8538476704117801,0.0578002432709746,-0.07158246386888154,0.040504242944701674,-0.056009145145519135,0.13020236054321227,-0.14857739679585205,0.8019887506010023,ict_liquidity_sellside_pool_formed,20,-0.01730628492377324,-0.018543273195887208,-0.016063278230171125,percentile_bootstrap_subsample_20000,10000,-0.023082376295589367,-0.011530193551957113,4.4076846619799344e-09,0.0,0.002947039523081101,3802,-0.19549313696644538,-0.2095655633018051,-0.18151730758829338,1.0,0.0,-0.3571227838691147,-0.03222189697374999,1.0,-0.003476780458874798,-0.013816796391115587,0.0003714754484091551,-9.359381552035599,-1,495,2.820918183667158e-08,True,1.0,False,1.0,False,False,False,not_significant
42774,0.4055501005283583,-0.018130693022900622,-0.016871997070275757,0.09629383930274743,-0.09307587728241853,7.653693663091774,0.5852520563768946,-0.6683457252699275,-0.9270447823022686,-0.01813069302290062,-1.0,-0.9992288523181476,-0.2627592129837418,-0.2627592129837418,0.8567750026916029,0.06092717734217848,-0.07506854949752315,0.04244503005069922,-0.05769525543206455,0.13425950687322127,-0.1567259556617075,0.8063462390910837,smc_internal_ob_bearish_formed,20,-0.017583884995056535,-0.018890399569323636,-0.016225463268933087,percentile_bootstrap_subsample_20000,10000,-0.025603824905003306,-0.009563945085109764,9.384310551812565e-06,0.0,0.004091881233505703,3640,-0.185055106330855,-0.1996425530203231,-0.17014097670003805,1.0,0.0,-0.35095271281534757,-0.03305901314666023,1.0,-0.003932077445453978,-0.014198615577446644,0.0004177204536140942,-9.413179104431833,-1,496,2.428880378116193e-05,True,1.0,False,1.0,False,False,False,not_significant
22372,0.4062220632934025,-0.01817729121062017,-0.017452325132411683,0.09977902584744067,0.035308089801619515,6.738461478581318,0.5935915532817041,-0.6466587790128602,-0.9030565258960594,-0.018177291210620172,-1.0,-0.9985583103108353,-0.2643098367394381,-0.2643098367394381,0.8666776320967134,0.0635876583161463,-0.0764265038570464,0.04390895810655571,-0.05859025879404545,0.13880806104318924,-0.15928741499016183,0.8264402537188797,ict_ob_bearish_formed,20,-0.017945734363577912,-0.01933516633673693,-0.016590938892096476,percentile_bootstrap_subsample_20000,10000,-0.028023563161001776,-0.007867905566154047,0.0004075131459294943,7.301698206313391e-161,0.00514184382847025,3157,-0.18096569866265352,-0.19561172575150568,-0.16634907096325766,1.0,0.0,-0.34487028680362647,-0.033105611334379774,0.9999999999986826,-0.004066160707977764,-0.014111130502642405,0.0005812172157572189,-6.99593989603406,-1,496,0.0007712076740171075,True,1.0,False,1.0,False,False,False,not_significant
31862,0.5722490741321951,0.010311089364240973,0.010863576561246369,0.07896831891477141,1.1184433848083617,13.490852250479442,1.4574481462886397,0.4634863309831122,0.7251436482687786,0.010311089364240966,-0.9362844014569414,-0.2993955256143234,0.10236397495374983,0.09584179302032499,1.0866313881779064,0.05916210725995445,-0.05183179992799131,0.04444160814476239,-0.03794753085653341,0.12202433342601628,-0.11572648550276929,1.1307968782639903,smc_internal_bos_bullish,20,0.010284534967645293,0.009165671181888303,0.011383014329830918,percentile_bootstrap_subsample_20000,10000,0.006369672026221536,0.014199397909069052,2.4404484214089456e-07,3.738812277068308e-119,0.0019974157389746738,3626,0.13030780829493202,0.11677097348965601,0.14364672690427222,1.0,6.5680436340303405e-22,-0.053838190479519696,-0.004617230759518634,1.0,-0.004258380232663289,0.014569469596904262,0.00047728705405889393,-8.922052665056853,1,496,8.765692289142335e-07,True,1.0,False,1.0,False,False,False,not_significant
80581,0.568595574639183,0.009437018102217084,0.010089442594420905,0.0790897636674163,0.8018326327840009,11.9425139226291,1.4083688430657095,0.4235452181299617,0.6385947966263148,0.009437018102217087,-0.996895104807783,-0.4236688074312023,0.08331611939656672,0.08305743157801813,1.066189743999677,0.059118502506421075,-0.05209202820029144,0.044301128642263876,-0.03758539077140177,0.12230400993897184,-0.11724798326418229,1.1253413147220597,ict_bos_bullish,20,0.009116555566746027,0.008031722317745673,0.010189372413374698,percentile_bootstrap_subsample_20000,10000,0.005056325084427496,0.013176786049064557,5.227117279414936e-06,1.0170900070291446e-249,0.0020715842139542007,3877,0.1171378849739112,0.10337822009086747,0.13064015189511116,1.0,1.9002167142354822e-60,-0.06398836749880377,-0.005491302021542523,1.0,-0.005092360256721183,0.014529378358938267,0.00029609685642459734,-17.198292201450574,1,496,1.4374572518391073e-05,True,1.0,False,1.0,False,False,False,not_significant
32785,0.40323318590818974,-0.019247551750697006,-0.017894453644137664,0.09534436711888372,-0.07534025827481643,5.616624624133699,0.5680965473655143,-0.7165817251341907,-0.9957755284825753,-0.019247551750697,-1.0,-0.9992465683154678,-0.265666530348815,-0.265666530348815,0.8395109038829566,0.061161919763712734,-0.07550940943234735,0.043028439086009174,-0.05870393708593147,0.13492693518155965,-0.15693753954291179,0.8039930545354061,ict_liquidity_sellside_swept,20,-0.019096087151030356,-0.020398567830423934,-0.017827326259719025,percentile_bootstrap_subsample_20000,10000,-0.02660653469971238,-0.011585639602348334,5.08871120604248e-07,9.440256848021909e-287,0.0038319313766385613,3708,-0.20303093433573735,-0.21722150115763497,-0.1891945308963367,1.0,0.0,-0.3646835961347811,-0.034175871874456615,1.0,-0.005461513047697283,-0.013786038702999723,0.00047177466342006763,-11.576528947325766,-1,495,1.7059298519304314e-06,True,1.0,False,1.0,False,False,False,not_significant
1243,0.40466613032984716,-0.019318703604148276,-0.021670092920105022,0.12073482541800121,-0.015227132080756696,6.834190271658816,0.629848735018928,-0.5679769267856407,-0.7821983917831514,-0.019318703604148273,-0.9999999999999992,-0.9592547102033104,-0.29782129026917903,-0.2978212902691788,0.9253642448886438,0.07625531621803436,-0.09094957603708138,0.05097252146264064,-0.07048050257631733,0.16850519716127588,-0.19177538868687308,0.831174966743878,smc_swing_bos_bearish,20,-0.019318703604148276,-0.025983453425953783,-0.012599068498323584,percentile_bootstrap_full,10000,-0.034550965717125695,-0.004086441491170861,0.012926997172642583,2.0879346561928677e-08,0.007771705048142423,662,-0.16000937208683713,-0.21784162189633943,-0.10329852858653685,1.0,1.2075141017743105e-22,-0.3190024362905604,-0.03424702372790788,0.9865357413504762,-0.00584005395305031,-0.013478649651097966,0.0026395098517361603,-2.2125524362824276,-1,445,0.017844325508902702,True,1.0,False,1.0,False,False,False,not_significant
67509,0.40633100771748953,-0.020201558449805222,-0.018052867559658292,0.10566412470901285,-0.6322410632212141,10.93644042005971,0.5764904320697235,-0.6786448959538129,-0.8921256196393016,-0.020201558449805226,-1.0,-0.9996310575857333,-0.29757493817642505,-0.29757493817642505,0.841313294324493,0.06676643061150171,-0.08429298928992152,0.045565935881460295,-0.06253217803495192,0.1473317141515869,-0.17565235961172504,0.7862413499459099,smc_fvg_bearish_formed,20,-0.019659171406842382,-0.02113449908818222,-0.01814716541057159,percentile_bootstrap_subsample_20000,10000,-0.029696003150811653,-0.009622339662873111,7.983229954117862e-05,0.0,0.005120926580268449,3764,-0.1828156669211805,-0.19654856869723492,-0.1689700770592746,1.0,0.0,-0.3545137592610149,-0.03512987857356483,1.0,-0.006228821543696961,-0.01397273690610826,0.00032525146474733505,-19.150787064204906,-1,496,0.0001692829484246679,True,1.0,False,1.0,False,False,False,not_significant
3886,0.3823983530622748,-0.02191702717641181,-0.02280972511727286,0.11844367549195302,0.3279807398032499,6.208061161974054,0.5848132230198245,-0.6568331192634628,-0.9444622673948381,-0.021917027176411818,-1.0,-0.9942065934283141,-0.3142449650773841,-0.3142449650773841,0.9441230969209685,0.08193972459924415,-0.08877461001283507,0.0515678301533688,-0.06887450430533082,0.18598349771011624,-0.18472284919437332,0.9113597012720012,smc_swing_ob_bearish_formed,20,-0.02191702717641181,-0.025629902945824973,-0.018234233985907674,percentile_bootstrap_full,10000,-0.04000693482040382,-0.003827119532419803,0.01756721501535627,2.719599644946112e-30,0.009229714241686076,1398,-0.18504176846403958,-0.21940959635264823,-0.1526421195219777,1.0,2.1340849436021923e-79,-0.34735892400090584,-0.036845347300171416,0.9999999940341583,-0.008141142122189787,-0.013775885054222024,0.0014280953038372168,-5.7006994563422815,-1,493,0.02360175452444812,True,1.0,False,1.0,False,False,False,not_significant
16509,0.38887879338542614,-0.02253318472497562,-0.020578421240362577,0.10335189305995898,-0.04178671424662239,8.46305872544968,0.5345968193531236,-0.7739081384195223,-1.0702629643638666,-0.022533184724975622,-1.0,-0.9987815204139678,-0.3152565496130478,-0.3152565496130478,0.8389506160409224,0.06395012529609323,-0.08138178672340039,0.04346938119666899,-0.0628916027986457,0.1429950481176926,-0.17029586703847496,0.7810030138837268,smc_internal_bos_bearish,20,-0.02253318472497562,-0.024089959403251947,-0.020950714598141285,percentile_bootstrap_full,10000,-0.03197437199277064,-0.013091997457180598,2.899324654074863e-06,9.661686372785342e-169,0.004817020755378681,2927,-0.21802391865142834,-0.23431417123596185,-0.20184420351466129,1.0,0.0,-0.38278269176439655,-0.03746150484873523,1.0,-0.008371740214177024,-0.014161444510798595,0.0006892919861020124,-12.145419333132999,-1,495,8.487627062353892e-06,True,1.0,False,1.0,False,False,False,not_significant
42365,0.3852000472087808,-0.022947360233015593,-0.021559508110050807,0.10048325654095284,-0.08083495896514484,6.49683446776568,0.5230726735498183,-0.8106330464800457,-1.114860863051499,-0.02294736023301559,-1.0,-0.999263310410652,-0.31033441992514965,-0.31033441992514965,0.834050740758614,0.06246693136971213,-0.08109423582446915,0.04233917609791471,-0.0625978399528837,0.14005817083779248,-0.16753177562603164,0.7640753244965509,ict_bos_bearish,20,-0.02301645289576287,-0.024401493849044484,-0.02160149794637082,percentile_bootstrap_subsample_20000,10000,-0.03104094413301172,-0.014991961658514017,2.0844585675690036e-08,0.0,0.004094203381923776,3589,-0.22863623586887294,-0.24256555690856776,-0.21452038117188638,1.0,0.0,-0.39306036844509173,-0.0378756803567752,1.0,-0.008760962992951035,-0.014186397240064558,0.00042568286665376794,-20.58096221212686,-1,496,9.851067228890203e-08,True,1.0,False,1.0,False,False,False,not_significant
2643,0.37192584184638666,-0.023139015901468028,-0.02404778322546286,0.11735387960467587,0.5019406875556955,5.910270808735319,0.5639833813127265,-0.6998947012402367,-1.027869974578118,-0.02313901590146803,-1.0,-0.9910204533035033,-0.3218356342342235,-0.3218356342342235,0.9524032685443806,0.08461309562377828,-0.08775172587808737,0.051911160974311144,-0.06843512877032687,0.19779266384275732,-0.1778180778088944,0.9502128898518897,smc_swing_choch_bearish,20,-0.023139015901468028,-0.02764096610407363,-0.018750863963543366,percentile_bootstrap_full,10000,-0.04456743557920849,-0.0017105962237275625,0.03430869733891846,1.0249770773745728e-23,0.010933067993973596,1069,-0.19717299487171,-0.2394133527851909,-0.15726169617918875,1.0,4.031571157334945e-59,-0.3609460274589539,-0.03806733602522763,0.999999973688264,-0.009223341363294727,-0.0139156745381733,0.0016947785379668985,-5.442210387180907,-1,492,0.04456332643283874,True,1.0,False,1.0,False,False,False,not_significant
20481,0.3922171768956594,-0.0235715667146179,-0.021236080115413447,0.11359788942637229,-0.07938785057782263,6.2346450050410755,0.5482564738115133,-0.7365520785668428,-1.0027682344263964,-0.023571566714617905,-1.0,-0.9981312605244674,-0.3292036971482424,-0.3292036971482424,0.8484222863128248,0.07468682445594745,-0.08815325620071993,0.048048681523769954,-0.06513994453875616,0.16806367827847934,-0.1850753219790291,0.840154936333318,ict_ob_bullish_mitigated,20,-0.02369573851083087,-0.02530207669360188,-0.022126073192522393,percentile_bootstrap_subsample_20000,10000,-0.04145842548678072,-0.005933051534881027,0.009297269265778748,9.072266142264075e-190,0.009062761854783987,3012,-0.2088064018465766,-0.22345981408962393,-0.1943553447953901,1.0,0.0,-0.3723798166511836,-0.03849988683837751,1.0,-0.009569036234105547,-0.014002530480512355,0.0006054390464738166,-15.8051190947087,-1,496,0.013303409681114306,True,1.0,False,1.0,False,False,False,not_significant
3816,0.6223794549266247,0.03690218489998416,0.035122587132120464,0.1432032623573433,0.5505764570479028,4.673741356310951,2.0448330379665123,0.6467991543490749,1.0485747028221073,0.03690218489998415,-0.8975626949427479,-0.2895806850084147,0.20272082063057323,0.1819546460861827,1.239814557756538,0.12292125765373424,-0.09706029154720554,0.09585977898586417,-0.06701276045310284,0.24954939679108668,-0.22335928371881053,1.2573059247465503,smc_swing_ob_bearish_mitigated,40,0.03690218489998416,0.03244253686406633,0.041522912806410614,percentile_bootstrap_full,10000,0.02037047580685892,0.0534338939931094,1.2140801196195106e-05,2.7384241870842048e-55,0.008434700378744326,1717,0.2576909512571022,0.2267934166300124,0.2891836452544377,0.002012166280282281,0.004024332560564562,0.04864841081320054,0.006716086614120272,1.8103327091091694e-06,0.009398567763852544,0.027503617136131617,0.0020290308270133083,4.632047792830749,1,492,3.052544300757627e-05,True,3.3538795452969874e-05,True,0.07082825306593629,False,False,True,significant_small_effect
65001,0.398301564591314,-0.023469384074740293,-0.02386863396982153,0.11980986385677862,-2.017695617910397,48.05033480116352,0.5724472792183785,-0.4916764330735777,-0.6378343403592,-0.023469384074740286,-1.0,-0.999447968773563,-0.1996651615482512,-0.1996651615482512,0.8640880522153044,0.07601322733658054,-0.09648568559994303,0.054653578012502146,-0.07647056348596015,0.16809445186202487,-0.19312677681201773,0.7854192091720799,ict_sweep_buyside_bearish,40,-0.023880397009116153,-0.025574375020398055,-0.02220495166543897,percentile_bootstrap_subsample_20000,10000,-0.032440347317679016,-0.015320446700553287,7.711001513997222e-08,0.0,0.0043674018035856094,3972,-0.19755370097414396,-0.2136173512160498,-0.18212100500883233,1.0,0.0,-0.42441730330615124,-0.05365548236060418,6.411232146288535e-26,0.004818298489412582,-0.028287682564152875,0.00046052391608932696,10.462645524099091,-1,496,3.1932618034435553e-07,True,1.1283768577467821e-23,True,1.0,False,False,True,significant_small_effect
48881,0.6193203903357133,0.03290674413815765,0.030987905936575855,0.1260364739952432,0.952330981402032,11.910557780913823,2.071736969456916,0.6553283319752369,1.0843274715141449,0.03290674413815766,-0.9991507560283803,-0.43305821543859985,0.17053733513405991,0.17039250733026123,1.272414543425245,0.10796705084216293,-0.07805716134994908,0.08468651568219632,-0.05546034199512129,0.21860688315967414,-0.17777161961783516,1.3723091853053881,ict_sweep_sellside_bullish,40,0.03250567936169351,0.03071551782520702,0.03422893223582667,percentile_bootstrap_subsample_20000,10000,0.022004029910528296,0.04300732881285872,8.173828956883497e-10,0.0,0.005358082827626025,3889,0.25961874694746473,0.24551672720274886,0.2731904021119234,7.852239352312119e-06,1.5704478704624237e-05,0.02102292672569147,0.002720645852293757,1.2420975976310902e-18,0.004729902938397871,0.028176841199759776,0.000541624319744578,8.73281122352191,1,496,7.017531202007296e-09,True,6.245976490944911e-17,True,0.0004606647086689777,True,False,True,significant_small_effect
6730,0.38959881129271917,-0.024227129535602788,-0.024012563812271903,0.12114946338447251,-1.147137623497904,17.119772784933726,0.5633568598914536,-0.5019387690337851,-0.6517199763283651,-0.024227129535602798,-1.0,-0.995205556806314,-0.20541388813080608,-0.20541388813080608,0.8822056699902014,0.07664429890804982,-0.09560432773273542,0.05236173715629577,-0.07355796668096093,0.17471537811197518,-0.19181317158895117,0.7996724380491667,smc_swing_ob_bullish_mitigated,40,-0.024227129535602788,-0.02712003238661115,-0.021345476205964203,percentile_bootstrap_full,10000,-0.03464076596451981,-0.01381349310668577,5.119762502319052e-06,2.452734588696125e-59,0.005313177399644595,2675,-0.19997719229442276,-0.22369377936660767,-0.17693939617558244,1.0,1.9692004461965042e-264,-0.4282542238924582,-0.05441322782146668,0.002497788596821048,0.004077116548192299,-0.028304246083795087,0.0014523168914963747,2.8073188241937324,-1,494,1.4190207880443358e-05,True,0.026643078366091175,True,1.0,False,False,True,significant_small_effect
146465,0.6175195439183423,0.032023876967793345,0.028138349625427495,0.12276424194115901,1.4348655400566377,16.297901389322806,2.1076366855358617,0.6547451602341968,1.1428583370456618,0.03202387696779336,-0.9998793697360041,-0.3948755818631827,0.16832795105954415,0.16830764561436995,1.303987325437733,0.10325266382809505,-0.0740480824589359,0.07978002129678563,-0.054134363408299135,0.21024970785020658,-0.16367672570765648,1.38569692426556,ict_nwog_gap_up,40,0.03121573440410631,0.02949031684015443,0.03289200447711745,percentile_bootstrap_subsample_20000,10000,0.02287852911260557,0.03955293969560705,5.1373868813720056e-14,0.0,0.004253754299314038,846,0.254990904803992,0.24088891320431635,0.26868659121581184,5.508863209803282e-06,1.1017726419606563e-05,0.014376642981879031,0.0018377786819294556,1.9513399331471055e-25,0.0031872402085942643,0.02883663675919908,0.0003077472469253041,10.35668146648885,1,496,9.04180091121473e-12,True,2.2895721882259374e-23,True,0.00038782396997015105,True,False,True,significant_small_effect
41925,0.6132379248658318,0.03020424528328681,0.0289391850663292,0.12556073934116987,1.0100933362408304,15.606279656275483,1.9608238520878607,0.6037878908507791,0.9794164191112289,0.030204245283286794,-0.9946402981063236,-0.3048426070840588,0.1518627164023835,0.1510487775137028,1.2355249476399588,0.1065657270215965,-0.07835960357536555,0.0839250994808407,-0.05587191804370484,0.21651814343517256,-0.17660962824901089,1.3496068949182412,smc_internal_ob_bearish_mitigated,40,0.029822279773210152,0.028085849891476368,0.03156743140100586,percentile_bootstrap_subsample_20000,10000,0.020464919111612394,0.039179640434807914,2.508031930159644e-10,0.0,0.004774251293185873,4009,0.23891679167294416,0.22510547042709508,0.2526669457218621,0.4891838692656086,0.9783677385312172,0.00014047637347977686,1.8146997422918698e-05,0.0011571618420922756,0.0018098646494752076,0.0283943806338116,0.0005940571566262524,3.046617028828883,1,496,2.675234058836954e-09,True,0.0135773656138827,True,1.0,False,False,True,significant_small_effect
67243,0.6052228484749342,0.03014105195752904,0.026021859985771112,0.13331657696841967,1.6820569223711657,18.151978816534438,1.9339113922857742,0.5674721157112709,0.9882839212649999,0.030141051957529044,-0.9999583613834724,-0.43297537874687303,0.1464594468606675,0.14645334849192282,1.2603188919626336,0.10996603377490703,-0.08240987419476871,0.08222307506522286,-0.060588554685398144,0.22414329046371836,-0.18189293351835822,1.3271078571959876,smc_fvg_bullish_formed,40,0.03024985585697682,0.028413624366496054,0.03212250540480844,percentile_bootstrap_subsample_20000,10000,0.0197075363245784,0.04079217538937524,2.0989489834283104e-08,0.0,0.005378833250201748,3851,0.22580165983627667,0.21313512505939347,0.2388979077370797,0.5309637196811903,0.9380725606376195,-0.00033866686990824895,-4.504632833484887e-05,0.0005230895886055302,0.0015208016808631944,0.028620250276665846,0.0004639696468849162,3.277804250932856,1,496,9.851067228890203e-08,True,0.00708182827650564,True,1.0,False,False,True,significant_small_effect
58468,0.618731613874256,0.028481396613125855,0.0285933045684581,0.11546842746042404,0.48696519537271143,6.077722802203763,1.9734357337903248,0.6191106929441653,0.9776786882532222,0.028481396613125848,-0.9993456768428844,-0.4161020846286232,0.14631267241647467,0.1462169366467331,1.2146863523968698,0.09776190993304663,-0.07269909135666895,0.07830892336474349,-0.052384423050476914,0.19747057957882053,-0.16224848774211656,1.335893639402289,ict_liquidity_buyside_pool_formed,40,0.029189238006914173,0.027590361550675898,0.03081101723992249,percentile_bootstrap_subsample_20000,10000,0.02050177808618092,0.03787669792764743,1.3131365105330114e-10,0.0,0.004432458923089024,3891,0.2504920826733102,0.23680880451534042,0.2645855053842989,0.9990734509709651,0.0018530980580697294,-0.013705019744943503,-0.0017047016727380349,0.010568161487220399,0.0011007568628416502,0.027380639750284205,0.00047743983573170375,2.3055404691036676,1,496,1.7119409322504445e-09,True,0.08857125817860906,False,1.0,False,False,False,not_significant
53651,0.39233192298372815,-0.02768273910171936,-0.025499709302695628,0.12581799162395294,-1.2511213304558098,17.226500224781056,0.5324969138563354,-0.5522510953903448,-0.7048292865606453,-0.02768273910171936,-1.0,-0.9996441592447491,-0.23941700549315612,-0.23941700549315612,0.8241571789449234,0.0792068037080072,-0.10325845664130429,0.056043253429922,-0.07936514744261114,0.17472114952571183,-0.21082764311174484,0.7644960371129381,smc_internal_ob_bullish_mitigated,40,-0.02644833609087152,-0.02824969512645118,-0.024654475782326893,percentile_bootstrap_subsample_20000,10000,-0.03575091246771915,-0.017145759714023892,5.460668784920545e-09,0.0,0.0047462996140988445,3999,-0.2079560936646366,-0.22159061388886223,-0.19455053584875015,1.0,0.0,-0.4475308088899293,-0.05786883738758325,0.04608564069692944,0.0008684852940122022,-0.028551224395731562,0.0005157111486266024,1.684053750486251,-1,496,3.314061055675917e-08,True,0.31808128481017967,False,1.0,False,False,False,not_significant
26667,0.6118798515018562,0.02967734311669239,0.028707321097479532,0.1258549661968237,1.163884026653182,13.17229423658302,1.948890615464144,0.5918681025421316,0.98044865486078,0.029677343116692387,-0.9812482943685014,-0.3024519278414834,0.15089216455605017,0.14806267910419546,1.2352409600496526,0.10522353908665251,-0.07856026801568185,0.08141503062895694,-0.05678857480474797,0.2138186184163578,-0.17660096954018115,1.3308124069637441,ict_bpr_bullish,40,0.03014905032948256,0.028406698886643083,0.03185387154348774,percentile_bootstrap_subsample_20000,10000,0.021071284560141262,0.039226816098823857,1.4784604770239712e-10,0.0,0.0046315982177944585,3262,0.23976113019706358,0.22622074330966765,0.25274953045828263,0.7335159856417657,0.5329680287164688,-0.003933929737244937,-0.0005087551691714993,0.21568065022881489,0.0005944115722822801,0.02908293154441011,0.0007554181358341958,0.7868643127370529,1,496,1.8093726902157853e-09,True,1.0,False,1.0,False,False,False,not_significant
129624,0.3871891007838055,-0.028889449864044063,-0.027633800151912302,0.12764242108785007,-0.7657078563927839,10.390953235643611,0.5258512758319985,-0.5680865581475567,-0.7472822675030585,-0.028889449864044063,-1.0,-0.9998456907414698,-0.2408140720367997,-0.2408140720367997,0.8317814876915398,0.07985572619517531,-0.105252375265328,0.05594648866499857,-0.08085692684608525,0.17879507903532962,-0.21456517840619488,0.757048874198026,ict_nwog_gap_down,40,-0.030010181867660794,-0.03182681549476682,-0.028196753867041836,percentile_bootstrap_subsample_20000,10000,-0.04100151904998052,-0.01901884468534107,2.5836004535866615e-07,0.0,0.00560792809578121,845,-0.23070220277835363,-0.24411601189422297,-0.2170044814648303,1.0,0.0,-0.4537365574734803,-0.05907554814990795,0.8743591949871096,-0.00037469415426432187,-0.02851475570977974,0.000326604280745817,-1.1472420184104424,-1,496,9.094273596625048e-07,True,1.0,False,1.0,False,False,False,not_significant
36258,0.6092448563075735,0.027813820500677242,0.02610906784973832,0.1229566841925707,1.2324527701343233,14.150996812775858,1.9004741917302563,0.5677782859286807,0.9428540585128998,0.02781382050067726,-0.9651848137970688,-0.2620099628976609,0.14224714925677118,0.13729478826856054,1.2178864942568361,0.10093568577240075,-0.07622780714254272,0.07840500899516367,-0.05429605689269862,0.20335005596410752,-0.17200721871994942,1.315963855027315,ict_mss_bullish,40,0.027475130899881753,0.025769100633848664,0.029188252735428927,percentile_bootstrap_subsample_20000,10000,0.018094053364939258,0.03685620843482425,6.2075247551602835e-09,0.0,0.004786351961027088,3717,0.2257074041954893,0.21228424930617776,0.2394428093612267,0.9996541438092936,0.0006917123814127942,-0.01854453104507042,-0.0023722777851866474,0.8781651982781806,-0.0007396513435044376,0.02855347184418168,0.0006344235741604452,-1.1658635864583753,1,496,3.703472396299017e-08,True,1.0,False,1.0,False,False,False,not_significant
26121,0.3862792389265342,-0.029250049892410392,-0.028795514235786968,0.12590760089481356,-0.5310647592812441,9.664446568770058,0.5246431461490527,-0.5831025453233425,-0.7972098494892347,-0.029250049892410396,-1.0,-0.9990493983168097,-0.22964262467466454,-0.22964262467466454,0.8330854794450073,0.07935258769571427,-0.10573635066284152,0.05602258807946736,-0.08382934497072703,0.17777154321022648,-0.21603612169717068,0.7483286025297595,smc_internal_choch_bearish,40,-0.02909487030196018,-0.030800024807449315,-0.027371062436596857,percentile_bootstrap_subsample_20000,10000,-0.04013737420799942,-0.018052366395920942,2.084153008842059e-07,1.5577069652523623e-300,0.005634034046563732,3320,-0.23367849860425244,-0.2478687507731488,-0.21933355279208996,1.0,0.0,-0.45949671728778546,-0.05943614817827428,0.8731812395899602,-0.0008519729661248254,-0.028398076926285567,0.0007463243062012434,-1.1415586482253657,-1,496,7.641894365754217e-07,True,1.0,False,1.0,False,False,False,not_significant
9271,0.60597562291015,0.026698377474634098,0.024216109831986854,0.11974262108730341,0.9902937604790323,8.979046879304411,1.878213193803771,0.5596369530793399,0.9264692801028362,0.0266983774746341,-0.9255576824748009,-0.2746506356764473,0.14249611655100744,0.13188837539660955,1.219601589710957,0.09936893547938425,-0.07439232583420334,0.07643426654842278,-0.05284292053403905,0.20208896737827353,-0.167116631893941,1.329191737674753,smc_equal_lows,40,0.026698377474634098,0.02427314359589266,0.029092301514261572,percentile_bootstrap_full,10000,0.01885853419814062,0.03453822075112757,2.4789859959503178e-11,8.069253551272472e-100,0.003999993508295803,2597,0.2229646990537189,0.20360521977832086,0.24243714795557947,0.9969370694943148,0.0061258610113703,-0.027594983991902158,-0.0034877208112297914,0.8670333175801159,-0.0014145807299007565,0.028112958204534855,0.0012715601963322204,-1.112476415966051,1,495,4.592647739865852e-10,True,1.0,False,1.0,False,False,False,not_significant
10409,0.3815928523393217,-0.029354821748367513,-0.028659814282295804,0.11811103603329434,-0.7804424347995316,9.597776582900048,0.4998801507724665,-0.6238199265977735,-0.8244993191898614,-0.02935482174836751,-1.0,-0.9972529225608221,-0.23402652841450544,-0.23402652841450544,0.8099770016041276,0.07185606581931984,-0.1002770461892032,0.05081103183551805,-0.07840490048648396,0.16296517908556538,-0.20340461219333106,0.7148649164879002,smc_equal_highs,40,-0.029354821748367513,-0.03162500873897899,-0.027109319529671536,percentile_bootstrap_full,10000,-0.0373060919229824,-0.02140355157375263,4.625385790409659e-13,1.0838819328834151e-137,0.004056845010732282,2879,-0.2485358077808468,-0.2678455363159402,-0.22972219599526283,1.0,0.0,-0.47397757780798333,-0.05954092003423141,0.8963850408703902,-0.0014772948328402764,-0.027877526915527237,0.001171322913293746,-1.261219101986267,-1,495,2.0466960278606765e-11,True,1.0,False,1.0,False,False,False,not_significant
43957,0.6128034215255819,0.025835341021318268,0.025735255582500782,0.11244167464316887,0.6694276574046134,7.27807511789009,1.8903048905605855,0.5767095831596872,0.9272548589707669,0.025835341021318264,-0.9978653322672772,-0.38741134525882515,0.13079625686304194,0.1305170503139555,1.193256277948257,0.09360945077905712,-0.07129264550693189,0.07453071557796087,-0.051321170178955766,0.18818307616563332,-0.15894984021026484,1.3057455362220922,ict_liquidity_buyside_swept,40,0.02618450668485624,0.024638903630701474,0.027739012705184356,percentile_bootstrap_subsample_20000,10000,0.01780277487357769,0.03456623849613479,1.5290208100656238e-09,0.0,0.0042764723287155035,3822,0.23589293854727705,0.2218290400104129,0.2502185273347238,0.9999999999997993,4.0141629874173076e-13,-0.035374623165168664,-0.004350757264545622,0.9984560846840077,-0.0016278623033701214,0.02746320332468839,0.0005501660587077938,-2.9588562900328204,1,496,1.1700333155284774e-08,True,1.0,False,1.0,False,False,False,not_significant
26212,0.6075080115977415,0.02675062757115707,0.026192966469295254,0.12009542572661788,0.8866310738517604,8.622242790891939,1.8665461558809693,0.5590849269588849,0.9172179758267225,0.02675062757115707,-0.9358279212637326,-0.2595633446248329,0.14058048017196187,0.13155913852958445,1.2043934785026977,0.1000543213039862,-0.07554647253314906,0.07811175699345319,-0.05386683583998508,0.20007176646577637,-0.17132508295479246,1.3166459630924694,smc_internal_choch_bullish,40,0.02648945502320829,0.02484699982018096,0.028158506910161987,percentile_bootstrap_subsample_20000,10000,0.017235383428249262,0.03574352661816732,1.4647410955683909e-08,5.426300890124e-278,0.0047215518218492935,3543,0.22043260003579235,0.207269425146833,0.23383141913979413,0.9999933481770119,1.330364597612348e-05,-0.027145655374148234,-0.003435470714706821,0.9864877015952906,-0.0016475284663121578,0.028398156037469226,0.0007450961115484779,-2.2111623464095413,1,496,7.401407576997351e-08,True,1.0,False,1.0,False,False,False,not_significant
36228,0.3853373081594347,-0.03023963971901905,-0.02886731237403739,0.12666075004698432,-0.6667992681687523,8.399223725785307,0.51214834140872,-0.5992455696096142,-0.7972922303615558,-0.03023963971901905,-1.0,-0.9992631207687246,-0.24597139487861885,-0.24597139487861885,0.8165757724265968,0.07850285734485364,-0.10568747441423365,0.05564996703802039,-0.08284999189876097,0.17486946892524347,-0.21606836448010577,0.7406940867627391,ict_mss_bearish,40,-0.02951920191590118,-0.03126846142881417,-0.027814563057678876,percentile_bootstrap_subsample_20000,10000,-0.04019335529607883,-0.01884504853572353,2.8155707622395303e-08,0.0,0.005446096652886302,3510,-0.23490525707565102,-0.2489391046477271,-0.221381813169339,1.0,0.0,-0.4658250486744384,-0.06042573800488294,0.9969612394298998,-0.001739084532724134,-0.028500555186294917,0.0006338766466431894,-2.743569339450785,-1,496,1.2388511353853933e-07,True,1.0,False,1.0,False,False,False,not_significant
26016,0.38441728167281675,-0.030524716179614966,-0.028457657822573923,0.12767290817473398,-0.7096554244734491,8.996008444588929,0.5126222761947684,-0.6000993526479995,-0.7956140736770336,-0.030524716179614976,-1.0,-0.9994397054355301,-0.2412741228220837,-0.2412741228220837,0.8204211731600303,0.07982103558438658,-0.10766720125079632,0.05701415292192202,-0.08260515788959555,0.17784042371619918,-0.22233153343208756,0.7393719273465379,ict_bpr_bearish,40,-0.029996203859108242,-0.0317541203511787,-0.028224634905244277,percentile_bootstrap_subsample_20000,10000,-0.04048976917964989,-0.019502638538566597,1.1887186000064402e-08,0.0,0.0053539581954268785,3211,-0.2344617637094434,-0.24841780039252956,-0.22082554012748085,1.0,0.0,-0.46624288940251646,-0.06071081446547885,0.9907761360479619,-0.0017833282492912342,-0.02874138793032373,0.0007567676949062865,-2.356506839938603,-1,496,6.339832533367681e-08,True,1.0,False,1.0,False,False,False,not_significant
2676,0.6158445440956651,0.025668497672165516,0.022879060628781867,0.11101502305466739,0.8021226556059996,5.3035118131887025,1.9087726730593289,0.5803486416313711,0.9899376985305793,0.02566849767216552,-0.8263848121028204,-0.23796380489523927,0.15898190867305018,0.13138023472652632,1.1895082131261716,0.09334235778534854,-0.07011679794589908,0.07470026831836019,-0.052385506742713694,0.18962892802364395,-0.15395140739837537,1.3238160195019797,smc_swing_choch_bullish,40,0.025668497672165516,0.021407044062648775,0.02997911119852824,percentile_bootstrap_full,10000,0.01450303073917956,0.036833964605151474,6.612416958352846e-06,3.708807522716341e-32,0.005696771437121272,1470,0.2312164332887227,0.19447896859337563,0.2683600669837351,0.981593706290131,0.03681258741973805,-0.036926242691470566,-0.0045176006136983735,0.8113206554939549,-0.0020922815234410003,0.027760779195606516,0.0023701228525503802,-0.8827734483001978,1,492,1.7500532100302267e-05,True,1.0,False,1.0,False,False,False,not_significant
211050,0.6043070362473347,0.02644110396634998,0.02450463895269217,0.12220164615820117,1.3232114397111072,17.296209915488337,1.8573507505572073,0.5430912456965776,0.8909968130132682,0.02644110396634998,-0.999999437093315,-0.5350094074643796,0.12817545714475725,0.12817538499393558,1.2149184670197746,0.09941456640866143,-0.07655653457161879,0.0762817147501138,-0.055202992305300014,0.20187061016023436,-0.17048284882349804,1.2913919568835295,ict_displacement_bullish,40,0.026374693789698495,0.024671847711053265,0.02808739808623526,percentile_bootstrap_subsample_20000,10000,0.01813075996961122,0.03461862760978577,3.251796131795324e-10,0.0,0.004206165939827097,4015,0.2135505794001324,0.20026489704218134,0.2271686618238494,1.0,3.53504284185101e-23,-0.029358447208600223,-0.00374499431951391,1.0,-0.002500331853047582,0.02894143581939756,0.0002511265444999474,-9.956461822967924,1,496,3.1795339955332054e-09,True,1.0,False,1.0,False,False,False,not_significant
188852,0.38504755046279626,-0.03136330425925431,-0.02897878732209358,0.12936555645196163,-1.0661076469998363,14.440206897065476,0.5017900144438779,-0.6085179941266994,-0.7852928380868012,-0.0313633042592543,-1.0,-0.999886121284893,-0.25994822229322945,-0.25994822229322945,0.800923577931476,0.0783369177250224,-0.10787664690877818,0.05587134570924446,-0.08379497861477747,0.17408445118903562,-0.21944400795078836,0.724126251560648,ict_displacement_bearish,40,-0.03074035504287505,-0.03255617308195811,-0.02893520806863391,percentile_bootstrap_subsample_20000,10000,-0.04033570551018088,-0.02114500457556922,1.490676364098232e-10,0.0,0.004895676893711226,4039,-0.23251600863864855,-0.2462589342057009,-0.219046357093287,1.0,0.0,-0.46967962688469583,-0.0615494025451182,1.0,-0.0027569206550559083,-0.0286063836041984,0.00026826743996518807,-10.276762082695024,-1,496,1.8093726902157853e-09,True,1.0,False,1.0,False,False,False,not_significant
90045,0.384618801710256,-0.03212033071662621,-0.02951434958467014,0.13304724312924437,-0.8978433887028874,11.536351219851326,0.5045696589201424,-0.6059606223531464,-0.7901761355101536,-0.032120330716626226,-1.0,-0.9998512646377202,-0.267130240243346,-0.267130240243346,0.8068190206259511,0.08147205597471333,-0.11088039216235375,0.05731407150806067,-0.08551327832668543,0.1811181079487705,-0.2269747519555852,0.7326919060554733,ict_fvg_bearish_formed,40,-0.031390548376893285,-0.033217612283241216,-0.029590246967204466,percentile_bootstrap_subsample_20000,10000,-0.04215093451226756,-0.020630162241519007,4.898092350301599e-09,0.0,0.005490093764668269,3837,-0.23657389447328,-0.25036144046331493,-0.22305509976308607,1.0,0.0,-0.468907189741046,-0.0623064290024901,1.0,-0.0035260127098406605,-0.028594318006785552,0.000402781901846068,-8.7541488177098,-1,496,3.024786854923093e-08,True,1.0,False,1.0,False,False,False,not_significant
111418,0.6010608698773986,0.02522438989468022,0.02348026089039157,0.12265131240929587,1.33275828335374,16.32253099147845,1.8020182648768597,0.5162008861714269,0.8488086547016825,0.025224389894680233,-0.9998334684632518,-0.46502030377739356,0.11948484338616079,0.11946494539157358,1.1951027970589505,0.09878920826147558,-0.07678993437074244,0.07536483315348208,-0.05544721648477541,0.2009921432554621,-0.17150632343523403,1.2797362862015749,ict_fvg_bullish_formed,40,0.023159997394086182,0.021479893190492975,0.024821931617804466,percentile_bootstrap_subsample_20000,10000,0.01485699771684651,0.031462997071325854,2.6112094272412653e-09,0.0,0.004236302134753328,3867,0.19423226950502542,0.18051443982978443,0.20782098474162464,1.0,1.0613967691825084e-27,-0.0388311040930571,-0.004961708391183671,1.0,-0.003965183005838882,0.0291895729005191,0.0003581119442805789,-11.072467894933382,1,496,1.9128449983677565e-08,True,1.0,False,1.0,False,False,False,not_significant
116756,0.6004830586864914,0.024133564542612385,0.02293652244987021,0.11820691503965802,1.0052292995403136,13.37419419688954,1.7860628891693666,0.5124468922264749,0.8139837569751435,0.02413356454261238,-0.9998846714197842,-0.4696248521663772,0.1145192926140653,0.1145060852666408,1.187294922445122,0.09561671498925756,-0.07576766609155326,0.07382570280279221,-0.05459538079650372,0.19384631040350953,-0.16698668298370967,1.2550657326824575,ict_volume_imbalance_bullish,40,0.02482183282535319,0.02318185307860687,0.026480589336189467,percentile_bootstrap_subsample_20000,10000,0.016471876997456992,0.03317178865324939,1.4718708249710642e-08,0.0,0.004260259794514694,3842,0.2063669426996459,0.19336544173722348,0.2194946618646345,1.0,1.744568368386093e-43,-0.048164120856835455,-0.006052533743251504,1.0,-0.0042941163083792915,0.028427680850991677,0.0003386902184909359,-12.678595583634227,1,496,7.401407576997351e-08,True,1.0,False,1.0,False,False,False,not_significant
51136,0.37971292240300375,-0.03275076247189442,-0.030839956468960872,0.12519017767445023,-0.7989176408143225,10.18786456801738,0.4826837187132885,-0.6566310785979175,-0.8658999628502986,-0.03275076247189442,-1.0,-0.9996288682842883,-0.25937932606822167,-0.25937932606822167,0.787900317485589,0.0779190693174462,-0.10688512287443581,0.055641799802791436,-0.0846155921294145,0.17426151801947265,-0.21616660909124819,0.7269266337778121,ict_liquidity_sellside_pool_formed,40,-0.03207544285855422,-0.0337942532829471,-0.030353538084817135,percentile_bootstrap_subsample_20000,10000,-0.04176659296259618,-0.022384292754512265,3.505512525439205e-11,0.0,0.004944555157156946,3783,-0.2582341613641328,-0.2720877046589589,-0.24428577275561292,1.0,0.0,-0.48787545401455773,-0.06293686075775831,1.0,-0.005194044918694733,-0.02755671755319969,0.0005227551179009078,-9.93590448153069,-1,495,6.169702044773001e-10,True,1.0,False,1.0,False,False,False,not_significant
57951,0.5995237355697054,0.023588156899219163,0.02247909084543287,0.11723482686636381,1.4684404382006062,19.89097314573314,1.7779835691030663,0.5050189053382638,0.8336706385430602,0.023588156899219156,-0.9916713683148075,-0.3396302110141391,0.11350445168595377,0.11255911491323174,1.1861923595613497,0.09446786608505506,-0.07378625035467154,0.07280840580865022,-0.053602587516323186,0.1899992857139321,-0.16396427169680283,1.2734080415718176,smc_internal_ob_bullish_formed,40,0.023919586517236843,0.02230461310821488,0.025551216790679662,percentile_bootstrap_subsample_20000,10000,0.01627400960209118,0.031565163432382505,1.4767140855680287e-09,0.0,0.003900876197290185,3865,0.20600630600790965,0.19250260416607967,0.21978335147066744,1.0,1.8063209973781225e-32,-0.05269557784538179,-0.006597941386644726,1.0,-0.005199811036120782,0.028787967935339945,0.0004958587098968306,-10.486477160404554,1,496,1.1551185735998803e-08,True,1.0,False,1.0,False,False,False,not_significant
42509,0.37719071255498837,-0.03365183053497184,-0.031917577998046065,0.13160247244281537,-0.8102060339812222,13.306291015439172,0.4881008841964024,-0.6418224727626727,-0.8536273149438716,-0.033651830534971845,-1.0,-0.9996247924574378,-0.2612875848974282,-0.2612875848974282,0.8055460644633404,0.0810621368302667,-0.11192303626846954,0.056920222615474136,-0.08819046353407223,0.18133499312421952,-0.22764398832932278,0.7222446672625931,smc_internal_ob_bearish_formed,40,-0.033715414782435,-0.035521307821884535,-0.031901054420258056,percentile_bootstrap_subsample_20000,10000,-0.04494382450910951,-0.022487005055760484,4.25243871159348e-09,0.0,0.005728885697224293,3620,-0.25691069317624604,-0.27083442014525794,-0.243122926698036,1.0,0.0,-0.48305536802340837,-0.06383792882083572,1.0,-0.005283280130173509,-0.02836855040479833,0.0005902878466661585,-8.95034542895054,-1,496,2.7719600490387125e-08,True,1.0,False,1.0,False,False,False,not_significant
83943,0.3773512979045305,-0.03402868379335806,-0.031078209616618002,0.12969070269584046,-1.052868505894989,13.307190051638479,0.4745601557484266,-0.6585770350610587,-0.8456560875815758,-0.03402868379335805,-1.0,-0.9997332172970582,-0.273868410126473,-0.273868410126473,0.7826886670275619,0.07861715318692736,-0.10980397249092502,0.05557394411563066,-0.08495274668740715,0.17665241025751482,-0.22404525420137925,0.7137269818866346,ict_volume_imbalance_bearish,40,-0.033886251101612745,-0.035698209700717014,-0.03205920756908885,percentile_bootstrap_subsample_20000,10000,-0.044208989355101314,-0.023563512848124173,1.0402774829203062e-10,0.0,0.005266799927696923,3740,-0.25999469815858745,-0.2741351812269064,-0.24611020357354454,1.0,0.0,-0.48941920238261466,-0.06421478207922195,1.0,-0.0056257580716352895,-0.028402925721722767,0.00041197506345087126,-13.655579113239632,-1,496,1.4083756691844144e-09,True,1.0,False,1.0,False,False,False,not_significant
19959,0.6025852998647226,0.022670669954900507,0.022601808096711862,0.11726681272209387,1.0868523870735758,13.181549124460986,1.7321802035970812,0.48524325559089815,0.7746598233245646,0.022670669954900507,-0.9889800975505029,-0.3337387026796799,0.10669769554840443,0.10552189735187487,1.1405283971302307,0.09400154302869602,-0.0729089465604015,0.07271759693165891,-0.05206851967173498,0.19085657236462988,-0.16288138000457753,1.2813756836910628,ict_ob_bearish_mitigated,40,0.022670669954900507,0.021047233362567298,0.02430750006192365,percentile_bootstrap_full,10000,0.013384023292983955,0.031957316616817055,1.7125404668836065e-06,2.7733158739344746e-161,0.0047381720592401455,3476,0.1933255405229343,0.17969047998918108,0.2067718034198049,1.0,7.34668013424181e-18,-0.06001606470367527,-0.007515428330963383,0.9999999999828647,-0.005728519444858922,0.02839918939975943,0.0008644284015952209,-6.62694496650906,1,496,5.220069075039867e-06,True,1.0,False,1.0,False,False,False,not_significant
22216,0.37869103348937705,-0.03468896747271502,-0.03194774885521234,0.1380278701285413,-1.0687442398720712,16.01614689350673,0.48988821509918073,-0.6308046140058515,-0.820370713823954,-0.034688967472715014,-1.0,-0.9994257858809769,-0.2821047977278869,-0.2821047977278869,0.8035144990079157,0.08402121467789381,-0.11427449097791131,0.05858198776801793,-0.08912707267003495,0.18836336335511583,-0.23380885631969228,0.7331335550756611,ict_ob_bearish_formed,40,-0.03442960949042084,-0.03636703399926657,-0.03253199299689232,percentile_bootstrap_subsample_20000,10000,-0.04790117934617984,-0.02095803963466185,4.491301336279093e-07,7.577905920598446e-298,0.006873376172092444,3137,-0.24902242464012794,-0.2635232980344572,-0.23519148588750305,1.0,0.0,-0.47916399986244346,-0.0648750657585789,0.9999999999999986,-0.006489800641453474,-0.028199166831261547,0.0008219475860168757,-7.895638057534522,-1,496,1.5201327599713852e-06,True,1.0,False,1.0,False,False,False,not_significant
32328,0.6001299183370453,0.022163759354530917,0.022538446813897606,0.11652337831825701,1.689370059742468,26.903465375372434,1.7259538150902745,0.47742002739594314,0.7707018322442505,0.022163759354530924,-0.970159157976678,-0.3029924154890813,0.10647577252055965,0.10329844581346245,1.148589748292899,0.09323092684683647,-0.07290675846844316,0.0727001247566259,-0.05259614955122177,0.18656359223398258,-0.16239825053383872,1.2722594967122616,ict_ob_bullish_formed,40,0.021539119943751423,0.01993918180227596,0.023116580481207967,percentile_bootstrap_subsample_20000,10000,0.013796968438898658,0.029281271448604186,2.0131724177476407e-08,7.676565043002087e-252,0.003950149852167063,3674,0.19019688397273377,0.17647531215828027,0.2036485808371326,1.0,2.9487309085871367e-30,-0.0642423709430349,-0.008022338931332973,1.0,-0.006690939478239115,0.02885469883277003,0.0006671385978257207,-10.029309501872076,1,496,9.707351932153007e-08,True,1.0,False,1.0,False,False,False,not_significant
7226,0.6051757542208691,0.021623280742613188,0.02127297009255036,0.10840060841771268,1.0908152899603394,10.029764571764508,1.759072134707333,0.500679882814543,0.8253682301795683,0.0216232807426132,-0.8753268080767771,-0.24586650630579485,0.1204288084474151,0.10541456449876548,1.146031674315388,0.08723098224603291,-0.06824015016819393,0.06800068627636358,-0.04878734365447529,0.17088515699946005,-0.1537223007353989,1.2722310154596028,smc_swing_ob_bullish_formed,40,0.021623280742613188,0.019201874377876564,0.02414700462711798,percentile_bootstrap_full,10000,0.012782213435944592,0.030464348049281782,1.6378595502657518e-06,2.8466946900012584e-63,0.00451083147785806,2598,0.1994756400193778,0.17765935607767785,0.22128500700384066,0.9999999999734578,5.308446756945421e-11,-0.07067170780599508,-0.008562817543250702,0.9999995776660415,-0.006910896824869162,0.02853417756748235,0.001403298036574429,-4.924753434230732,1,494,5.0572505411714444e-06,True,1.0,False,1.0,False,False,False,not_significant
31739,0.5929298339582217,0.020976395934701183,0.019713581783829648,0.11475485844596485,2.013112714129168,31.102044864042632,1.7023802428563353,0.45880703136190787,0.7614826580015103,0.020976395934701183,-0.9920186498413002,-0.3578695789938852,0.09788979968461127,0.0971085069163634,1.1673050987734817,0.08985423099262548,-0.07233255163252363,0.06880850817118844,-0.05337087384735706,0.1804753061830251,-0.15755241370239795,1.2360790480296109,smc_internal_bos_bullish,40,0.02202641889152084,0.020419114042159826,0.02363777644651452,percentile_bootstrap_subsample_20000,10000,0.014540286819821724,0.029512550963219954,3.9766497449257715e-08,7.480564758665413e-229,0.003819525293168198,3606,0.19158051803710077,0.17829169848851734,0.2050284357232295,1.0,1.0400272401743451e-39,-0.07423911601813514,-0.009209702351162707,1.0,-0.008133502416435939,0.02910989835113712,0.0006734175356612239,-12.077948651054522,1,496,1.7070496466022824e-07,True,1.0,False,1.0,False,False,False,not_significant
32542,0.37514596521418475,-0.035902949091304676,-0.03375759371753517,0.13115608238258236,-0.4799565561882399,6.190256954213581,0.46877559148113146,-0.6870873647726081,-0.9250482808170194,-0.03590294909130467,-1.0,-0.9996692582520771,-0.2767136467341545,-0.2767136467341545,0.7803454759239478,0.08137522653363644,-0.11231323102142987,0.058249476138339196,-0.08970770662153427,0.1808528392996474,-0.2284497133264638,0.7221085188803358,ict_liquidity_sellside_swept,40,-0.03463041783619932,-0.03643356429322516,-0.03281904044393632,percentile_bootstrap_subsample_20000,10000,-0.04610165978111844,-0.023159175891280206,8.551395497074211e-10,0.0,0.005852781961770274,3688,-0.2651223746023767,-0.2790000619652021,-0.25131446948628194,1.0,0.0,-0.5009311268100761,-0.06608904737716856,1.0,-0.008403255121611268,-0.027499693969693408,0.000664768364359414,-12.64087699135448,-1,495,7.166883845166957e-09,True,1.0,False,1.0,False,False,False,not_significant
80182,0.5915292709086828,0.020552173188609642,0.019853737925160986,0.11265025995245097,1.2656258009687078,18.901223005511948,1.6816829498528465,0.4579265535447423,0.7368133501416586,0.020552173188609635,-0.9998024320397975,-0.47693059706884017,0.09469466710537991,0.09467595847315784,1.1601945917158938,0.08963485945778073,-0.07302114299065966,0.06894160710330643,-0.05343413272973635,0.18174594897827398,-0.16098720165078695,1.222012409392197,ict_bos_bullish,40,0.020442981152100317,0.01886418825235621,0.022041718958579173,percentile_bootstrap_subsample_20000,10000,0.012696657817039825,0.02818930448716081,1.9920020479839805e-07,0.0,0.00395227837606226,3857,0.17897204491538213,0.16533149137065944,0.1926591634778049,1.0,1.3467293304462697e-89,-0.07826966967767154,-0.009633925097254248,1.0,-0.00843546778921099,0.028987640977820632,0.00041744589626106397,-20.20733193155068,1,496,7.380891798845906e-07,True,1.0,False,1.0,False,False,False,not_significant
4550,0.5989010989010989,0.019244159752836918,0.01985990677578009,0.10677387956028886,1.2777778430726416,13.31783366081492,1.6722066730203602,0.45238084283553687,0.7303009228815626,0.019244159752836918,-0.8395485141535787,-0.2518313285821811,0.10770374124002124,0.09042251592684135,1.1180772690800354,0.08363668753323983,-0.06713643380486667,0.06452414309364429,-0.046151199204713944,0.16228074014938143,-0.153038128359443,1.2405024726972667,smc_swing_bos_bullish,40,0.019244159752836918,0.016134995497458556,0.022344355969061473,percentile_bootstrap_full,10000,0.009775831524841757,0.028712487980832077,6.788428047611594e-05,1.724969836151094e-33,0.00483086843839742,2137,0.1802328418906132,0.1525858710737718,0.20767668967212566,0.9999999999947237,1.055272420682188e-11,-0.09085052877685403,-0.010941938533026972,0.9999999890668427,-0.009744878043906936,0.028989037796743854,0.0017412304688694078,-5.596546935130505,1,492,0.00014659672839013996,True,1.0,False,1.0,False,False,False,not_significant
42084,0.37218420302252636,-0.039298386592131744,-0.03532735883098037,0.14028391107945726,-0.9033416613275778,11.156583733201822,0.4532741901764483,-0.7031324315650775,-0.9101349083553446,-0.03929838659213174,-1.0,-0.9997118541489,-0.30754463814840877,-0.30754463814840877,0.7640808557255166,0.08360389386919985,-0.1205798794665856,0.05803359295297683,-0.09378320847336963,0.18925854082149993,-0.2453421245595046,0.6908538804821469,ict_bos_bearish,40,-0.03933584722082011,-0.04128173661733161,-0.03738937382293738,percentile_bootstrap_subsample_20000,10000,-0.052136680897238344,-0.02653501354440188,1.7760994678947075e-09,0.0,0.006531157550045934,3569,-0.2781324685687448,-0.2917847371872376,-0.2644666666905628,1.0,0.0,-0.5088699312454975,-0.06948448487799563,1.0,-0.010957104033640488,-0.028341282558491256,0.0006025862061211423,-18.183463083517218,-1,496,1.3301851334019938e-08,True,1.0,False,1.0,False,False,False,not_significant
67005,0.37437504663831056,-0.03915736800041041,-0.0332796899876151,0.1437404138141541,-1.3280956842194893,14.322110840301885,0.45530205475786684,-0.6837618665670335,-0.8502180238851333,-0.03915736800041041,-1.0,-0.9997190071736319,-0.3255116703563136,-0.3255116703563136,0.7603553389641841,0.0865990957067168,-0.12302254601090254,0.06050935977817695,-0.09275111087840893,0.19361507332218147,-0.25167353449284574,0.7016612391866879,smc_fvg_bearish_formed,40,-0.03780021604097925,-0.039767337233863435,-0.03582555817424663,percentile_bootstrap_subsample_20000,10000,-0.0511997461066705,-0.024400685975288,1.0186662665971183e-08,0.0,0.006836620502055777,3744,-0.2640983178904877,-0.2778062234374838,-0.25060368426930724,1.0,0.0,-0.501281446148087,-0.0693434662862743,1.0,-0.011230779641828285,-0.027926588358582128,0.000459646592194091,-24.43351007611944,-1,496,5.6915956482886605e-08,True,1.0,False,1.0,False,False,False,not_significant
20368,0.3774548311076198,-0.0394237539072535,-0.03460404021452934,0.14829581547188006,-0.5870755723011714,6.050409514660089,0.4707723133729844,-0.6672665486580114,-0.8691467675778225,-0.0394237539072535,-1.0,-0.9988118253252212,-0.30991875892463355,-0.30991875892463355,0.7760272538209979,0.09483657927942585,-0.1258448989492672,0.06368844734453233,-0.09489284886160576,0.21713185315819053,-0.2597666626602622,0.7509412955885746,ict_ob_bullish_mitigated,40,-0.03923221053151265,-0.04128769909306965,-0.037156949750610915,percentile_bootstrap_subsample_20000,10000,-0.058348549317841156,-0.020115871745184144,5.298662546884268e-05,2.0387912426784685e-304,0.009753413218981832,2992,-0.26445963320322424,-0.27828396032071784,-0.2506048720669755,1.0,0.0,-0.4946828808828446,-0.06960985219311738,1.0,-0.011467331717635146,-0.027956422189618354,0.0008539802767939333,-13.428099019671189,-1,496,0.00011657057603145389,True,1.0,False,1.0,False,False,False,not_significant
2627,0.3665778454510849,-0.03947758499165159,-0.03735404887057503,0.1479246201753012,-0.3774187232118114,4.811517231734937,0.4768675737702078,-0.6698543609740086,-0.905933688460873,-0.039477584991651576,-1.0,-0.9952406665471127,-0.30824604886623347,-0.30824604886623347,0.8230050961641593,0.10478912211058532,-0.12683162888238625,0.07020134985994364,-0.10037796104202745,0.23930260061337855,-0.2602581425863867,0.8215263836968513,smc_swing_choch_bearish,40,-0.03947758499165159,-0.04526533761204828,-0.03383987650175333,percentile_bootstrap_full,10000,-0.060116941257876394,-0.018838228725426787,0.00017762002498384363,3.402408116561428e-41,0.010530477226227014,1058,-0.2668763654411811,-0.3057097313382002,-0.22848336716848,1.0,1.0123659082676923e-115,-0.49575414432502285,-0.06966368327751549,0.9999994968938767,-0.011694358106223397,-0.027783226885428194,0.0023912790586173623,-4.8904196539006515,-1,492,0.0003572699931103598,True,1.0,False,1.0,False,False,False,not_significant
3863,0.37457934247993785,-0.0394864940294355,-0.03647193209721045,0.15333170510646577,-0.5294072852557293,5.707924971236988,0.48543917888509486,-0.6463784731174689,-0.8583538384916198,-0.0394864940294355,-1.0,-0.996773531384673,-0.33494779419703236,-0.33494779419703236,0.8098480841939316,0.10324695963243383,-0.1298667429503356,0.07078296830589914,-0.10150028801773203,0.23358778414710746,-0.2648651980140607,0.7911007261253836,smc_swing_ob_bearish_formed,40,-0.0394864940294355,-0.04429497008960172,-0.03464926622739361,percentile_bootstrap_full,10000,-0.05862313209636535,-0.02034985596250565,5.2505423319200954e-05,7.02886135203018e-56,0.00976377018502883,1386,-0.25752334784262704,-0.28939625203332486,-0.22632750344601058,1.0,2.546801245231714e-158,-0.4858979549155075,-0.06967259231529939,0.9999999986280906,-0.011999264778958955,-0.027487229250476544,0.002017960412904155,-5.946233980720251,-1,493,0.00011623842143621846,True,1.0,False,1.0,False,False,False,not_significant
16388,0.36270441786673174,-0.04066787350326251,-0.03716563585018906,0.13992017789065048,-1.1033263855575435,16.705531900485433,0.4386282280048835,-0.7295270339975236,-0.9439572476380733,-0.0406678735032625,-1.0,-0.9991276493942628,-0.3090615196287229,-0.3090615196287229,0.770403549860529,0.08378700459592721,-0.12178405742447453,0.05857462637150096,-0.09618144118953265,0.18671384957672896,-0.24834145975848138,0.6861417032901562,smc_internal_bos_bearish,40,-0.04066787350326251,-0.042825900794670364,-0.03849957048050031,percentile_bootstrap_full,10000,-0.05347389582895874,-0.02786185117756627,4.839412692946017e-10,5.641402999636878e-291,0.0065338048687099545,2907,-0.2906505274389017,-0.30653217865987237,-0.2746292320722764,1.0,0.0,-0.5196099494954114,-0.07085397178912639,1.0,-0.012346385721588849,-0.02832148778167366,0.0009774394437573116,-12.631356142257681,-1,495,4.367880174146149e-09,True,1.0,False,1.0,False,False,False,not_significant
1236,0.39158576051779936,-0.039505429338705995,-0.035079931563369415,0.16429620628754832,-0.7608959825162696,6.776194273056788,0.5027439547931065,-0.6035309208706933,-0.7769029015386882,-0.03950542933870599,-1.0,-0.9898907059216965,-0.3883260103192691,-0.3883260103192691,0.7811228388520994,0.0999692405142267,-0.13631758814168105,0.07182541285733596,-0.10412041517321247,0.22290899219447047,-0.27209185956358795,0.7308018128896037,smc_swing_bos_bearish,40,-0.039505429338705995,-0.04873550060375192,-0.03064177353635538,percentile_bootstrap_full,10000,-0.06050808193931325,-0.01850277673809874,0.00022723444992956042,7.864692383672075e-17,0.010715835903418253,657,-0.24045247441419487,-0.29538896203677095,-0.18706835561906027,1.0,2.9497887234050557e-46,-0.4666699261152482,-0.06969152762456989,0.999639947919596,-0.012647314802645346,-0.02685811453606065,0.003739808477923431,-3.3818081533597417,-1,445,0.0004493625077258722,True,1.0,False,1.0,False,False,False,not_significant
3782,0.6700158646218932,0.06476845620857934,0.06125737123884678,0.17204820865824305,0.9308674269937466,5.851778009720322,2.8549645944460917,0.7715037397161821,1.4094017346520051,0.06476845620857932,-0.8170544542607413,-0.21556961282403456,0.28523194720002454,0.2330500329572446,1.40607569608079,0.15775314858653183,-0.10940510522193155,0.12681657620737818,-0.07887197620285191,0.31802267456290123,-0.24710455964885047,1.4332063233559187,smc_swing_ob_bearish_mitigated,60,0.06476845620857934,0.0593496232326678,0.0703984628633235,percentile_bootstrap_full,10000,0.040159767013123765,0.08937714540403491,2.489404681869951e-07,5.283814476317903e-111,0.012555684285760132,1703,0.37645527793454414,0.34571719860668304,0.40735296588433106,3.6145874697584533e-12,7.229174939516907e-12,0.11343007877137055,0.019375854605988493,3.821846527252923e-22,0.024024969028257924,0.04074348718032141,0.0025013962888704015,9.60462327986714,1,492,8.851216646648713e-07,True,2.6905799551860578e-20,True,6.361673946774877e-10,True,False,True,significant_meaningful_effect
48478,0.6450761170015265,0.047912063272028585,0.044684784216042606,0.154167788067344,2.284241680385393,51.331933244669116,2.4239571337618604,0.6369067878557859,1.1261338275692059,0.0479120632720286,-0.9999864804738806,-0.45951989945556787,0.16513277959947772,0.16513054708255076,1.3332074283929394,0.13544723467184688,-0.09152399139032051,0.10796947714818905,-0.06585355982660229,0.2696669595344129,-0.2078444455367434,1.4712086573881327,ict_sweep_sellside_bullish,60,0.04788777568642516,0.045630235529727975,0.050088705512062584,percentile_bootstrap_subsample_20000,10000,0.03441185081950461,0.06136370055334571,3.2051764925557048e-12,0.0,0.006875598157374601,3869,0.2998544497350434,0.2799882923736671,0.3194630189676728,0.0006183485159384652,0.0012366970318769305,0.015546838154173615,0.002519461669437742,5.168517336259799e-20,0.006069897432829659,0.041842165839198926,0.000668097628508769,9.085344976269422,1,496,8.678631733689292e-11,True,3.0321968372724157e-18,True,0.02418429751225997,True,False,True,significant_small_effect
64856,0.37365856667077835,-0.037891662248503453,-0.03682680963679752,0.14523613680430306,-1.5370332937144688,21.279877068675916,0.47765794849334814,-0.5346795997802678,-0.6811056833280386,-0.03789166224850344,-1.0,-0.9997734360221037,-0.2217543256784324,-0.2217543256784324,0.8004919642716988,0.08955781310519093,-0.12266757474695555,0.06409651242056646,-0.09738908174256511,0.19890455882115488,-0.2451328961379874,0.7287396741315528,ict_sweep_buyside_bearish,60,-0.038231151226253826,-0.04029274906489056,-0.03619790397150798,percentile_bootstrap_subsample_20000,10000,-0.04984699999718546,-0.026615302455322187,1.6209768550657915e-10,0.0,0.005926562309783057,3952,-0.261159468429895,-0.27498642089674524,-0.24781991302276993,1.0,0.0,-0.5275264498117459,-0.0832842638510943,1.8490382302069867e-13,0.004107089684142334,-0.04199875193264579,0.0005652340211175309,7.266175655920637,-1,496,1.901946176610529e-09,True,6.508614570328594e-12,True,1.0,False,False,True,significant_small_effect
145475,0.6393744629661454,0.04554192881958007,0.04076422579383254,0.14857221504892365,1.743711408986941,25.46857758689553,2.4093943900772437,0.6282007739433705,1.1207172155928096,0.04554192881958007,-0.9999987975457644,-0.47425166800283436,0.15746340709150242,0.1574632177489616,1.3584753743973517,0.13116335990203215,-0.08802507383548831,0.10259410330778729,-0.06415786964324455,0.2622482636207924,-0.19497784489775444,1.4833848046502431,ict_nwog_gap_up,60,0.04660407485918201,0.04452263977314915,0.0487145406031623,percentile_bootstrap_subsample_20000,10000,0.035309834695447906,0.05789831502291612,2.718518068013224e-15,0.0,0.005762473271822395,842,0.31438015816960896,0.30148561623850906,0.3278820082869918,0.38685659216221563,0.7737131843244313,0.0009366818210845816,0.00014932721698922985,4.681343552280709e-13,0.0027104066050549006,0.04283152221452517,0.00037963190751091864,7.1395648032481205,1,496,9.56918359940655e-13,True,1.498029936729827e-11,True,1.0,False,False,True,significant_meaningful_effect
41637,0.6348680260345366,0.044286568124042004,0.04126653402984237,0.1538767674241181,1.9080678819171601,36.85803840356367,2.264307689528795,0.5898255997405971,1.027017794906536,0.04428656812404202,-0.9971120641206105,-0.3451954615091092,0.14810339609320858,0.14767568298177156,1.3018441501648872,0.13393764106332853,-0.09285005940947495,0.10634526188580473,-0.0668222252517282,0.26697474439806224,-0.20942113052975572,1.4345648149027153,smc_internal_ob_bearish_mitigated,60,0.0450713893108706,0.042908924198317565,0.04724818399802785,percentile_bootstrap_subsample_20000,10000,0.03264101929868206,0.05750175932305915,2.8914021073143732e-12,0.0,0.006342142004745262,3989,0.2880367812505161,0.2711473030316168,0.30482221474320886,0.9090142710922691,0.1819714578154618,-0.006830830874763978,-0.0011060334785488388,0.0019356026399397596,0.002117148654819219,0.042169419469222785,0.0007329653418169054,2.888470346457503,1,496,8.481446181455495e-11,True,0.021291629039337356,True,1.0,False,False,True,significant_small_effect
58159,0.6385426159321859,0.04242234835307027,0.041077004908896875,0.1430328286728059,0.9399863729136905,9.744057467476104,2.28465254726064,0.607832088596519,1.0163987983770981,0.04242234835307027,-0.9998954242332122,-0.46948550078141915,0.14450662961229957,0.14449151772070196,1.293141517715988,0.12445311403030909,-0.0863029146311834,0.10011079414767732,-0.06240844737003226,0.24694124219764846,-0.19252635563880166,1.4351484611513063,ict_liquidity_buyside_pool_formed,60,0.04308617940484087,0.041090862489302216,0.045109213339505495,percentile_bootstrap_subsample_20000,10000,0.030967480567658304,0.05520487824202344,6.838479180359405e-12,0.0,0.006183123178376014,3871,0.29971105765811595,0.28603750071033385,0.31369946076402005,0.9999926596708146,1.4680658370820492e-05,-0.018934735003648236,-0.00297025324952057,0.0008942761553948199,0.0018273274314654434,0.04059502092160483,0.0005850691772084115,3.1232673035081433,1,495,1.7193890510617932e-10,True,0.011070077646374958,True,1.0,False,False,True,significant_small_effect
10354,0.36807031099092136,-0.03976041146413583,-0.03832480656302795,0.14879198201303842,-1.7156577795112413,20.7741537997468,0.4647263979356887,-0.5476410397861272,-0.6841727051532647,-0.039760411464135836,-1.0,-0.9979290761339621,-0.24449014256276774,-0.24449014256276774,0.7976319519541695,0.08742355088621163,-0.12657451073758247,0.061531834065446045,-0.09942379439163862,0.19809260455906005,-0.2504477443895822,0.689611882667099,smc_equal_highs,60,-0.03976041146413583,-0.0426186879907663,-0.03687914517660653,percentile_bootstrap_full,10000,-0.052087687032420366,-0.02743313589585129,2.5875055729118406e-10,2.5551025069769773e-157,0.006289541832546179,2864,-0.26722146533844604,-0.2856780348877513,-0.2485972748842583,1.0,0.0,-0.5337945570775411,-0.08515301306672668,0.12529249019997551,0.0016551255223910544,-0.041415536986526884,0.0014405803588452071,1.1489296742306205,-1,495,2.6788292990146113e-09,True,0.7113380088772803,False,1.0,False,False,False,not_significant
66786,0.6218369119276496,0.043690742761003924,0.03731440997085167,0.16440152461538243,1.9568284585592044,19.475101576441304,2.190888534579747,0.5446383676156293,1.0080573127892867,0.043690742761003924,-0.999990775923306,-0.48910850697601527,0.1395634180511639,0.13956213070749213,1.331836550541784,0.14011991621767336,-0.09657039687978389,0.10583394515050315,-0.07201633494088627,0.280238871957293,-0.21301510491119074,1.4452001608667784,smc_fvg_bullish_formed,60,0.04379385705738021,0.04155126585344857,0.0460911480186345,percentile_bootstrap_subsample_20000,10000,0.029341555319231608,0.058246158795528816,3.1198259176744102e-09,0.0,0.007373758772175714,3832,0.2636007629616159,0.2507960881780524,0.2768058314915908,0.9907119594893253,0.018576081021349392,-0.010190170026341674,-0.0017018588415869187,0.02480040236145609,0.001125415443631532,0.04256532731737239,0.0005731999741353189,1.9633906043510185,1,496,2.153291613767436e-08,True,0.18977699198331618,False,1.0,False,False,False,not_significant
2671,0.6368401347809809,0.04181583209042247,0.03805236607329254,0.14666750726149722,0.7511825442878592,8.34065469414357,2.2771892283199744,0.5842940684936251,0.9126994692482557,0.04181583209042248,-0.9219038968810803,-0.2796555256820645,0.14788548748208938,0.13633620720189643,1.2985735164434893,0.124095925153726,-0.083953093753433,0.09726400096159904,-0.06080151714564552,0.24607596924785935,-0.18318079248572905,1.4725538070605977,smc_swing_choch_bullish,60,0.04181583209042247,0.03625797438806953,0.047255341841810766,percentile_bootstrap_full,10000,0.024642463506834047,0.058989200674010894,1.820781838964365e-06,2.6409920717299414e-47,0.0087620836829597,1465,0.28510631203316195,0.24750959236528583,0.3229438192880663,0.8945206108626469,0.2109587782747063,-0.022561075491491004,-0.0035767695121683707,0.4124603926220397,0.0006443797840759227,0.04117145230634655,0.002912840010465951,0.22122045212254718,1,492,5.477907754832961e-06,True,1.0,False,1.0,False,False,False,not_significant
6714,0.3622281799225499,-0.042685600766235135,-0.04015718726973916,0.15271447334996535,-1.8188403743916752,22.807363801302085,0.44006394822141837,-0.5728301186812403,-0.6991194958461223,-0.04268560076623514,-1.0,-0.9958141573010686,-0.28571893244283414,-0.28571893244283414,0.7746355930657451,0.0900569814804272,-0.12459081049400139,0.06290207660053126,-0.09728889248617933,0.20474730366948413,-0.24769921539211387,0.7217828913516569,smc_swing_ob_bullish_mitigated,60,-0.042685600766235135,-0.04632410057415743,-0.03900858478815643,percentile_bootstrap_full,10000,-0.05681666852544819,-0.028554533007022077,3.2106732629191995e-09,7.672046565948568e-112,0.007209860874594154,2663,-0.27951247730406964,-0.30355943899253707,-0.2564509566335112,1.0,0.0,-0.5458263306972638,-0.08807820236882598,0.6541524196302969,-0.0007052649160320321,-0.0419803358502031,0.001778476517408857,-0.39655565262090975,-1,494,2.1733788241299196e-08,True,1.0,False,1.0,False,False,False,not_significant
43710,0.6328986501944636,0.039153471890572375,0.038463434712486255,0.13987574640408365,0.9358967376958613,10.886302024278063,2.179789224209717,0.5736572766804771,0.9484991567416727,0.03915347189057238,-0.9998195267277222,-0.4369784877644236,0.13097370336490258,0.13095006611207397,1.264189499465757,0.11970948027170651,-0.08518592848141476,0.09604466072213702,-0.06145897518997301,0.2366927225352325,-0.19023004166646623,1.3996116287375044,ict_liquidity_buyside_swept,60,0.0395261106687587,0.03755830673381734,0.04146675186081491,percentile_bootstrap_subsample_20000,10000,0.02747096886581343,0.05158125247170396,1.9440326034974772e-10,0.0,0.006150695524481708,3803,0.280133818897337,0.26647257312230166,0.29372271857005783,1.0,1.0967829820083268e-16,-0.04013902285658842,-0.006239129712018468,0.989675986664336,-0.0015599717167947003,0.040713443607367075,0.0006740404485856773,-2.3143592051010455,1,495,2.138435863847225e-09,True,1.0,False,1.0,False,False,False,not_significant
26497,0.6261840963127902,0.04162821650891247,0.03947045015942896,0.1557365004732955,1.7511826245829678,18.524669399971923,2.155252339764298,0.547800013157065,0.9805944811291686,0.04162821650891248,-0.9931505974202138,-0.34394299992119837,0.13586085856163177,0.13493029284650776,1.2862408792397588,0.13351147696284069,-0.09319407927779776,0.1049726745843722,-0.06767796334467946,0.263416231446517,-0.2092662248613718,1.4260119432965912,ict_bpr_bullish,60,0.04202360888723406,0.03984532697071436,0.04425967297174039,percentile_bootstrap_subsample_20000,10000,0.029537585703597984,0.05450963207087014,6.38262454768852e-11,0.0,0.006370537001514353,3246,0.26611435458748905,0.253330945026204,0.2793023630682799,0.9998933624974827,0.00021327500503464617,-0.0231221258280829,-0.0037643850936783727,0.9543117864767496,-0.0015744976242492437,0.043202714133161714,0.0009326590700909907,-1.6881813244958148,1,496,8.986735363145434e-10,True,1.0,False,1.0,False,False,False,not_significant
53434,0.3654601938840439,-0.044557557873138115,-0.039807392451930546,0.15416467836444822,-1.5087713592895666,15.420988226248486,0.43483346831140385,-0.5923264740293884,-0.7284606195058208,-0.044557557873138094,-1.0,-0.9998122922379225,-0.2679501177088762,-0.2679501177088762,0.7547237594708481,0.09298339527420105,-0.13129779689560583,0.06646980679318948,-0.10158399488481662,0.20736567162991654,-0.2632659115118126,0.7067562324886834,smc_internal_ob_bullish_mitigated,60,-0.04353138095095081,-0.0456468013285471,-0.04143189502141993,percentile_bootstrap_subsample_20000,10000,-0.056534902501349585,-0.03052785940055204,1.868242820408885e-11,0.0,0.0066345716300905385,3979,-0.28442363670777127,-0.29759561406008306,-0.2712464277354635,1.0,0.0,-0.5550603736378629,-0.08995015947572896,0.9997319362208688,-0.0021949341182574827,-0.04236262375488063,0.0006340029849056938,-3.4620248965925184,-1,496,3.653452626577375e-10,True,1.0,False,1.0,False,False,False,not_significant
26008,0.36396493386650264,-0.04450708963847191,-0.0410694934590754,0.15087205373427337,-1.0176352792123182,10.235766912611407,0.4388343899134436,-0.6045678374138409,-0.7809719646849973,-0.04450708963847189,-1.0,-0.9992157180004926,-0.25495702985426677,-0.25495702985426677,0.7667316685800173,0.09339252126450993,-0.13303011500662795,0.06629000156506243,-0.10667926044102927,0.20996435924273021,-0.26668211546729864,0.7007886384258694,smc_internal_choch_bearish,60,-0.044932646219467985,-0.04704061512960365,-0.042823316578757153,percentile_bootstrap_subsample_20000,10000,-0.05820310413480173,-0.03166218830413424,4.9172499336833223e-11,0.0,0.006770766154548626,3302,-0.29743093678666843,-0.31128545779073763,-0.2838125881569199,1.0,0.0,-0.560130296498,-0.08989969124106276,0.994356531040026,-0.002327593202126714,-0.04217949643634519,0.0009186584056654396,-2.5336873725557414,-1,496,7.211966569402206e-10,True,1.0,False,1.0,False,False,False,not_significant
129152,0.36755915510406345,-0.0447928910421037,-0.04033229744363864,0.15944384109123153,-1.5706040400112582,20.56777979664489,0.4455208072758775,-0.5757394528783353,-0.7124043924439643,-0.04479289104210368,-1.0,-0.9999008682266909,-0.2777150209694991,-0.2777150209694991,0.7664260539145428,0.09432281570165393,-0.13474520823862038,0.06677705112353616,-0.10430920182287462,0.2131703951189708,-0.2698423936168725,0.6990681046709047,ict_nwog_gap_down,60,-0.04346773828622713,-0.045621708572308024,-0.04132869683120627,percentile_bootstrap_subsample_20000,10000,-0.05783158030550905,-0.029103896266945213,9.8362217519798e-10,0.0,0.007328625433570168,841,-0.27689772545808616,-0.29030003340483923,-0.2637441907240018,1.0,0.0,-0.5479437010960099,-0.09018549264469454,0.9999999990363009,-0.002414829848594882,-0.042378061193508815,0.00040221621110305425,-6.003810343626761,-1,496,8.051976876039277e-09,True,1.0,False,1.0,False,False,False,not_significant
35937,0.6294904972590923,0.039589927156976984,0.03756343870352974,0.15169356407694667,2.079221981074265,32.924702623281796,2.1184191965108594,0.5348625525070932,0.9286279986692635,0.039589927156976984,-0.9837341850638445,-0.3094069775277609,0.1300094705344253,0.12789476054676477,1.2465916516644222,0.12737545219224056,-0.09061496777211141,0.10026520132404748,-0.06526574387774109,0.25285008198897396,-0.20379880009099743,1.3996143187875738,ict_mss_bullish,60,0.04002355577574183,0.037931790823629574,0.042122685279548905,percentile_bootstrap_subsample_20000,10000,0.027622197252538935,0.05242491429894472,3.9254841044774486e-10,0.0,0.006327339952776118,3698,0.26516465889094426,0.25086420930515035,0.2796546982482088,0.9999999999864952,2.7009426198949914e-11,-0.036067324911700734,-0.005802674445613859,0.9998147197969242,-0.0027869335436373766,0.04237686070061436,0.0007828006468058479,-3.5602085345856884,1,496,3.636237907305426e-09,True,1.0,False,1.0,False,False,False,not_significant
25916,0.3660287081339713,-0.04567665901034919,-0.041643959805589215,0.15236944674570732,-0.9096970032891517,8.563128294569864,0.4336841852374495,-0.6143573872965569,-0.7922542727256909,-0.0456766590103492,-1.0,-0.9997456273636167,-0.2508811155670136,-0.2508811155670136,0.7509694736148371,0.0937499966452446,-0.1358298753132092,0.06777582532245724,-0.10654171446157468,0.2096183448911157,-0.2726497600089244,0.689115688930607,ict_bpr_bearish,60,-0.045836958177860126,-0.04796432699373839,-0.0437233116277746,percentile_bootstrap_subsample_20000,10000,-0.05910811449471932,-0.032565801861000936,1.5218289341918985e-11,0.0,0.006771122488402436,3194,-0.29950306674681276,-0.3132480461254125,-0.2859965160302222,1.0,0.0,-0.5649333291450002,-0.09106926061294003,0.9993948213170819,-0.003015392105235326,-0.04266126690511386,0.0009317037371406844,-3.2364280457748245,-1,496,3.553406048237043e-10,True,1.0,False,1.0,False,False,False,not_significant
36095,0.3662834187560604,-0.04535114350603972,-0.040902985571228845,0.15438169352195655,-1.444018974622972,16.383891172511934,0.4341150370083108,-0.6020285489616877,-0.7547357873264624,-0.04535114350603972,-1.0,-0.9995136320796133,-0.26443164840623734,-0.26443164840623734,0.750942507857202,0.09237182971577787,-0.1335172186360645,0.0655849747415772,-0.10497170121491761,0.20825264743051305,-0.2683206608180306,0.6906705380707929,ict_mss_bearish,60,-0.04522608555067261,-0.04734770412965582,-0.043116420154719504,percentile_bootstrap_subsample_20000,10000,-0.058718927866235705,-0.031733243235109516,4.467341184453316e-11,0.0,0.006884229667260772,3491,-0.29699768146111166,-0.31092869537083284,-0.28317533231152786,1.0,0.0,-0.5596008076596373,-0.09074374510863056,0.9999525335512285,-0.0030444392477920537,-0.04230670425824767,0.0007799873452931034,-3.9031905660572166,-1,496,6.93526898510057e-10,True,1.0,False,1.0,False,False,False,not_significant
209902,0.6213280483273147,0.039160826286003134,0.03599679273821188,0.1515966072968395,2.018204764752204,34.13712974648751,2.104635066915046,0.5294037459838806,0.9281777003291213,0.03916082628600314,-0.9999999995450884,-0.6099426334638866,0.12572877385230172,0.12572877379510625,1.2823269156650414,0.1274323298544012,-0.09136316151834845,0.0990178998696305,-0.06623441819180964,0.2550238830092493,-0.20304779054236732,1.3892345328478672,ict_displacement_bullish,60,0.038200724221036875,0.036177104985977336,0.04022568670043001,percentile_bootstrap_subsample_20000,10000,0.02654586969116214,0.04985557875091161,4.5315678027645763e-11,0.0,0.005946463572736404,3995,0.2581744892715891,0.24508665682393155,0.27154036541651827,1.0,5.2527972063246556e-39,-0.03874546670123215,-0.006231775316587709,1.0,-0.0038297609570227056,0.04299058724302584,0.0003096791555527854,-12.366867089218461,1,496,6.93526898510057e-10,True,1.0,False,1.0,False,False,False,not_significant
26016,0.625,0.03813591349615919,0.03700072531043952,0.14903342384248708,1.9651983880870918,33.666934029081226,2.0730947102804866,0.5244150176983764,0.905194584688604,0.0381359134961592,-0.9876313030783914,-0.29092149048692345,0.12397773238646428,0.12244428938954781,1.243346839769699,0.1258459383749214,-0.09028537513569049,0.09938395218678153,-0.06461635277168565,0.249026774360268,-0.2031651887628172,1.387844382697578,smc_internal_choch_bullish,60,0.03798391636845792,0.035878789514445744,0.04006909133003052,percentile_bootstrap_subsample_20000,10000,0.025386708956800653,0.05058112378011519,2.9661754154131032e-09,0.0,0.006427264690401085,3525,0.25267076287797213,0.2382881975173693,0.2674752854910981,0.999999999999907,1.8609077681511074e-13,-0.04545754752003809,-0.007256688106431652,0.9999942816904988,-0.004028717752715981,0.04216463124887517,0.0009181090699772839,-4.388060073097481,1,496,2.0881874924508246e-08,True,1.0,False,1.0,False,False,False,not_significant
187887,0.3639368343738524,-0.04652063793032275,-0.04181219354198373,0.15710736141265003,-1.7566430290541128,28.660272601178644,0.4282897786280262,-0.606839402287444,-0.7543853819842591,-0.04652063793032274,-1.0,-0.999941481358447,-0.27112502642873937,-0.27112502642873937,0.7483029605941725,0.09273192380087882,-0.13642341771553343,0.06652895542243231,-0.10689651216095508,0.20732579885809846,-0.27376660939348985,0.6785777091079648,ict_displacement_bearish,60,-0.04467581570033758,-0.046826486114647084,-0.042509776377329646,percentile_bootstrap_subsample_20000,10000,-0.057299480443354346,-0.032052150957320814,5.09109785398902e-13,0.0,0.006440763576788535,4019,-0.2930209829999403,-0.30697488458934297,-0.2793816510152638,1.0,0.0,-0.5622922468192086,-0.0919132395329136,1.0,-0.0040380965243700315,-0.04248254140595272,0.0003306527222867138,-12.212500464062531,-1,496,2.0466960278606765e-11,True,1.0,False,1.0,False,False,False,not_significant
116177,0.622808301126729,0.0366800287106386,0.03520027316872487,0.14394544791304412,1.1169910443191133,12.290367895349538,2.053590450641113,0.5222234585965515,0.8711785135834277,0.03668002871063861,-0.9999793640896326,-0.5243441283652408,0.11755612634394398,0.11755370046625761,1.2431209815092148,0.12220167757480031,-0.090507647973172,0.0957652137011733,-0.06564258969659831,0.24362015297165648,-0.19984861809860366,1.3448186808247982,ict_volume_imbalance_bullish,60,0.03669981670521115,0.0346984816702726,0.03871073016669518,percentile_bootstrap_subsample_20000,10000,0.02500604719901281,0.04839358621140949,7.854046830688968e-10,0.0,0.005966318517175999,3822,0.2541270827192761,0.2406647000744985,0.26747841737600825,1.0,1.2639364686391703e-57,-0.055393610752800186,-0.008712572891952243,1.0,-0.005545837209027779,0.04222586591966638,0.00041643339631934254,-13.317465068951737,1,496,6.911561211006292e-09,True,1.0,False,1.0,False,False,False,not_significant
110888,0.6172714811341173,0.03735733677172454,0.03462028507605541,0.15178338133553806,1.8568843305934,26.66964653001371,2.033887635436763,0.504401453280322,0.8819622454063866,0.03735733677172455,-0.999995528183066,-0.5274057096610908,0.11719480955971345,0.11719428548597949,1.260660893248015,0.12660898014910058,-0.09159567642351008,0.09796916899653152,-0.06653084240689311,0.2534370547556508,-0.20373770282215367,1.377091464771309,ict_fvg_bullish_formed,60,0.03775594918524554,0.03570199028446691,0.03981356650869094,percentile_bootstrap_subsample_20000,10000,0.026122607162065367,0.04938929120842571,3.095969410032172e-10,0.0,0.005935487602415233,3848,0.2545259993302675,0.2413912938260641,0.2676089254594462,1.0,5.38167317933214e-45,-0.04993115547004918,-0.0080352648308663,1.0,-0.006011788181122454,0.043369124952847,0.00044170132875965596,-13.61052772470527,1,496,3.113660663803785e-09,True,1.0,False,1.0,False,False,False,not_significant
9201,0.612976850342354,0.0356812118293691,0.03323820271784683,0.14347975531884966,0.7046305433730874,5.206220457808282,1.9888946452813472,0.5096518600450758,0.8570501274352768,0.035681211829369106,-0.9561707872906051,-0.32085718008087516,0.11811334816658599,0.11293653310597387,1.2546963028211053,0.12531167762500375,-0.08971620671464907,0.09699655251216632,-0.06430692923601988,0.25228755611485054,-0.20133564716415642,1.3917016216067675,smc_equal_lows,60,0.0356812118293691,0.032802149247656044,0.03866417621854131,percentile_bootstrap_full,10000,0.023604727091485474,0.04775769656725272,7.0004205613983006e-09,4.4115261898362605e-122,0.006161584977011631,2579,0.2486846436981725,0.22931758058399268,0.2683542593085893,0.9999999998703762,2.5924753658665674e-10,-0.0618276709824919,-0.009711389773221744,0.9999384724668358,-0.006012513480854763,0.04169372531022386,0.0015657756052114041,-3.8399585871967776,1,495,4.1069133960203366e-08,True,1.0,False,1.0,False,False,False,not_significant
19880,0.6237424547283702,0.035822769801103445,0.034326324664515906,0.14907955049407767,2.2009661133749527,37.08052868543126,2.014610480261791,0.4924540719845995,0.8260130515816124,0.03582276980110345,-0.9963346815995587,-0.349692603215177,0.11192324088944713,0.11151300657517803,1.2149400944675544,0.12098485639640011,-0.08778901571419698,0.09437456004964806,-0.06247854631738142,0.24046465096854658,-0.19547674753284358,1.3717096081714504,ict_ob_bearish_mitigated,60,0.035822769801103445,0.033749937745913755,0.037855925772389096,percentile_bootstrap_full,10000,0.022913192818627928,0.04873234678357896,5.367020563848227e-08,1.1341232317828344e-244,0.0065866398477092,3459,0.24029298238678642,0.22634332157506912,0.2546694645637676,1.0,7.874268448269567e-18,-0.05993952138631181,-0.009569831801487398,0.9999999986989827,-0.006339906181370501,0.042162675982473946,0.0010646505939794326,-5.9549172444203595,1,496,2.2490371886602093e-07,True,1.0,False,1.0,False,False,False,not_significant
7210,0.6321775312066574,0.03520407323272844,0.03404964675422151,0.1358890560315159,0.7461784594328608,7.831653948127858,2.0840569914157268,0.5309248819762817,0.8373527949186611,0.035204073232728436,-0.9156440740950534,-0.2562708657352796,0.12461027125566243,0.11409865644662448,1.2116610415207714,0.11403612195222945,-0.08255394332794076,0.09049149935037004,-0.05836386887712114,0.22682768390983582,-0.1856953206157686,1.3768258344109434,smc_swing_ob_bullish_formed,60,0.03520407323272844,0.03201324193810234,0.038315066848931045,percentile_bootstrap_full,10000,0.02194693710490811,0.048461209360548776,1.9436552531869536e-07,7.453589499137404e-104,0.006763969199342607,2588,0.2590648155254223,0.2363594955416504,0.2818598977763886,0.999999999746319,5.073618332513509e-10,-0.06630582720502659,-0.0101885283698624,0.9999837860136707,-0.007157921016692208,0.04236199424942065,0.0017224305784413695,-4.155709441230092,1,494,7.278368607678805e-07,True,1.0,False,1.0,False,False,False,not_significant
89572,0.3589849506542223,-0.049645476865410196,-0.044778647250801606,0.16140453830699916,-1.7445709627506423,26.563083573946162,0.41329673817547874,-0.630359917420469,-0.7797794719369815,-0.049645476865410196,-1.0,-0.9999220410593814,-0.28860508639853993,-0.28860508639853993,0.7378031212797024,0.09552656846369147,-0.14064616076474254,0.0678341114855876,-0.10985723035713135,0.21419661000611928,-0.28091468799583874,0.678107932692905,ict_fvg_bearish_formed,60,-0.05124117703210527,-0.053454942339598854,-0.049047661750783865,percentile_bootstrap_subsample_20000,10000,-0.06467168877940889,-0.03781066528480165,4.326079547033588e-13,0.0,0.0068524277728078805,3817,-0.3211867313686911,-0.3354677998388362,-0.3069579921787868,1.0,0.0,-0.5741033472757853,-0.09503807846800104,1.0,-0.007172774641304391,-0.042472702224105804,0.0004969172883223413,-14.434544359526372,-1,496,2.0466960278606765e-11,True,1.0,False,1.0,False,False,False,not_significant
57689,0.6192861724072181,0.03545620337749411,0.033638868519095366,0.14595057202753203,1.8938043864649272,28.4668676466224,2.0078368526571886,0.4978644006801104,0.8617602366399701,0.035456203377494104,-0.9994460039610018,-0.3941563623920956,0.11217974332658934,0.11211759619313057,1.2341177139198118,0.12085115997607727,-0.0886633962383789,0.09414452000077911,-0.0642670412320987,0.24159303489433395,-0.1961681257808591,1.3578194350031512,smc_internal_ob_bullish_formed,60,0.03472833027395379,0.032722794256378675,0.03673718068287993,percentile_bootstrap_subsample_20000,10000,0.02333004288150046,0.04612661766640712,1.0822442631886836e-09,0.0,0.005815559567651921,3845,0.23933823167067436,0.2249809884826412,0.2539293717359746,1.0,6.18487650980643e-46,-0.06280669899937724,-0.009936398225096732,1.0,-0.007309035875386803,0.042765239252880914,0.0006105668391377031,-11.97090213040275,1,496,8.657954105509469e-09,True,1.0,False,1.0,False,False,False,not_significant
83425,0.35811807012286484,-0.049499781942137146,-0.0441064714232029,0.15990062069506294,-2.238487654730724,41.79718586886327,0.4078186371169483,-0.6344213378059467,-0.7718329323667816,-0.04949978194213716,-1.0,-0.9999174625803325,-0.29095200463907844,-0.29095200463907844,0.7308411377440558,0.09269723503516511,-0.1390782281053427,0.06648322528313366,-0.10836854942597807,0.20923186405210473,-0.2798358808478578,0.6652605960788198,ict_volume_imbalance_bearish,60,-0.04971059277194995,-0.05190348408505727,-0.04751885398549525,percentile_bootstrap_subsample_20000,10000,-0.0632660389326988,-0.0361551466112011,8.239685176903887e-13,0.0,0.006916170991277825,3720,-0.3131044133340693,-0.33064529817784294,-0.29429077062013737,1.0,0.0,-0.5757669837882873,-0.09489238354472798,1.0,-0.007316649124061533,-0.04218313281807561,0.000507796268565439,-14.40863113218928,-1,496,2.636699256609244e-11,True,1.0,False,1.0,False,False,False,not_significant
42269,0.35569802928860395,-0.049737502807939635,-0.045292575801304746,0.15790483311137912,-1.7495399209760019,36.65797878248004,0.40979622859596143,-0.6455251969839892,-0.8146930729902753,-0.049737502807939635,-1.0,-0.9997632050827666,-0.2778032820368769,-0.2778032820368769,0.7421304763691944,0.09513021541322102,-0.14044858693613507,0.06737172803630198,-0.11190185934434371,0.21440554343893026,-0.2814002882761438,0.6762032204473772,smc_internal_ob_bearish_formed,60,-0.049770046246866956,-0.05197268220789632,-0.04755342653089275,percentile_bootstrap_subsample_20000,10000,-0.06321538851892344,-0.03632470397481047,4.1563265261607383e-13,0.0,0.00685999450605036,3601,-0.30898276619352005,-0.3267546988999917,-0.29024190949642015,1.0,0.0,-0.5806087819827036,-0.09513010441053048,1.0,-0.00760690271571577,-0.042130600092223865,0.000727837153710627,-10.451380060683352,-1,496,2.0466960278606765e-11,True,1.0,False,1.0,False,False,False,not_significant
50809,0.35698399889783305,-0.048559589104414116,-0.04531852652014168,0.15194691835366667,-1.6691526895248583,33.6281705303577,0.40700836646610783,-0.6549494049099315,-0.8318875723261173,-0.04855958910441413,-1.0,-0.9996738907107294,-0.2739863447067034,-0.2739863447067034,0.73289779783601,0.09146946340765394,-0.13466828542703574,0.06596183444657133,-0.10833637308058908,0.20630685175755561,-0.2673520175784389,0.6780900245963846,ict_liquidity_sellside_pool_formed,60,-0.049430947789278534,-0.05153524962316029,-0.047364630213164505,percentile_bootstrap_subsample_20000,10000,-0.06229919122753792,-0.036562704351019146,1.4022344509869232e-13,0.0,0.006565550917394089,3763,-0.32628059736182774,-0.33978676219416337,-0.31283582122652726,1.0,0.0,-0.5835394056093448,-0.09395219070700496,1.0,-0.007689308611603586,-0.04087028049281053,0.0006420851453537732,-11.975527961119495,-1,495,1.6452884224913232e-11,True,1.0,False,1.0,False,False,False,not_significant
32200,0.6196583850931677,0.0341344121025232,0.03374401626361878,0.1453563904358152,1.950074057725301,30.256292815829468,1.9683592907922296,0.4812635195340514,0.8123722147710645,0.0341344121025232,-0.9927966563577986,-0.3235250870065822,0.10695159961150094,0.10618119048641617,1.2078680477351806,0.11898885630538933,-0.08780758771602712,0.09323763113111982,-0.06296655015046015,0.23620181222284925,-0.19450686932727523,1.350224433182369,ict_ob_bullish_formed,60,0.03349429938838168,0.031501185738461814,0.03545804853061588,percentile_bootstrap_subsample_20000,10000,0.022064788423044157,0.0449238103537192,4.814415674288261e-09,0.0,0.005831490254585044,3654,0.2313289634791883,0.21764774046574883,0.24497138683819006,1.0,2.0255903875554115e-37,-0.07128492171210145,-0.011258189500067642,1.0,-0.008717949832869297,0.0428523619353925,0.0008210094869008758,-10.61857380695755,1,496,3.024786854923093e-08,True,1.0,False,1.0,False,False,False,not_significant
79940,0.6128721541155867,0.03323657681914266,0.031377154356458936,0.14128290666926874,1.3318770546870757,15.467692926694838,1.9529194680821302,0.4821157411378047,0.8171737182769696,0.033236576819142674,-0.999976698905324,-0.5092456589329106,0.1038588898061082,0.10385646978028389,1.233145891547543,0.11647763096282956,-0.08790210945339821,0.0902207816364321,-0.06405451461122108,0.233929727570564,-0.19321737135704556,1.320935183060919,ict_bos_bullish,60,0.033574586297760785,0.03161829371082082,0.03561003596357864,percentile_bootstrap_subsample_20000,10000,0.02194098929341478,0.04520818330210679,2.149530678500063e-08,0.0,0.005935617697236278,3838,0.2342008806062638,0.2212595907975638,0.2478231280646453,1.0,2.763215712143126e-89,-0.07788677229400318,-0.012156024783448183,1.0,-0.009864771598563062,0.04310134841770572,0.0005139336146439827,-19.19464171534428,1,496,9.95572103726345e-08,True,1.0,False,1.0,False,False,False,not_significant
31673,0.6145928708995043,0.03325510659325545,0.031256326878958074,0.1433336490988113,1.823688438081375,23.39372206598442,1.9532332766727079,0.475482822240731,0.8248526874869445,0.03325510659325546,-0.9968079051941234,-0.38460901023139143,0.10403852563739457,0.1037064248000964,1.2248596839794383,0.11674848088586387,-0.08733111312681831,0.08992035464406878,-0.06396920211708579,0.23455554215315114,-0.19100102564237675,1.3322993225989708,smc_internal_bos_bullish,60,0.032983318450776684,0.031072982737144737,0.034970768502085026,percentile_bootstrap_subsample_20000,10000,0.021322816644483957,0.04464382025706941,2.2745047392125867e-08,0.0,0.00594934488913711,3587,0.23033090501666525,0.21733466961374015,0.24360303622315083,1.0,1.3257004838330589e-43,-0.07730633054327504,-0.012137495009335392,1.0,-0.010003468239842418,0.04325857483309787,0.0008287127058068496,-12.07109311797369,1,496,1.0397735950686111e-07,True,1.0,False,1.0,False,False,False,not_significant
22106,0.35307156428119063,-0.052139123950982524,-0.04738666852183948,0.16309314233657332,-2.37746510770463,56.1173760381339,0.39935538890076183,-0.6551679959705755,-0.811150420220168,-0.05213912395098251,-1.0,-0.9994848317991171,-0.28579465129981985,-0.28579465129981985,0.7314778526233557,0.09768024214730336,-0.14295880699591007,0.06905049019095721,-0.11361827230327781,0.22086065407671457,-0.28819168391906336,0.6820777640282698,ict_ob_bearish_formed,60,-0.05260412847065175,-0.054898536739167864,-0.0503079076442685,percentile_bootstrap_subsample_20000,10000,-0.06777237294948452,-0.037435883991818984,1.615184567380474e-11,0.0,0.00773904238997898,3119,-0.3196221234256156,-0.33705102737275006,-0.30137194735912376,1.0,0.0,-0.5862436834341025,-0.09753172555357337,1.0,-0.01027208359638914,-0.041867040354593384,0.0010130116114229863,-10.140143983107809,-1,496,3.553406048237043e-10,True,1.0,False,1.0,False,False,False,not_significant
4539,0.6294337959903062,0.03131334666103849,0.03238636337290579,0.12898509611134473,0.7101553227182635,6.995522815954121,1.9689205853719272,0.49752464622130144,0.7886330090219471,0.03131334666103847,-0.8991867727589823,-0.25476968692522745,0.1125648042762373,0.10121678308339631,1.157783193358361,0.10811637435337568,-0.08173060541507675,0.08638353541675903,-0.05638949676484872,0.21254217021261243,-0.18794339557120457,1.3189144345616728,smc_swing_bos_bullish,60,0.03131334666103849,0.02760321209587929,0.035033577008342774,percentile_bootstrap_full,10000,0.018136796188466045,0.04448989713361093,3.196894869053656e-06,1.810114168719135e-58,0.00672285331392436,2130,0.2427671692705306,0.21459115923165814,0.2715149972173595,0.9999999999997371,5.257012880601047e-13,-0.09345359768657034,-0.014079254941552356,0.9999999812318258,-0.011749228670107317,0.043062575331145804,0.002135420726050695,-5.502067356926267,1,492,9.223827818908907e-06,True,1.0,False,1.0,False,False,False,not_significant
32341,0.3504529853746019,-0.05396218319985659,-0.04988940240322193,0.15692884279023459,-0.8250587629252037,7.115771952428545,0.3848738047205674,-0.7047115426852963,-0.9102905538551784,-0.05396218319985659,-1.0,-0.9997009392131205,-0.29024380629438773,-0.29024380629438773,0.7132084454337461,0.09492376439423407,-0.14161726743887512,0.06775476371828082,-0.11403858311131265,0.2153203335288424,-0.2846069462344174,0.6689282132528227,ict_liquidity_sellside_swept,60,-0.05470472140260495,-0.05689513051208455,-0.05250609064441709,percentile_bootstrap_subsample_20000,10000,-0.06948191003677169,-0.039927532768438204,8.231544622928731e-13,0.0,0.007539520437195142,3669,-0.3482697721021657,-0.361949219818174,-0.3346831199426907,1.0,0.0,-0.6081360228437599,-0.09935478480244744,1.0,-0.013191666114004096,-0.0407705170858525,0.0008166851247356369,-16.152695469106618,-1,495,2.636699256609244e-11,True,1.0,False,1.0,False,False,False,not_significant
16261,0.3424758624930816,-0.058103076002178435,-0.05276142649955751,0.16821123072814445,-2.558713784961353,62.9841185953874,0.3698464643454881,-0.7078948968720845,-0.8725392768926111,-0.05810307600217842,-1.0,-0.9993546883896945,-0.3128964406234409,-0.3128964406234409,0.7098740990104009,0.09790950016936625,-0.15231376238307073,0.06938641171444715,-0.12143897519748048,0.22148611666039875,-0.3051495359670102,0.6418497292245651,smc_internal_bos_bearish,60,-0.058103076002178435,-0.060664140860578225,-0.055576481944596905,percentile_bootstrap_full,10000,-0.0737706133101896,-0.042435538694167274,3.6342520506767013e-13,0.0,0.007993788308362377,2888,-0.3454173407486808,-0.36602960676019414,-0.32316053244893495,1.0,0.0,-0.6127774238603249,-0.10349567760476927,1.0,-0.0160506811936338,-0.042052394808544634,0.0012084440859100986,-13.282104965200583,-1,495,2.0466960278606765e-11,True,1.0,False,1.0,False,False,False,not_significant
41757,0.3485882606509088,-0.05881545999135823,-0.05130175284757077,0.1709547250851907,-1.9442734217799147,31.164693679236336,0.36994631672018935,-0.7050745424069272,-0.8572989017038409,-0.058815459991358225,-1.0,-0.9997013221342991,-0.32902319746140324,-0.32902319746140324,0.6911459286128627,0.09780762466038587,-0.1522913809988856,0.06880013720607236,-0.1191958941919733,0.22168706718605852,-0.3056463317429443,0.6408640402862853,ict_bos_bearish,60,-0.05884096546519595,-0.06125333236209854,-0.056472875326277,percentile_bootstrap_subsample_20000,10000,-0.07631970738372779,-0.04136222354666411,4.246198309463822e-11,0.0,0.008917889266604815,3549,-0.3475487924102462,-0.3623700123265055,-0.33311414351493956,1.0,0.0,-0.6120245099477255,-0.10420806159394908,1.0,-0.016734110633417218,-0.042081349357941014,0.0007446096270591129,-22.473669457524668,-1,496,6.93526898510057e-10,True,1.0,False,1.0,False,False,False,not_significant
66537,0.3407126861746096,-0.061396167061166206,-0.05241829812941545,0.17297401097274606,-2.142579460713862,28.100561015506894,0.3489306548241007,-0.7274196829413013,-0.8581600658359995,-0.061396167061166206,-1.0,-0.9998708129037642,-0.35972578895561413,-0.35972578895561413,0.6749891899715973,0.09905756186707765,-0.15558805712558,0.07017850598937903,-0.11935520579267012,0.22307937259190616,-0.3097331915052906,0.6355716809075737,smc_fvg_bearish_formed,60,-0.0624514728347919,-0.06480042510271779,-0.06012785460511498,percentile_bootstrap_subsample_20000,10000,-0.07912033326517992,-0.04578261240440388,5.23302961668923e-13,0.0,0.008504676836099043,3724,-0.36925829103776364,-0.3827680879553436,-0.35592057254363124,1.0,0.0,-0.6234585967443199,-0.10678876866375706,1.0,-0.019918828218640466,-0.04147733884252574,0.0005666177665904218,-35.153906907120934,-1,496,2.0466960278606765e-11,True,1.0,False,1.0,False,False,False,not_significant
1224,0.3472222222222222,-0.06579627196821415,-0.05680675619205433,0.19303260089396898,-1.1728444631811663,8.831364466640045,0.377232673271969,-0.6985464178792432,-0.8705903675185097,-0.06579627196821415,-1.0,-0.9927186563043938,-0.4207871814619728,-0.4207871814619728,0.7091974257513018,0.11372238444439407,-0.1721953854722313,0.084242679073596,-0.1399601916929346,0.2556693877418922,-0.3385398339039975,0.6592804339328916,smc_swing_bos_bearish,60,-0.06579627196821415,-0.07685461102754136,-0.05518863815590026,percentile_bootstrap_full,10000,-0.0889603800944022,-0.0426321638420261,2.5892282085781854e-08,4.3009335664347905e-31,0.011818639590414952,650,-0.34085575008314495,-0.39633313866618275,-0.2884260562172961,1.0,4.922415080066088e-78,-0.6119897266108902,-0.111188873570805,0.9999999897007147,-0.025967321124503742,-0.03982895084371041,0.004631317351173894,-5.606897380487614,-1,443,1.1536814296449637e-07,True,1.0,False,1.0,False,False,False,not_significant
20264,0.3313264903276747,-0.07005950786094624,-0.057855969968459875,0.18268027959707336,-1.3831672093876433,9.24913714731693,0.3231055752161101,-0.7859593047721355,-0.932710067717565,-0.07005950786094622,-1.0,-0.9993261466003168,-0.40933469650672233,-0.40933469650672233,0.6518898006966677,0.10742049172498037,-0.1617277093593507,0.07484059310124819,-0.12222665766987051,0.2450361301243485,-0.3289749899802874,0.6628311744182018,ict_ob_bullish_mitigated,60,-0.07020331519856565,-0.0727025252560399,-0.06764982050908146,percentile_bootstrap_subsample_20000,10000,-0.0995387915195278,-0.040867838877603514,2.8572835581013373e-06,0.0,0.014967354666188837,2974,-0.3846952130778997,-0.3976681953882245,-0.3717877017798551,1.0,0.0,-0.6550438284593497,-0.11545210946353708,1.0,-0.028573413424772244,-0.041486094436173994,0.0010512808991056735,-27.17961816777961,-1,496,8.45179674329135e-06,True,1.0,False,1.0,False,False,False,not_significant
3838,0.3272537780093799,-0.07122606031528733,-0.06429456317929572,0.18140949743937784,-0.9088252542627399,6.492212304860374,0.33163927120376263,-0.8046435755635278,-1.0189308896586249,-0.07122606031528733,-1.0,-0.998088922390727,-0.3964805045536497,-0.3964805045536497,0.6817616228090088,0.11573976795769343,-0.1660316812466189,0.08194494646517503,-0.13370878041630463,0.25990209025933014,-0.3335524409632091,0.695026669466196,smc_swing_ob_bearish_formed,60,-0.07122606031528733,-0.0769559037132921,-0.06539042220124207,percentile_bootstrap_full,10000,-0.09745300515456223,-0.04499911547601244,1.0218781139288377e-07,1.1574182522002512e-121,0.013381340085468353,1376,-0.39262586204500766,-0.4236686831952371,-0.36151511876679393,1.0,1.773272952895201e-288,-0.6641401061007194,-0.11661866191787817,1.0,-0.03051692148572499,-0.04070913882956234,0.002483450984336377,-12.288111051195022,-1,493,4.087512455715351e-07,True,1.0,False,1.0,False,False,False,not_significant
2614,0.3179035960214231,-0.07376854728423055,-0.06645558409645547,0.17568355072033348,-0.7511567939693568,4.845841220935086,0.3105588506200323,-0.8605275439829615,-1.0975242862793224,-0.07376854728423052,-1.0,-0.9972546769839047,-0.3847508839459226,-0.3847508839459226,0.6663374616793232,0.1166844035431098,-0.1631455397117491,0.08090800254515046,-0.13243743600330582,0.26354634315591513,-0.32984364428707896,0.7126607136706329,smc_swing_choch_bearish,60,-0.07376854728423055,-0.08053158367367637,-0.06707714144537326,percentile_bootstrap_full,10000,-0.10576041879561551,-0.04177667577284557,6.2018491650268925e-06,2.719754715957163e-94,0.016322683228561837,1051,-0.4198944464735971,-0.4578346922953039,-0.38233552311210584,1.0,5.009849095742311e-216,-0.6901579143584252,-0.11916114888682139,1.0,-0.03264726228225702,-0.041121285001973526,0.002933624462256756,-11.128644004128049,-1,492,1.6538264440071714e-05,True,1.0,False,1.0,False,False,False,not_significant
