n_trades,win_rate,avg_return,median_return,std_return,skewness,kurtosis,profit_factor,sharpe,sortino,expectancy,max_drawdown,avg_drawdown,calmar,cagr_annualized,reward_risk_ratio,ticker,signal_frequency,baseline_avg_return,excess_return_vs_baseline,p_value_vs_baseline,effect_size_vs_baseline,eligible,p_adjusted_vs_baseline,significant_vs_baseline
771,0.5265888456549935,0.002250327167983124,0.004343012984585615,0.0517919342351362,-0.2572287154142078,1.5433460057092105,1.1222240330895512,0.21811413099893395,0.3170039086756356,0.0022503271679831273,-0.8348485936309031,-0.3403959623670512,0.027291346394377768,0.0227841421556401,0.9784909056987713,KVUE,771,-0.004481892612646148,0.0067322197806292715,0.01388568233965033,0.1276542837904999,True,0.9999999999852733,False
5021,0.5012945628360884,-0.0006158413810400749,0.0004480388660543788,0.08526139708972301,0.23806022859514292,6.754810058535707,0.9795627030104587,-0.03625907271912694,-0.052172418360237914,-0.0006158413810400803,-0.9999999999514612,-0.9667426550130531,-0.10377270054525983,-0.10377270054022282,0.9671089856897058,WBD,5021,-0.0028650648687953595,0.002249223487755285,0.25192828040824145,0.028820902492892878,True,0.9999999999852733,False
5005,0.4975024975024975,0.0013871046560928865,-0.0004379042973258196,0.09287502233242632,0.6909490459066298,6.485461125124907,1.0449784345403996,0.07497398046710514,0.11373984528851498,0.0013871046560928815,-0.9999998338926973,-0.9446967301526558,-0.07036891595860774,-0.07036890426981691,1.0521128254589485,CCL,5005,-8.336926959988453e-05,0.001470473925692771,0.36108699850318315,0.016291932577437634,True,0.9999999999852733,False
4932,0.49168694241686944,-0.0009075610993579725,-0.0006234838744215709,0.05696317267055277,0.36859192161161003,6.510120455069551,0.9553290406084836,-0.0799801055178236,-0.11714359836775945,-0.0009075610993579709,-0.999998643365263,-0.9340811711375283,-0.06187569655160244,-0.06187561260888312,0.9872390003154061,BXP,4932,-0.0018490084088182254,0.000941447309460253,0.3558094195573569,0.016977884873062718,True,0.9999999999852733,False
2656,0.5015060240963856,0.0010689947083511054,0.0004803017199369597,0.07607879116617096,0.49418528560311453,4.258544410132148,1.0401394366627812,0.07053622651024857,0.10810748318322727,0.0010689947083511071,-0.9995638276687142,-0.9168488687074632,-0.044422494685626576,-0.04440311882255801,1.0315496965702207,IR,2656,0.0008990370732472712,0.0001699576351038342,0.4809776427873649,0.0022895658171931867,True,0.9999999999852733,False
2998,0.49799866577718477,-0.0001837271905792878,-0.00016539311129171175,0.04913394681441048,-0.19420465401676099,4.225218966945928,0.9899139142691936,-0.01877120070069532,-0.026928581392089472,-0.00018372719057928658,-0.9957957079507984,-0.8483048317944563,-0.03505187660498643,-0.03490450827886649,0.9952182085184592,KHC,2998,0.000533032811018864,-0.0007167600015981517,0.6170576747252008,-0.014478704463875388,True,0.9999999999852733,False
4587,0.5315020710704164,0.002161781499011369,0.0032470287364270156,0.06268803145964112,0.5339660910757223,11.209330801561377,1.1109303983512648,0.1731121036226662,0.24212763017488162,0.002161781499011365,-0.9956969740470146,-0.6482656673013394,0.004786720848350646,0.004766123464310497,0.9787852730346666,WELL,4587,0.003017388453649152,-0.000855606954637783,0.6253547918991516,-0.01439728457132374,True,0.9999999999852733,False
3323,0.5157989768281673,0.0031951527151884936,0.0029217139615158594,0.07423283581828734,0.5060819681132864,4.773954465892399,1.1292450455338476,0.21607068025911,0.3343072646140295,0.003195152715188502,-0.9774025365377793,-0.7264435814061443,0.012096149099194363,0.011822806811891745,1.0541377321202778,CFG,3323,0.004110014039643621,-0.0009148613244551276,0.6027845370035659,-0.012451005423461618,True,0.9999999999852733,False
1992,0.5200803212851406,0.0033877300680813212,0.0027691967507115223,0.07906159008158582,0.32409538565312535,4.77852165403147,1.1308670235875986,0.21510154240963264,0.32217013396844263,0.003387730068081324,-0.990197753469636,-0.706489979694811,0.0064628802330210225,0.0063995294876807345,1.042449814214437,DOW,1992,0.004421146419521327,-0.0010334163514400061,0.6087930756440703,-0.01354924989034317,True,0.9999999999852733,False
4539,0.4840273187926856,-0.0006926654646198033,-0.0016953622653465006,0.05703873525576187,0.025204328487270323,2.4309054530292213,0.9673891838661158,-0.06096125765160622,-0.09000232789291009,-0.000692665464619803,-0.9999953842603978,-0.90504935131883,-0.057140634554712064,-0.057140370808422256,1.0294746981697673,BG,4539,0.00044687755254314057,-0.0011395430171629438,0.6668357806694284,-0.020169996263099867,True,0.9999999999852733,False
4723,0.514926953207707,0.0025223638038687013,0.001962067740388651,0.06959109690065145,0.3165712963889595,3.003770442295357,1.104624629819403,0.1819509443933157,0.2771686271994975,0.0025223638038687005,-0.9984341734401277,-0.84947000245719,0.0028661281656414627,0.0028616403060357032,1.0342229778366696,NTAP,4723,0.003686936148028524,-0.0011645723441598226,0.6359464589947155,-0.016531054510497984,True,0.9999999999852733,False
4851,0.5168006596578025,0.0030411389058603365,0.0021301475984780716,0.07610890839555913,0.5517563388603896,5.244759172611747,1.1183631300480243,0.20058619244256942,0.31480572132592605,0.0030411389058603334,-0.9983856314948004,-0.8770904312494843,0.004393292337467737,0.004386199944683995,1.044311163718558,SLB,4851,0.00424325324674663,-0.0012021143408862934,0.635417436795579,-0.01605158361141171,True,0.9999999999852733,False
4589,0.49989104380039223,-2.7086343518237423e-05,0.0,0.05970305840469619,-0.06927299188898516,2.2105099176050302,0.998779250175386,-0.0022774773847998074,-0.003346206378336083,-2.7086343518240713e-05,-0.999994598954406,-0.9350619042749153,-0.04509922453720616,-0.045098980954238185,0.9979084748918852,TECH,4589,0.0012427744438759547,-0.0012698607873941922,0.6848911275724718,-0.022040146565432565,True,0.9999999999852733,False
4814,0.5002077274615704,2.1234330140700324e-05,0.0001688353000013354,0.06368453386086152,0.3122205290518544,4.722528608133844,1.0009405752928373,0.0016738050018015457,0.0024680624156375604,2.123433014069795e-05,-0.9999779783577146,-0.9217356309518241,-0.04940182945029259,-0.04940074154087619,0.9980308643181488,MET,4814,0.001429447065660748,-0.0014082127355200477,0.6780679171720873,-0.021922853928002053,True,0.9999999999852733,False
4716,0.5010602205258694,-1.3234040185350227e-06,0.00020190263004837838,0.036785841081542134,0.10133460100358495,2.4694208734956886,0.9999045374584419,-0.00018059762267907834,-0.0002784002355880118,-1.3234040185331614e-06,-0.9980680971215501,-0.8844176697434906,-0.016987141004358094,-0.01695432349775514,0.9905952273339874,VZ,4716,0.0015775195598112593,-0.0015788429638297944,0.827250517451305,-0.043741963719777364,True,0.9999999999852733,False
5198,0.5107733743747596,0.0006572599885199976,0.0018277315095238666,0.06968872352154444,0.14405664372346821,2.247626284885726,1.0260631364517518,0.0473450909972478,0.07164556634962342,0.0006572599885200092,-0.9999874209172667,-0.9134961095868115,-0.043929999686456424,-0.04392944708735589,0.9820061882199254,MCHP,5198,0.002277702868261011,-0.0016204428797410137,0.693459384004826,-0.023512215972427735,True,0.9999999999852733,False
4454,0.5105523125280647,0.0021282208764959194,0.0024003184236107145,0.07113436689741995,0.1405130900609286,2.0351888300546506,1.0840433372515934,0.15018878322770582,0.22940624531258919,0.002128220876495921,-0.9919111661446428,-0.8891049446323742,-0.010307711190459536,-0.010224333827210903,1.0325584294137868,VTRS,4454,0.0038249427457763656,-0.0016967218692804462,0.6977336971062243,-0.02419676790869872,True,0.9999999999852733,False
4903,0.4886803997552519,-0.0026839817863860576,-0.0022360314092801925,0.07400257594255912,0.5239209627298669,5.659857741010484,0.9052025211066462,-0.18206773837368226,-0.27997615260113784,-0.0026839817863860624,-0.9999999999997442,-0.9478015157219437,-0.12786727333277223,-0.12786727333273953,0.9467602328435957,EOG,4903,-0.0009519829736887657,-0.001731998812697292,0.7087212900407933,-0.02467869927279801,True,0.9999999999852733,False
4961,0.49526305180407176,0.0008558701244839751,-0.0009375255796952864,0.09489419948500703,0.3893519507936965,5.322679215347353,1.0257331417172686,0.045276043737970874,0.06840020381692659,0.0008558701244839664,-0.999999999085143,-0.954613867385826,-0.0889663391059917,-0.08896633902460023,1.0428495677695306,DVN,4961,0.002940117547981854,-0.0020842474234978787,0.691706894090323,-0.022783620881093473,True,0.9999999999852733,False
4502,0.5048867170146601,0.001007645846933663,0.0005556075289945284,0.05700057176491021,0.04971204168667013,4.240072991790706,1.0505269558593753,0.08874195204667672,0.13169128451140874,0.00100764584693366,-0.9997303816160037,-0.9079378285617165,-0.015789748709604905,-0.015785491503074112,1.028804665087096,DG,4502,0.0031368818635994903,-0.002129236016665827,0.787381430622437,-0.03751582308778008,True,0.9999999999852733,False
4787,0.4973887612283267,0.0001568464690304757,0.0,0.07938872432505885,0.30825724117142705,2.848668561682487,1.0052946117531578,0.009917819341963579,0.016114385173836957,0.00015684646903047633,-0.9999994593583194,-0.9556078297148981,-0.07281261707346294,-0.07281257770792728,1.0103611952647236,MOS,4787,0.002313628825311114,-0.002156782356280638,0.7132997527227296,-0.026807312759908195,True,0.9999999999852733,False
4536,0.5048500881834215,-3.1680192745557834e-06,0.00038776918874494637,0.06219357878805244,-0.06350113922753013,2.120044891453561,0.9998616851994194,-0.0002557069532219442,-0.0003725011907250274,-3.168019274558953e-06,-0.9999929720353584,-0.921043116754004,-0.04823565539372604,-0.04823531639524547,0.9784672648610913,DLTR,4536,0.0021723047602874896,-0.0021754727795620455,0.7613517534259767,-0.034157242346528,True,0.9999999999852733,False
4745,0.4927291886195996,-0.00041647785438260785,-0.0005133668834917948,0.042675311150903186,0.08735866087392558,3.496990655295635,0.9738835149507787,-0.04899090785299166,-0.07444367370165293,-0.00041647785438260476,-0.999511066826502,-0.9169373053938423,-0.033003125461432546,-0.032986989138565334,1.0022086129048648,MDT,4745,0.00183798532836924,-0.002254463182751848,0.8770582758902966,-0.05379237300625571,True,0.9999999999852733,False
4618,0.5023819835426592,1.2780271989279733e-05,0.00028005985411361234,0.04853496612534045,0.015309674971629057,2.3649999974287645,1.0007066612617235,0.0013218605333791377,0.0020090788293352507,1.2780271989278752e-05,-0.9996272524330669,-0.8975594067822381,-0.0291104963047577,-0.02909964543808789,0.9877664889178218,BMY,4618,0.0023322223841745243,-0.0023194421121852447,0.8659967462067628,-0.05013078901785077,True,0.9999999999852733,False
4989,0.5205451994387653,0.003097346474951866,0.0026737302877692937,0.10194807793564821,0.49573339909031966,6.934613322797681,1.0930567910590354,0.15251445852000564,0.22168033432087583,0.0030973464749518773,-0.9999998132344948,-0.9361070157106165,-0.05305957220976155,-0.05305956230006374,1.0055112336696326,RCL,4989,0.0054491322541026345,-0.0023517857791507685,0.6891564989259806,-0.023129994890709105,True,0.9999999999852733,False
2000,0.4965,0.0013580175125293195,-0.0002768592580239537,0.06095202256603629,0.40831909152443263,2.549035344574353,1.062202243373726,0.11184524354402306,0.18340236081305278,0.0013580175125293206,-0.9639448097067812,-0.7932122004863847,-0.012532754678478477,-0.012080883823647706,1.0750385242604175,FOX,2000,0.00371810444355466,-0.00236008693102534,0.7751484519192114,-0.03820632157964202,True,0.9999999999852733,False
4383,0.511521788729181,0.0031492216936457092,0.0032924457005072405,0.08230265056745598,0.0984472696611441,1.6864015013738474,1.1082548039893843,0.19208333298630112,0.29729677029741,0.0031492216936457075,-0.9989742153885394,-0.8939714017604661,-0.006467851338873828,-0.006461216716501196,1.0568460173636502,INCY,4383,0.005509429162163366,-0.0023602074685176565,0.7270266806750634,-0.028603303154705332,True,0.9999999999852733,False
4462,0.5141192290452712,0.001272584462663269,0.001819336742312161,0.06803802710464768,-0.06939085282892558,1.1577126934179445,1.050935422509111,0.09389342362862003,0.14163394621461528,0.0012725844626632656,-0.9999842612463701,-0.965171374501343,-0.026526570309960213,-0.026526152814805457,0.99229560817556,FFIV,4462,0.0036405964974440515,-0.0023680120347807825,0.783822088431178,-0.036001946421554666,True,0.9999999999852733,False
4560,0.48793859649122806,-0.00016324935562620185,-0.0007920733053222717,0.04774339468093198,0.290519792077681,8.23357520970983,0.9903839208391593,-0.01716478827565714,-0.025272238125739383,-0.00016324935562619936,-0.9992280564218685,-0.907790741100302,-0.03244508122088188,-0.03242003544879147,1.0348955577308068,LH,4560,0.002219299816029701,-0.002382549171655903,0.8426356708048024,-0.04846754333887057,True,0.9999999999852733,False
3651,0.4847986852917009,0.0006813952964794217,-0.0014451814112360628,0.06403601620310423,0.6045225212102954,4.4056388957241195,1.0300758962146341,0.05341645910868182,0.08729186607167512,0.0006813952964794187,-0.999733024993202,-0.898475388239768,-0.033284932893022486,-0.0332760466478371,1.093509948580394,IQV,3651,0.0031021257858505225,-0.0024207304893711008,0.7925778752994183,-0.03843752700294534,True,0.9999999999852733,False
4768,0.5153104026845637,-0.00039883927744004436,0.00241651673597143,0.06319916171128548,-0.09813174539130562,1.7355910251704483,0.9830060328925065,-0.03168012404692053,-0.04540094977826551,-0.00039883927744003775,-0.999999679989439,-0.9361653012154417,-0.05927821894874907,-0.05927819997909297,0.9225933707163697,EL,4768,0.002086680849571887,-0.002485520127011931,0.8064161129101123,-0.040057795607844934,True,0.9999999999852733,False
4748,0.508424599831508,-0.0007357367870802167,0.0007694665573261261,0.04806732451512793,-0.16702359199669853,1.5943545517770534,0.9597506971889221,-0.07683742326122991,-0.11050687279868758,-0.0007357367870802212,-0.9999495900466604,-0.9206912985828816,-0.04688109698671396,-0.04687873371280235,0.9219808893045197,BAX,4748,0.0017686203122185792,-0.0025043570992987958,0.8593981216860223,-0.05131955239398006,True,0.9999999999852733,False
3629,0.5166712593000826,-0.0008506297109745887,0.002186974710821077,0.05078507823269137,-0.17126019551216132,1.801887430098656,0.9568361827655344,-0.08408232118424243,-0.12226177727439586,-0.0008506297109745868,-0.9999358018804094,-0.9152739774570581,-0.05293505077266175,-0.052931652441941715,0.8940677291761154,ALLE,3629,0.0016609356049299224,-0.002511565315904511,0.8511727285642299,-0.04960596070750478,True,0.9999999999852733,False
5023,0.5010949631694207,-0.0004263258175424853,0.00020458513859566985,0.05805029175418506,0.041012285893540015,1.3396076827870642,0.9807759421492068,-0.03686697438086955,-0.05735086978679617,-0.00042632581754248333,-0.9999870653219931,-0.8501701034224475,-0.05208220354788567,-0.05208152988135289,0.971813746412444,BEN,5023,0.0021091185731156705,-0.0025354443906581555,0.8423874545602584,-0.0455004694186389,True,0.9999999999852733,False
4907,0.4909313226003668,0.0026384734253440518,0.0,0.07393508429109824,0.18111835338837684,2.231828956434237,1.1034025180484488,0.17914406405757682,0.2735613009055365,0.0026384734253440505,-0.9994418814598243,-0.9055503113725932,-0.00246018460765633,-0.002458811533014542,1.1235559886977355,F,4907,0.005176926042096494,-0.002538452616752442,0.7823660056442259,-0.035586587156211984,True,0.9999999999852733,False
4773,0.5114183951393254,-0.00011270237164423403,0.0013415103124679861,0.04366460245486692,-0.0903865727554067,5.03455046194936,0.9930243856832686,-0.012956980796669269,-0.018556510380551228,-0.000112702371644232,-0.9993869970039561,-0.8874435181310577,-0.02676838048366144,-0.02675197138622571,0.9450207488497473,PAYX,4773,0.0024452176304155726,-0.0025579200020598067,0.8947981588486464,-0.05883402616736576,True,0.9999999999852733,False
4221,0.5164652925846955,0.0006136639055236031,0.0015471978545187337,0.05301749228560666,0.09902625506258998,2.466814565647196,1.0323127818647153,0.058104754187074496,0.08585593146307899,0.000613663905523601,-0.9983742021205233,-0.9096253383260279,-0.01988647598610677,-0.01985414459561829,0.9655439276248414,XYL,4221,0.0031922809820688685,-0.0025786170765452654,0.8451113478839133,-0.048346261795721164,True,0.9999999999852733,False
4761,0.5087166561646713,0.0023629971592442844,0.0008550852894844141,0.06616363377406845,0.2809719391178684,3.399461869350903,1.1045628104489096,0.179285068232887,0.27357054093261746,0.0023629971592442865,-0.9950753325315248,-0.8012448422100871,0.004534549170091589,0.004512218023309438,1.0644300576332597,GE,4761,0.005079348021335817,-0.0027163508620915325,0.8301831557674093,-0.04308219887593038,True,0.9999999999852733,False
4784,0.4931020066889632,-0.0017232750084196881,-0.0009005217252807118,0.05374262380993798,-0.106963679464334,1.9793555793260111,0.9172305112264886,-0.16096668291100202,-0.2326526535996429,-0.0017232750084196884,-0.9999999612528144,-0.9274944989455809,-0.07723899093958694,-0.07723898794679343,0.9421151033072411,IFF,4784,0.001057668601301616,-0.002780943609721304,0.8772638199031252,-0.05330971263600152,True,0.9999999999852733,False
4684,0.49487617421007685,-0.0014387824016520658,-0.0003836754321355773,0.06428748168553654,-0.4839397470468878,12.542598074463248,0.9366647052693969,-0.1123489386221023,-0.14933377053119654,-0.0014387824016520653,-0.999999997204804,-0.9370232206892017,-0.08796296727752609,-0.08796296703165236,0.9544443631778755,HAS,4684,0.001410259907001932,-0.0028490423086539977,0.8329678241530387,-0.04497235311391617,True,0.9999999999852733,False
4766,0.5079731430969366,-0.0006415166776252625,0.0008896604360957294,0.08808900117205991,-0.4578388838848365,7.269615440981422,0.978803689504094,-0.036558345767297315,-0.047081781940869455,-0.0006415166776252666,-0.9999999999953771,-0.9602029117560409,-0.11482545960696322,-0.1148254596064324,0.9444384215950283,PSKY,4766,0.00221258108956668,-0.0028540977671919427,0.7638488411137365,-0.03318713578978815,True,0.9999999999852733,False
5045,0.5117938553022795,0.002112791654625612,0.0032111317099363657,0.10940360480734371,-0.12807614852327287,14.474011593238291,1.0592760619302335,0.09694497680946884,0.13375528920394855,0.0021127916546256134,-0.999999999999999,-0.9397141065948401,-0.14565549288846497,-0.14565549288846483,1.0079943006051835,APA,5045,0.004992214962978403,-0.0028794233083527907,0.7242863241607018,-0.027187146010547433,True,0.9999999999852733,False
4476,0.5051385165326184,-0.0005422254426135698,0.0006622578494479558,0.044421347208915406,-0.14784719526609097,1.4503360226225865,0.968049992047329,-0.06127572192769569,-0.0901491754093352,-0.0005422254426135642,-0.9998788564740014,-0.8990363029995254,-0.0380373239545759,-0.038032715979032496,0.9445016729130508,PFE,4476,0.0023591221936349687,-0.0029013476362485385,0.9242715739165841,-0.06668299252733102,True,0.9999999999852733,False
4798,0.4870779491454773,-0.0017960737782222829,-0.0009571876898845089,0.03902985475584606,-0.3392953085273138,6.828558155670255,0.883101326001538,-0.23100825934580724,-0.32611692026771033,-0.0017960737782222822,-0.9999986349838392,-0.9080021948745414,-0.06283147358543043,-0.06283138781945358,0.92693519584158,PNW,4798,0.001118624522346285,-0.0029146983005685677,0.9344901839601643,-0.0726930422153097,True,0.9999999999852733,False
4738,0.4909244406922752,-0.0012715228287095478,-0.0009700604656029954,0.04222724250384821,0.4615112715518906,10.314725877362264,0.917739615760187,-0.15115819937944538,-0.2192456316118307,-0.001271522828709553,-0.999976606713766,-0.8859919412461053,-0.05308183454658233,-0.053080592788032954,0.9500932909503569,PPL,4738,0.0016590582033519867,-0.0029305810320615347,0.940375614038173,-0.07150607398905284,True,0.9999999999852733,False
4419,0.5148223579995475,0.00038036586548838573,0.0018029271162518512,0.0652620210343851,-0.14951562148508066,2.629824405811295,1.0158789458842614,0.02925777443617606,0.04237446607090634,0.0003803658654883864,-0.9999973800578845,-0.9283727175500707,-0.04407354980292208,-0.04407343433277277,0.9569356400131745,CHTR,4419,0.0033273468561235086,-0.0029469809906351226,0.8345357519349703,-0.045571070876937556,True,0.9999999999852733,False
1933,0.5245732022762545,-0.0003945603215780063,0.0045594981272203405,0.09933458748916608,-0.37760390994479676,2.7787164674924103,0.989327373426186,-0.01993945054576797,-0.027628411311594547,-0.0003945603215780094,-0.9999915315379104,-0.9259646974725031,-0.1328490660818762,-0.13284794105459644,0.8888335672497588,UBER,1933,0.002607632546694221,-0.0030021928682722274,0.7360753183943085,-0.03114946535334253,True,0.9999999999852733,False
4783,0.5132761864938323,0.0010487646635713216,0.0017429222768110542,0.052210263786295064,-0.2544863868849904,1.9258440809327153,1.0553675244778151,0.10083758337362526,0.14340328100691332,0.00104876466357132,-0.9936338075592824,-0.8063038418103583,-0.008417888735483287,-0.008364298835848652,0.998622712571065,ARE,4783,0.004065201073029391,-0.003016436409458069,0.9096889236921927,-0.06051726107988406,True,0.9999999999852733,False
4909,0.48828682012629865,-0.001612224653140404,-0.0008283035488888535,0.03230660912405868,-0.5108177075532253,3.1361318238423674,0.8756983089946765,-0.250515412972418,-0.34763712647769823,-0.0016122246531404018,-0.9999861276668139,-0.8943668968407442,-0.05260924511926354,-0.05260851530628658,0.9162500454562573,PG,4909,0.0014411734202526214,-0.0030533980733930253,0.9818024021360495,-0.09671189819105865,True,0.9999999999852733,False
4705,0.481615302869288,-0.0015763080200642983,-0.001983359973503296,0.06513110242426486,0.24794950636582838,4.197592567324076,0.9352767872534595,-0.12149346725028272,-0.1803935677056641,-0.001576308020064296,-0.9999999963892701,-0.9281110293358447,-0.08934013326448065,-0.08934013294189755,1.0050304399656549,UHS,4705,0.0015654965501998902,-0.0031418045702641885,0.8662926126015669,-0.05031916306940873,True,0.9999999999852733,False
4823,0.5052871656645241,0.0002767787114610827,0.0005713812984408095,0.04971389668152643,0.26107135747049603,4.3285204179740155,1.0156329726967281,0.027948284025116153,0.04076704491426816,0.0002767787114610794,-0.9998724599682098,-0.930348364482279,-0.023855361555117912,-0.023852319041546808,0.9906276471481832,UPS,4823,0.0035656472658725236,-0.0032888685544114407,0.9356453105767101,-0.06896697975194854,True,0.9999999999852733,False
4748,0.5221145745577085,0.0016606001535106735,0.0020593551697143386,0.052378464728184006,0.45222734722101926,8.720275627452022,1.0964482499890678,0.15915217550289965,0.23111513212528903,0.0016606001535106711,-0.9871165818686021,-0.7041688237648928,0.007494479811153196,0.007397925294068789,1.000912621914183,RTX,4748,0.004987546279360029,-0.003326946125849355,0.9173994181619435,-0.06449886398104744,True,0.9999999999852733,False
4635,0.4843581445523193,0.0001057952143986574,-0.0020981063730104443,0.054492352114398616,0.7380336100666637,5.078701373067691,1.005329122707043,0.009746097217473994,0.016346084677467516,0.00010579521439865389,-0.9995966610206112,-0.9190944260097372,-0.03357541420330271,-0.0335618719300054,1.068917868998535,ZBH,4635,0.0034597901183288236,-0.0033539949039301663,0.9009974539458233,-0.06105193520892057,True,0.9999999999852733,False
4649,0.4768767476876748,0.0009095342849564191,-0.0019454406360273069,0.08378557909642113,-0.23034946296537892,25.19090985801105,1.0405251343889874,0.054494173378659166,0.06902338784542826,0.0009095342849564196,-0.999999999999648,-0.9273963693864705,-0.13836454712993865,-0.13836454712988994,1.1343929859351298,PCG,4649,0.004270574529401781,-0.003361040244445362,0.7786955838898804,-0.03779580936328879,True,0.9999999999852733,False
4900,0.5055102040816326,9.66772701456751e-05,0.001049380956139212,0.06318092578989085,0.02108353546523409,4.3195833696853985,1.004326548729982,0.007681369628008637,0.010983578760762384,9.66772701456696e-05,-0.9999941896159439,-0.9208101933424186,-0.047421201412648106,-0.04742092587725549,0.982431662322465,FDX,4900,0.0034867402546708832,-0.003390062984525208,0.8978883358933517,-0.0567800330759677,True,0.9999999999852733,False
4083,0.4962037717364683,-1.6159037242357573e-05,-0.00041556597425862485,0.06816995682661824,0.31695573054498377,4.518787669872783,0.9993379430908627,-0.0011899336150974658,-0.001790072403278686,-1.6159037242360202e-05,-0.9999991691352261,-0.9193659802807103,-0.05740801130838012,-0.05740796361008579,1.0096963324318835,HCA,4083,0.0034073851915950304,-0.003423544228837388,0.8521540955628872,-0.04991355056034632,True,0.9999999999852733,False
4668,0.5126392459297343,0.0008870160894771084,0.0010110481192611154,0.05564702371456376,0.21472617936898347,2.883025732518945,1.0447709337975488,0.0800183933032711,0.12205511444960608,0.0008870160894771037,-0.9947638783857405,-0.8594197711985948,-0.01658322551176788,-0.016496393726231576,0.990633200495879,TGT,4668,0.00433141837313177,-0.003444402283654662,0.9030253622969915,-0.06153516513083359,True,0.9999999999852733,False
4551,0.49219951658976047,-0.0010039442661406246,-0.000405121642776729,0.05429012975640304,-0.2717568737814644,3.6042298649784072,0.9512785417273687,-0.09283013764566098,-0.1329694134520859,-0.001003944266140623,-0.9999987727869398,-0.9382074480623872,-0.061328839683040794,-0.06132876441948777,0.9737864715093109,TSN,4551,0.00250465294217281,-0.0035085972083134347,0.9136527107652024,-0.06452083714966428,True,0.9999999999852733,False
4636,0.5077653149266609,-0.00012228285294795004,0.0005720649961576396,0.03434534088641237,-0.625941265928497,5.816047076879576,0.9903115690443168,-0.01787302248601114,-0.024192075770240653,-0.00012228285294795145,-0.9950999049374268,-0.8721269727511524,-0.01816990314883235,-0.018080868896125323,0.9583388930683746,JNJ,4636,0.0034074042776771614,-0.0035296871306251115,0.9900201603444772,-0.10660003567837262,True,0.9999999999852733,False
4682,0.517086715079026,0.0013928446621872517,0.0037602094754247695,0.07156802521796178,-0.18327244534504716,1.6743315772165035,1.0528356979081808,0.09769760575125895,0.1426590949724734,0.0013928446621872537,-0.9997846871456888,-0.9342793135752763,-0.030196730314193322,-0.030190228569998506,0.9802113436947707,LUV,4682,0.004937393618967871,-0.003544548956780619,0.8546593392727241,-0.0496533655600601,True,0.9999999999852733,False
5032,0.4962241653418124,-0.0020672018562880516,-0.00023724068722208447,0.05370463842197277,0.02180657511219102,1.264130277552331,0.9059905763658564,-0.1932285788438293,-0.3044103233813198,-0.002067201856288052,-0.9999999979150134,-0.9194771383272026,-0.0849956248941048,-0.08499562471689005,0.9154241987068705,A,5032,0.0014833767635134244,-0.003550578619801476,0.9067168815772955,-0.06375808598114324,True,0.9999999999852733,False
3967,0.5419712629190824,0.0037953954594334783,0.004564070973294587,0.058914912531587815,-0.10271779367933918,1.9903015448438603,1.1931959628200235,0.32339408099038136,0.46557833014112565,0.0037953954594334705,-0.9865976471318946,-0.6545208109064985,0.05357342015640712,0.05285541027511968,1.0061694328338149,HII,3967,0.007354803425785832,-0.0035594079663523537,0.8863501111805152,-0.058633036683697626,True,0.9999999999852733,False
4643,0.5117381003661425,0.0013537072011004408,0.0013096268986590998,0.05374270108780036,-0.08348394440790684,1.5813000478720234,1.0683877953972618,0.12644612345870684,0.1922369034816804,0.0013537072011004375,-0.9993544074223042,-0.8776117109537154,-0.0025522543221269986,-0.002550606605680241,1.0153281321578356,PCAR,4643,0.0049384123305044785,-0.0035847051294040375,0.9429463990146764,-0.07071458514658262,True,0.9999999999852733,False
4880,0.48975409836065575,-0.0005394793081580605,-0.0008836896852916221,0.05867226443454952,0.3182605973609297,3.539142055466291,0.9744202525196118,-0.04615749297846985,-0.06961637515961282,-0.0005394793081580571,-0.9999987352146751,-0.9334352870760214,-0.055355425052037624,-0.055355355039308364,1.015190974382357,MTB,4880,0.003063333229142084,-0.0036028125373001444,0.9077742201700892,-0.06197304124924927,True,0.9999999999852733,False
4888,0.5114566284779051,0.002328790840885698,0.0019570339272890758,0.05939968217479783,0.12762979894260298,6.557617786124133,1.1151892583967562,0.19680976079913226,0.28830737755615166,0.002328790840885702,-0.9540288147951116,-0.6165043230448938,0.014605093023151166,0.013933679586849261,1.0603219468836358,WY,4888,0.005963590528430502,-0.003634799687544804,0.9150077197066215,-0.06295373175583056,True,0.9999999999852733,False
3548,0.4974633596392334,0.0010543254693488975,0.0,0.05856399777518401,0.2648863730467416,2.0658433227938175,1.049995448896698,0.09037415565931065,0.1426957519636076,0.0010543254693488983,-0.9877971161020814,-0.8009122054362774,-0.01654137321052033,-0.016339520753720208,1.0541597367960052,NWSA,3548,0.0047704368165720585,-0.003716111347223161,0.9189588958407857,-0.06536164986764398,True,0.9999999999852733,False
4827,0.48083695877356536,-0.002215392865176366,-0.0010440391901296309,0.039133053098402974,-0.12543780924876569,1.828985903726811,0.8618038578426545,-0.28418901771364774,-0.41734683937818534,-0.0022153928651763664,-0.9999997598030302,-0.9203127900442514,-0.07263111946741298,-0.07263110202163817,0.9275252205475876,MDLZ,4827,0.001510045120176636,-0.003725437985353002,0.9809507720694538,-0.09652241236437796,True,0.9999999999852733,False
4685,0.5007470651013874,-0.0016398556641246188,0.0001489713970399542,0.05687915443003729,-0.17625476611054117,2.9540851756505413,0.9245403383880165,-0.1447280674834383,-0.205642649809656,-0.001639855664124619,-0.9999999848450457,-0.941567860093745,-0.07959852238710834,-0.07959852118079637,0.9213876006612032,NKE,4685,0.0020894922794220056,-0.0037293479435466246,0.9165806335146004,-0.06534981662791764,True,0.9999999999852733,False
4462,0.5087404751232631,7.693607891777411e-05,0.0008730660861038242,0.03663601829387989,-0.10215236081578662,1.0116839994464195,1.005426228516111,0.010541976692842566,0.016261038993299927,7.69360789177765e-05,-0.9976423216296546,-0.8984825856418914,-0.01497787755562745,-0.014942564537680867,0.9673351907837826,CHD,4462,0.0038071512291369177,-0.003730215150219144,0.9848251211236385,-0.10222147584377615,True,0.9999999999852733,False
4766,0.4907679395719681,-0.002158629431699023,-0.0014819281036946297,0.06778600444009394,-0.14150880381084047,2.1744164063053493,0.9173477201142508,-0.15985945528315945,-0.22809350942582374,-0.0021586294316990155,-0.9999999998765169,-0.9411389468978952,-0.10748639722459352,-0.10748639721132076,0.9495078368519031,HPQ,4766,0.0015971421599360425,-0.0037557715916350654,0.8873474885248314,-0.056300340515418136,True,0.9999999999852733,False
4666,0.5188598371195885,0.0006897827227500633,0.0019722222201349338,0.04143665725028491,-0.35034510203884756,5.016934803709667,1.0457497825881075,0.08356566423294388,0.12003938546311585,0.0006897827227500611,-0.9895097162711485,-0.8065263657378556,-0.004640632373296513,-0.004591950823019339,0.9667030208311378,ABT,4666,0.004490997035131204,-0.003801214312381141,0.9804072800172752,-0.09471040119591632,True,0.9999999999852733,False
4960,0.49213709677419354,-0.0032679572952923645,-0.001042426896571469,0.055358294122742034,-0.216992524777069,2.524761665223185,0.854360985200724,-0.2963425026785604,-0.41892731758414226,-0.0032679572952923654,-0.9999999999962608,-0.924274497928118,-0.11485737777437391,-0.11485737777394443,0.881661336223115,J,4960,0.0005873479955756384,-0.003855305290868003,0.935051235706464,-0.07046507318182227,True,0.9999999999852733,False
4953,0.5118110236220472,0.0015563337562318018,0.0022550860706906928,0.07305629688313094,0.2225777442377081,1.7497940549295876,1.0577315682373993,0.1069412738399099,0.1723567415017223,0.0015563337562318064,-0.9999884148091086,-0.9184812017601077,-0.027541618156559207,-0.027541299081655406,1.0055751792710583,NEM,4953,0.005480369701499659,-0.003924035945267857,0.8956265000117571,-0.056484904112199474,True,0.9999999999852733,False
4658,0.4905538857878918,-0.0007125452095512271,-0.0007274759525346952,0.04643760189232101,0.597157498249543,6.987398383334394,0.9575899056527613,-0.0770269871358417,-0.12040023743605581,-0.000712545209551229,-0.9997390932365282,-0.915471418926617,-0.04396295342560081,-0.043951483193709874,0.9923732588996668,EXC,4658,0.0032160280833769474,-0.003928573292928174,0.9779548270081632,-0.0899528686426793,True,0.9999999999852733,False
4681,0.500320444349498,0.0027265457128073265,0.00011613615730499127,0.0827861378623739,1.7676540241191083,17.68565620119642,1.1133702887738541,0.1653314335462346,0.257994888653636,0.0027265457128073205,-0.9991646583042141,-0.8736437007383849,-0.014258837755567256,-0.014246926753856585,1.1105179310741775,OKE,4681,0.00667378973798013,-0.003947244025172804,0.8587386196535362,-0.049257341781601745,True,0.9999999999852733,False
4833,0.4924477550175874,0.000260759088533321,-0.0007928167677346831,0.060264418306905085,0.7333572911434292,23.75243040275003,1.0148551550318021,0.0217209469926594,0.029936010014774365,0.0002607590885333154,-0.999981898629305,-0.9109130909814833,-0.039628670087141306,-0.03962795275389391,1.045983065249164,GL,4833,0.004216837429595097,-0.003956078341061776,0.9501340593226397,-0.07148325202296783,True,0.9999999999852733,False
4749,0.49294588334386186,-0.0013948507887245531,-0.0004067372499370059,0.03348035737068533,-0.44810252765166925,7.2136183585179054,0.891509584106212,-0.2091404016363053,-0.28362580074273075,-0.0013948507887245522,-0.999960425291302,-0.9166136891459353,-0.048358126829932735,-0.04835621307115026,0.9143590394869778,PEP,4749,0.0025977208260390128,-0.003992571614763566,0.9954229347370381,-0.12141747011675869,True,0.9999999999852733,False
4769,0.5022017194380374,-0.00024267303522750044,0.0003137436063789245,0.04659766790657768,-0.12121400618006288,0.7844813217563544,0.986727437394183,-0.026143131690573505,-0.040098975558438076,-0.00024267303522749334,-0.999967709348554,-0.9138753405964785,-0.03314015511604922,-0.0331390849988515,0.9776635527918148,AMGN,4769,0.003761164440158553,-0.004003837475386053,0.9660513995110908,-0.0859944230517832,True,0.9999999999852733,False
4957,0.4894089166834779,1.5305192992789604e-06,-0.0014949047574106533,0.07206261295043216,0.5701923649136013,3.220876724768213,1.0000584913004624,0.00010661764250151052,0.00017395479823631985,1.5305192992802474e-06,-0.9999994811570645,-0.9279688934191566,-0.06253152288289221,-0.06253149043885331,1.0392198914132176,IVZ,4957,0.004027371649181008,-0.004025841129881728,0.888617518335101,-0.05662410743401256,True,0.9999999999852733,False
4271,0.5350035120580661,0.010039548475894996,0.005657263636948406,0.10433804632445223,1.4820144152885932,12.915153858861862,1.3707055108505808,0.48302738206037865,0.7615775747159583,0.010039548475895,-0.9959673976142106,-0.5812285345279957,0.12789497736929945,0.12737922777842953,1.1901443035131518,TRGP,4271,0.01409955591226304,-0.004060007436368043,0.8245947028609628,-0.041582276959688524,True,0.9999999999852733,False
4850,0.4824742268041237,2.572723833154558e-05,-0.0022161019895901024,0.061353961994127744,0.32449374453901614,1.7816638000848997,1.001129441081059,0.002104993829788491,0.003449425962665372,2.5727238331541696e-05,-0.9999672616761113,-0.9351624542829586,-0.045492118325095095,-0.045490628989390984,1.0717219016701078,STT,4850,0.0040983430852357,-0.004072615846904155,0.9273362196101409,-0.0675168346011355,True,0.9999999999852733,False
3546,0.48928369994359844,0.00010410618317378951,-0.0006598947640759079,0.06179163407422284,0.21223738103790432,2.95030371974035,1.0046985090127667,0.008457599474251115,0.012841511812587244,0.00010410618317378828,-0.9996919862809093,-0.8794162393733383,-0.04458311378127772,-0.0445693815705933,1.0290197409312314,NWS,3546,0.004239091789799951,-0.0041349856066261615,0.9483444490149582,-0.07260039548082883,True,0.9999999999852733,False
4851,0.4996907854050711,-1.3154738777852895e-05,-7.16255367256835e-05,0.048555080644037865,0.060531590848934086,1.3438484372405881,0.999279248664039,-0.0013600279042615922,-0.0020872277108029244,-1.3154738777849256e-05,-0.9992984044249966,-0.9025790332021998,-0.02969825585390989,-0.029677419689017468,1.0005159804074353,APD,4851,0.004122777724941192,-0.004135932463719045,0.9708011048793594,-0.0873832122971911,True,0.9999999999852733,False
4548,0.5083553210202286,0.0009420537950103444,0.000649780441480563,0.04272207502371665,0.053729714331456055,4.163471192063791,1.0615571908143384,0.1106938863843575,0.1650226515589606,0.0009420537950103388,-0.9792859323272013,-0.752240589719967,0.0006761077862696989,0.0006621028438308022,1.0252842591212878,ADP,4548,0.005078833561566902,-0.004136779766556558,0.9848862597613316,-0.09986627571452858,True,0.9999999999852733,False
4775,0.5350785340314136,0.001340985227666158,0.0037644485838769226,0.05360592690930393,-0.09729255619162808,3.0781961171015073,1.068560206729786,0.12557739050674754,0.18560194437784308,0.0013409852276661596,-0.9981604013521121,-0.9096589380375381,-0.002786337881259842,-0.0027812121378609175,0.9280372206392936,LOW,4775,0.0054922135635128155,-0.004151228335846658,0.9481977047567327,-0.07710181678772605,True,0.9999999999852733,False
4774,0.5236698785085881,0.0012844134301228255,0.003481365314310647,0.053998409700625014,-0.016834680210748014,3.6890551875026922,1.0661433428075375,0.11940544699206367,0.17646436651318204,0.001284413430122821,-0.9938854520253602,-0.8834149174445359,-0.004703115458839993,-0.004674358033736645,0.9680581552692441,NSC,4774,0.005442245441984796,-0.004157832011861971,0.9605576675975368,-0.0800490312890467,True,0.9999999999852733,False
4705,0.49458023379383637,-0.0016130414237060706,-0.000368257418458362,0.03553800883262717,-0.21872981678634398,1.8087925686042974,0.8868968561610017,-0.22785192384545586,-0.3274054248783435,-0.001613041423706071,-0.9999930546578807,-0.9213620904718434,-0.05519410218787377,-0.055193718845951104,0.90519124769333,KMB,4705,0.0025652143662010865,-0.0041782557899071576,0.9944369593063204,-0.11877654951698419,True,0.9999999999852733,False
4782,0.4887076537013802,-0.0014657361120794983,-0.000382695274530942,0.03659517899113822,-0.5025974487553094,9.031477198702357,0.8933655222891886,-0.20106301128703566,-0.26804999066989976,-0.0014657361120794972,-0.9999894647132915,-0.8854097512313823,-0.052796434094438814,-0.05279587786886845,0.9292989236991945,SO,4782,0.0027341149981634323,-0.00419985111024293,0.9930380856678046,-0.11557183706886003,True,0.9999999999852733,False
4904,0.5091761827079935,-0.00019881779806566217,0.001052347141585086,0.053199619562622716,0.06801200950779786,3.8061149858772936,0.9898789522834966,-0.01876061207647434,-0.02763690702753536,-0.0001988177980656626,-0.99996783179962,-0.9371286521889067,-0.04011952949369229,-0.04011823892062839,0.9510290775042485,EMR,4904,0.0040647932705051,-0.004263611068570762,0.9654210001014039,-0.08298752233192383,True,0.9999999999852733,False
4232,0.5122873345935728,0.0009266945954947634,0.0012920351228566385,0.05098953923077105,0.5991379489777163,5.600077854898386,1.0519204050017283,0.0912338102935129,0.14062326373850223,0.0009266945954947634,-0.9987272879970768,-0.8208674472764451,-0.008982348487316686,-0.008970916544582439,1.0009740754236924,ERIE,4232,0.005223202940371412,-0.004296508344876649,0.961551037188779,-0.08399916631226634,True,0.9999999999852733,False
3727,0.47786423396833916,-0.0015236122285988375,-0.0021329581697876465,0.05366055944629657,0.22709212631878822,7.232101805221365,0.9237515656705587,-0.1425343448626818,-0.21004410114659477,-0.0015236122285988349,-0.9999986986912731,-0.9281349072680556,-0.07231666238714433,-0.07231656828084047,1.006738792232765,ZTS,3727,0.002844158249232262,-0.004367770477831099,0.9699211652552249,-0.08586776976167088,True,0.9999999999852733,False
4641,0.4973066149536738,-0.000714258763314441,0.0,0.035900230468448605,-0.4303116531213893,8.204140611651482,0.9470194843704037,-0.09987541830274171,-0.13613868454197114,-0.00071425876331444,-0.9990945752851351,-0.8631321585008918,-0.03399892557708475,-0.0339681421095884,0.9478401251714179,DUK,4641,0.0036551829976624,-0.004369441760976841,0.9964653103922769,-0.12478229829766314,True,0.9999999999852733,False
4798,0.5106294289287203,-0.001350258388654171,0.0013195475536549317,0.07554011412216684,-0.1533931266876599,1.2598015486322076,0.9533921480660292,-0.08973038225377133,-0.12911835504728927,-0.0013502583886541748,-0.9999999999688952,-0.9566301065749568,-0.10201806892104318,-0.10201806891786992,0.9105867863161259,LVS,4798,0.0030615675468050984,-0.004411825935459269,0.9014292061954741,-0.05962555215444942,True,0.9999999999852733,False
4446,0.5195681511470985,0.008121360988513914,0.0036280984174208997,0.09244743904536791,0.29746742558929573,3.207381039166636,1.277390873278552,0.44099554321726636,0.6904995104495298,0.008121360988513907,-0.999810273917,-0.6873384998699256,0.1017718209995022,0.10175251223054418,1.1784069051760149,TPL,4446,0.012579115182883502,-0.004457754194369588,0.8515584106215854,-0.04885372440562413,True,0.9999999999852733,False
4753,0.48748159057437407,-0.0016329246773871765,-0.001079828941238925,0.04861181123970833,0.049812612280275115,1.277004001906211,0.9145362152504853,-0.16862603170748663,-0.25750785279412947,-0.001632924677387175,-0.9999994730663334,-0.9143952108262579,-0.068681885699137,-0.06868184950833914,0.9595328179861589,CHRW,4753,0.0028309371948555444,-0.004463861872242721,0.9756332856857731,-0.09238668123777716,True,0.9999999999852733,False
4935,0.5102330293819656,0.0002904144471280995,0.0007774067344528124,0.052186387998256915,0.4264600229389826,8.634297637892898,1.0161024539035872,0.027935808745551467,0.04064581047957742,0.00029041444712810116,-0.9995954258427866,-0.8886509020064434,-0.02664422393204695,-0.02663344436760504,0.9753453658002265,IBM,4935,0.004757333667220961,-0.004466919220092861,0.9811265577929177,-0.09174474131500208,True,0.9999999999852733,False
4602,0.5284658843980878,0.0020941667058051623,0.004095560847647173,0.06827479039001401,0.0554655347147741,1.8042950593224072,1.0855865153151398,0.1539753307160932,0.23397118732083405,0.002094166705805166,-0.9965097572692417,-0.817058027223178,-0.006276525504369912,-0.006254618906853866,0.9659577381340307,MS,4602,0.006588130023145491,-0.004493963317340329,0.9365627127335024,-0.06905919685368747,True,0.9999999999852733,False
4649,0.500537750053775,-0.0006064252773887135,0.0003773283524310944,0.05936845321567257,0.07289593927369954,1.791275955805835,0.9729275316251547,-0.051276908309651065,-0.07712945789589835,-0.0006064252773887134,-0.9999983640055722,-0.9216603500143472,-0.058224335573189734,-0.05822424031850117,0.9708370126487361,EBAY,4649,0.003926236322949663,-0.0045326616003383766,0.943388860037255,-0.075434014290071,True,0.9999999999852733,False
4612,0.5021682567215958,0.00020815798165942388,0.00033125519255150504,0.06044120107704566,-0.34258081750781877,3.6454700503804673,1.0093639111553345,0.0172886169720338,0.02455720596732906,0.0002081579816594209,-0.9999544283712444,-0.9173545405407361,-0.041182141390824996,-0.041180264653566175,1.000647469780936,VMC,4612,0.004826666364728554,-0.004618508383069131,0.9368882800573786,-0.07396912555850527,True,0.9999999999852733,False
694,0.5100864553314121,-0.0014387514778124763,0.0012528325827915188,0.036924373888442774,-0.12551832405175603,0.19019860080134787,0.9061513629225649,-0.1956018298221104,-0.3094176654112519,-0.0014387514778124756,-0.9148232731415674,-0.7812728343210972,-0.057024610679674806,-0.05216744099160369,0.8651953691181553,VLTO,694,0.0031807425777257525,-0.0046194940555382286,0.9763523028816968,-0.11819732818343927,True,0.9999999999852733,False
4879,0.506251281000205,0.0006376265593428779,0.0007407837073676315,0.06245623160810019,0.5048561617501162,4.29898537004186,1.0286290018762339,0.05124964862492167,0.08111151093893974,0.0006376265593428763,-0.999941603851644,-0.9267779625981626,-0.03211994723552231,-0.03211807155431836,1.0023927155935606,PFG,4879,0.005269517301823463,-0.004631890742480585,0.979797262549875,-0.08430989731300774,True,0.9999999999852733,False
4897,0.4945885235858689,0.0003504980436828961,-0.000921931116219521,0.06088869199558431,0.5389743383137338,6.59850981388168,1.0164116230210105,0.028896764858979723,0.04450982079297715,0.0003504980436828918,-0.9999729938142146,-0.9278666996920417,-0.03693411568500825,-0.036933118235418234,1.037814179905433,TFC,4897,0.005019955124279097,-0.004669457080596201,0.9547599349393954,-0.07825436936022329,True,0.9999999999852733,False
4828,0.5194697597348799,0.0026656119981927316,0.003136576949830272,0.06872200178789735,0.05451075470347742,1.5050633082878955,1.1089719904879418,0.19471589422154267,0.2991199055653422,0.0026656119981927316,-0.9968655147797094,-0.8727770863674602,0.007463730743753645,0.00744033579004912,1.0223059178660772,NUE,4828,0.007348516255357967,-0.004682904257165235,0.9338270010276597,-0.0695683181465217,True,0.9999999999852733,False
4940,0.4716599190283401,-0.003189052400797577,-0.002943328810087631,0.053074234718580915,0.03602350606358411,2.5986277072992223,0.850627429734541,-0.3016325356833556,-0.4518392925514362,-0.00318905240079757,-0.9999999999662894,-0.9352183170817416,-0.1099283114540841,-0.10992831145037836,0.9491979902617196,TAP,4940,0.001512415469606613,-0.00470146787040419,0.9753984560423021,-0.09066938462448443,True,0.9999999999852733,False
4839,0.49204381070469105,-0.0007938578702496455,-0.0007954118150820255,0.0556323312755307,-0.04727866122686778,0.66392820916976,0.9637775378030415,-0.07163343310182183,-0.11162009403099986,-0.0007938578702496486,-0.9999994661801326,-0.9374468270782698,-0.057631930566666205,-0.05763189980159667,0.9929215876652082,RVTY,4839,0.003929175314615869,-0.004723033184865514,0.9655849044655976,-0.08538091958541837,True,0.9999999999852733,False
4727,0.48550877935265496,-0.0007268115937977957,-0.0017022042736036802,0.054329135115594084,0.18781654577608925,2.244407880867228,0.9644120311757646,-0.06715669661131009,-0.10223004535326331,-0.000726811593797793,-0.9999949752434921,-0.8994489625239639,-0.054071568865783466,-0.05407129716931592,1.0219825968712242,NTRS,4727,0.004009482983626917,-0.0047362945774247125,0.9743157246241683,-0.08964632810737386,True,0.9999999999852733,False
4834,0.5200661977658254,-0.0009360706779756938,0.0026901417185382637,0.05302455711151084,-0.37442973851249195,2.638644204347501,0.9542247646102414,-0.08862002373269033,-0.12381340164133361,-0.0009360706779756936,-0.999997834850646,-0.9374817296508214,-0.0581101188318711,-0.05810999301478485,0.8790710241994109,DOV,4834,0.00381674153856324,-0.004752812216538934,0.980422183684763,-0.09361402036481968,True,0.9999999999852733,False
4740,0.4911392405063291,0.0008051561890525765,-0.0009421689789320675,0.05186896071391429,0.2649778978192895,1.9106060691162199,1.0421138744209368,0.077924291047084,0.12496295701843944,0.0008051561890525805,-0.989717128814705,-0.8700191771170456,-0.013510107816868445,-0.013371185118488138,1.0765824175181928,ADM,4740,0.005560372923365305,-0.004755216734312729,0.9807120991680114,-0.09483944035500642,True,0.9999999999852733,False
4564,0.5063540753724802,0.0003717900232237473,0.0012580906340100007,0.05741008921778843,-0.15556774563728823,4.060251338292832,1.0177918056672017,0.032509461831573286,0.04744180783315562,0.0003717900232237427,-0.999680674688324,-0.8902937627755573,-0.03239222464542922,-0.03238188098819844,0.990926682280919,NDSN,4564,0.005129063453310447,-0.0047572734300867,0.9679256357426382,-0.08534908784111386,True,0.9999999999852733,False
4612,0.5015177797051171,-0.0008581987775235455,0.0002027713090739791,0.03636874245802004,-0.17848173841226736,2.77375802180691,0.9396988634923495,-0.11845676756129181,-0.17512409108622606,-0.0008581987775235431,-0.9998699671574922,-0.8901803034879561,-0.037740560684193424,-0.03773565317180982,0.932386031869841,XEL,4612,0.0039525970625731615,-0.004810795840096707,0.9975547741494757,-0.13266734959718487,True,0.9999999999852733,False
4703,0.4816074845843079,-0.0020255394427989137,-0.0016666953100288318,0.06430911977967926,0.03946495588360069,3.4155784670731606,0.9169548110386142,-0.1581133024147022,-0.23042302336250592,-0.0020255394427989085,-0.9999999982121237,-0.9434378253312729,-0.09881087692350973,-0.0988108767468481,0.9768706220910269,AES,4703,0.0027891085736064364,-0.0048146480164053505,0.962564124146753,-0.07956028599994809,True,0.9999999999852733,False
5174,0.4961345187475841,-0.00243065174498675,-0.000632341685057991,0.06325485881872023,0.18344965026762453,5.287755557498528,0.8986653174159416,-0.19289861915118467,-0.28043783457583926,-0.0024306517449867414,-0.9999999999795544,-0.9425854280262983,-0.10637204456073995,-0.10637204455856511,0.9123185886972901,SWK,5174,0.0024456421773201282,-0.004876293922306879,0.9450837934258318,-0.07599824355553615,True,0.9999999999852733,False
4700,0.4857446808510638,-0.0023212202775527786,-0.001186568491659712,0.04856218660087036,-0.07804096202514582,5.592660740597701,0.874329730962161,-0.2399486952641381,-0.33230231533671367,-0.0023212202775527817,-0.9999999863143822,-0.9319051139059629,-0.08497135730305623,-0.08497135614017072,0.9210525637161617,UDR,4700,0.0025999880307677197,-0.004921208308320498,0.9935349661162877,-0.1094104901057854,True,0.9999999999852733,False
4683,0.522314755498612,0.0028255397892240765,0.0039730705676918054,0.06666898170573198,0.18066525870402209,1.8191807213359805,1.119759168894608,0.21275406954254278,0.3322758211884032,0.0028255397892240804,-0.9969119003904534,-0.8321531851259095,0.015458268863743307,0.015410532189700914,1.0204183104930833,BAC,4683,0.0077601582378312006,-0.004934618448607124,0.945518341241824,-0.07487501176832151,True,0.9999999999852733,False
4669,0.4923966588134504,-0.0006433471814759957,-0.0007541302886392431,0.05052175141620958,-0.14850943370540642,2.1112803109870217,0.9664706398128989,-0.06392449052171591,-0.09406584069715965,-0.0006433471814759964,-0.9999920519147433,-0.917442193612312,-0.047627383540913885,-0.047627004994408945,0.9950569832262427,AVY,4669,0.004306057705452895,-0.004949404886928891,0.9844573425046151,-0.10006734507491337,True,0.9999999999852733,False
4582,0.5117852466171977,-0.000109310348302653,0.0007810071193458112,0.037577975148080506,-0.2548428864940393,1.7811782564136065,0.9922368638424321,-0.014602532236123152,-0.02068179976768284,-0.00010931034830265716,-0.9959022920043522,-0.8352344350929854,-0.020593879857999167,-0.020509492151843636,0.9423076741053716,WMT,4582,0.004925086574116765,-0.005034396922419418,0.9979450032738927,-0.13503503512248052,True,0.9999999999852733,False
4742,0.5018979333614508,-0.0004971355760180516,0.0003946420213740698,0.07428041131709709,-0.11653344823511315,1.3363635184400326,0.982107440571267,-0.033597024317491425,-0.0489079757231529,-0.0004971355760180589,-0.9999999983286625,-0.947423193811017,-0.08000766933064295,-0.08000766919692313,0.9734417866838735,ZBRA,4742,0.004542336627810369,-0.005039472203828421,0.9206027992227972,-0.06703447726148307,True,0.9999999999852733,False
4706,0.4908627284317892,0.00028059924684778714,-0.0010740129813958665,0.0651967348381543,1.3010426052741528,9.912625179935477,1.0129065512079125,0.021605331054927783,0.035350947139839356,0.00028059924684778817,-0.9999479313039639,-0.9227121937765719,-0.043672780250942615,-0.043670506266222674,1.0484240536528653,AIG,4706,0.005339214194899266,-0.005058614948051479,0.9673805788874608,-0.08240241947311805,True,0.9999999999852733,False
4840,0.5194214876033058,0.003778953880300336,0.0038142667719027745,0.09301401655392698,1.1031201913756161,10.30624224857624,1.1236868070055734,0.20394988438737469,0.33311740801935963,0.0037789538803003307,-0.9999539099579852,-0.9293383003130133,-0.011313962009482346,-0.011313440548497974,1.0369743008165992,HAL,4840,0.008850364497819403,-0.005071410617519067,0.9049718185419738,-0.058139383272160616,True,0.9999999999852733,False
3170,0.5018927444794953,0.003355681956857964,0.0005367059229297588,0.07945330152385688,0.8576965374524712,4.467526082366043,1.1227674442434903,0.21201623352718918,0.37433235933258546,0.0033556819568579706,-0.994869114137303,-0.7784812700881313,0.007566258581130395,0.007527436971942963,1.1093591592399539,HPE,3170,0.008433935462336135,-0.005078253505478171,0.9109891560912984,-0.06453088251109533,True,0.9999999999852733,False
4791,0.4957211438113129,-0.0009920712662392763,-0.000369077951667407,0.0380221489176143,0.12754736938461067,3.879135087826965,0.932132758103283,-0.13098045148378112,-0.19768519505416318,-0.0009920712662392726,-0.9999769405052267,-0.9109970508199215,-0.04236977173368123,-0.042368794708151386,0.9450844974790338,MRSH,4791,0.004127552572089398,-0.005119623838328674,0.9981151908385546,-0.1357517066450848,True,0.9999999999852733,False
4665,0.5221864951768489,0.004861540065617489,0.004713154676157405,0.09143480229367233,0.14660344706365988,2.6888291088733416,1.1550033168300717,0.26690862592333625,0.41350292627091734,0.004861540065617488,-0.9999678570999291,-0.9136860938814734,0.016388396168002684,0.016387869397422334,1.0525892296234642,STX,4665,0.009982325773281802,-0.005120785707664313,0.8817443472927426,-0.055896310622864195,True,0.9999999999852733,False
928,0.4730603448275862,-0.0038254961512168045,-0.002578270606625299,0.06178690058267702,0.25998568252965265,1.2144451245295391,0.8511366082393855,-0.3108075997856809,-0.5137884541551381,-0.0038254961512168006,-0.9982237972103242,-0.853432449944735,-0.13510607745389638,-0.13486610166222063,0.9422605731306183,GEHC,928,0.0013312704765389898,-0.0051567666277557945,0.9321699714882845,-0.08328128692476497,True,0.9999999999852733,False
4722,0.4858110969927997,-0.0009121249834640949,-0.0008045345270011328,0.03667477094021614,0.22502239668075413,10.167472809245126,0.9331097347992017,-0.124849616229881,-0.18373465768202146,-0.0009121249834640952,-0.9998315906820375,-0.9330770654697912,-0.03924809583531318,-0.039241486090262234,0.9868021868451888,MCD,4722,0.004245627011257078,-0.005157751994721173,0.9996368199347131,-0.15027025753429718,True,0.9999999999852733,False
4625,0.5243243243243243,-0.00035647853826805857,0.002594500839568914,0.04298690428779774,-0.2490112238803323,7.871680184700729,0.9782849647819976,-0.041629144721292796,-0.05929582088789376,-0.0003564785382680624,-0.9997625102028103,-0.8859004908501392,-0.03218466326899168,-0.0321770197398393,0.8871128402291186,O,4625,0.004811107710723531,-0.0051675862489915896,0.9908407508382484,-0.11512622481198556,True,0.9999999999852733,False
4697,0.490738769427294,-0.0003753510215086821,-0.0011712376319064077,0.0754284720216978,0.10027329601595472,1.6495256836479841,0.9868466992489341,-0.0249805825729607,-0.038341284460548436,-0.0003753510215086832,-0.9999999942066522,-0.9228553566594333,-0.07851466711860873,-0.07851466666374596,1.021953610024818,BKR,4697,0.004794267113304873,-0.005169618134813555,0.92482663997501,-0.06809571788910271,True,0.9999999999852733,False
4717,0.5219419122323511,0.00102651028959727,0.0023191787114582585,0.05158254190617814,-0.2599423878294538,0.8574853850234136,1.0526545250872568,0.09989893026529062,0.14812520703087448,0.0010265102895972746,-0.9978449832306403,-0.8721602780780053,-0.008057962883228513,-0.008040597838088278,0.9641494533191568,MTD,4717,0.006204494639552262,-0.005177984349954992,0.9851533572007026,-0.10158334573491107,True,0.9999999999852733,False
4407,0.5019287497163604,0.0015081871355033837,0.0003060629172908502,0.11264280857772553,1.282907647849551,13.811925469780899,1.0388577653231006,0.06721280682226174,0.10912651818496062,0.0015081871355033943,-0.9999999999994406,-0.9343017483808157,-0.11386766684631841,-0.11386766684625471,1.0257076670278713,BLDR,4407,0.006715197369594693,-0.0052070102340913095,0.8767420047402378,-0.05048684668483411,True,0.9999999999852733,False
4717,0.5047699809200763,0.0004172335722233152,0.0009721544410936644,0.06709692942889173,-0.029648605720463128,3.572848702342214,1.016914340181356,0.031215972585799327,0.04614665553928331,0.0004172335722233099,-0.9999857189746454,-0.9389784038845173,-0.04605133946121437,-0.04605068180086791,0.995132470652062,TRMB,4717,0.005685259779010282,-0.005268026206786967,0.9702095357500242,-0.08374606050055497,True,0.9999999999852733,False
4687,0.5397909110305099,0.0036973872349800574,0.004531193154827751,0.07407785602009433,0.014833319770180209,1.4881502775938014,1.144050470651572,0.2505571517582289,0.3775152239394788,0.0036973872349800596,-0.9997333435505578,-0.8683887097686721,0.023852220821241953,0.023845860472726448,0.9731211908467126,CMG,4687,0.008999268441044558,-0.0053018812060645,0.949282148501876,-0.0745129051882624,True,0.9999999999852733,False
4764,0.514063811922754,-0.0007040370212986887,0.001432579431839831,0.05871754379287595,-0.04144262357620159,2.5034250299022798,0.9680284536639011,-0.06019049110758606,-0.08726897942576273,-0.0007040370212986861,-0.9999997407897939,-0.9267052213615009,-0.059869186392027506,-0.059869170873323364,0.9091324799620143,TT,4764,0.004628143971447512,-0.005332180992746201,0.972234143352505,-0.09055364271724758,True,0.9999999999852733,False
4913,0.5031548951760635,0.0001873523477707658,0.0005217626140148202,0.08749196932653473,1.0997134659525631,17.24559412098908,1.0069178644891346,0.010749573118334469,0.01552916791353939,0.00018735234777076532,-0.9999999990200902,-0.9287871940659818,-0.08955551092389445,-0.08955551083613812,0.9914393536272466,OXY,4913,0.005546449050113237,-0.0053590967023424705,0.9433365267462042,-0.06757635309156755,True,0.9999999999852733,False
4806,0.4606741573033708,-0.002482251698016634,-0.00298165253804783,0.037213429542555014,-0.11663870911172938,3.1935634493427845,0.8337955444770097,-0.3348469835308162,-0.4876005788859882,-0.0024822516980166354,-0.9999999601140668,-0.9256239315877397,-0.07715422862887929,-0.07715422555151087,0.9735146713970506,GIS,4806,0.0029222735371884656,-0.0054045252352051,0.999171343505599,-0.14713866750845075,True,0.9999999999852733,False
4629,0.4951393389500972,-0.00016452256794315624,-0.0005202971333608808,0.042937065379478924,-0.23938602969571504,6.5712718295855055,0.9895315335077296,-0.019235053189251637,-0.02829251549599432,-0.00016452256794315806,-0.999643854028433,-0.9159573406084921,-0.027405644595194515,-0.02739588418527374,1.008527775861281,MKC,4629,0.005248044743693898,-0.005412567311637054,0.9976494813061216,-0.13017067337679925,True,0.9999999999852733,False
4737,0.48680599535571034,-0.0014498213412815178,-0.0007267450884175242,0.033744075595114616,-0.03735126191994759,6.526414890661494,0.8891228006035822,-0.21568364943597032,-0.31030257174251563,-0.0014498213412815174,-0.999957479206613,-0.9065610509870791,-0.049760515245414534,-0.04975839938882696,0.9307642847602112,KO,4737,0.0039685862021969385,-0.005418407543478457,0.9997227655355583,-0.16202345303473528,True,0.9999999999852733,False
4934,0.4671665991082286,-0.002330401453652603,-0.0029520499399447453,0.04491973181582148,0.7215806838702233,9.413032288620688,0.8575550804517919,-0.2604317073898424,-0.3927929441610113,-0.002330401453652606,-0.9999999507254734,-0.9180526973417024,-0.08065056212103515,-0.08065055814701688,0.9777244040899389,L,4934,0.003128703840683533,-0.005459105294336136,0.9992152196591314,-0.13455858236170676,True,0.9999999999852733,False
4390,0.4958997722095672,-0.0014718759694685214,-0.0006357928215530717,0.06311300020822785,-0.16215381341281476,0.4921350219346827,0.9412710413159077,-0.1170718980502397,-0.17319659495386389,-0.0014718759694685203,-0.9999999909505105,-0.931100178301416,-0.08437717306526962,-0.08437717230169928,0.9559716455440844,TTWO,4390,0.003996067300409894,-0.005467943269878415,0.9753747647793116,-0.09013356274183432,True,0.9999999999852733,False
4983,0.49167168372466385,-0.00039609780153833596,-0.0008116387794419033,0.04940193924617956,0.2822584224176218,4.810677224524849,0.9777843833471317,-0.04024933460531489,-0.06031337133102951,-0.00039609780153833027,-0.9999443733350407,-0.9169331403391151,-0.03994566515982546,-0.039943443115693034,1.0109093236809326,XOM,4983,0.00507333577721605,-0.0054694335787543865,0.9956323085060107,-0.11733310429737515,True,0.9999999999852733,False
4564,0.5181858019281332,-0.0014123095197834566,0.0016098681055165542,0.05332306290786804,-0.6858760507127636,3.0285954040036476,0.932248245862303,-0.13295818235399987,-0.1791945866239716,-0.0014123095197834529,-0.999999389457858,-0.9186546464764053,-0.07018890582510888,-0.07018886297182397,0.8668134852647799,EQIX,4564,0.004074421730367704,-0.00548673125015116,0.9890779764102338,-0.10583626085334112,True,0.9999999999852733,False
4722,0.4957645065650148,-4.844683836288824e-05,-0.00019910691965652205,0.03579482323404168,-0.004265019650975026,2.5514484450911334,0.9963627260642299,-0.006794312038670081,-0.010098068619534948,-4.844683836289013e-05,-0.9995776548376675,-0.9005855430004169,-0.01727885016076283,-0.017271552521986762,1.010833607177508,BRK-B,4722,0.005453806107048107,-0.005502252945410995,0.9996642942129705,-0.15756898816281026,True,0.9999999999852733,False
4795,0.5099061522419187,-0.0008365383527520196,0.0006564374014454977,0.03643477843907004,-0.2733035255499351,3.3461835137421563,0.9403321090362126,-0.11525771206443063,-0.16477949869724118,-0.0008365383527520181,-0.9998143806582872,-0.8562642373324238,-0.03732013789337635,-0.03731321055394795,0.9003343424350813,ED,4795,0.004671706027839734,-0.005508244380591754,0.999865867517913,-0.16176755954485308,True,0.9999999999852733,False
4838,0.4886316659776767,-0.001487521204083159,-0.0010897301230363698,0.04290590610723108,-0.13250456429280902,4.223558131950177,0.9096710729724535,-0.17403891114213774,-0.245616746811431,-0.0014875212040831622,-0.9999986333282163,-0.9214501412878257,-0.059194594833144085,-0.05919451393356158,0.9500752449953417,ECL,4838,0.004024491521747995,-0.005512012725831154,0.9987245305710984,-0.13557084845473616,True,0.9999999999852733,False
4691,0.5086335536133021,-0.00018039346245836042,0.0006457569283113695,0.04196066069870363,-0.02456160899594442,1.71650643950991,0.9886623797781258,-0.021581356905323725,-0.032577686708218485,-0.00018039346245836418,-0.9992093585779338,-0.8887599035648583,-0.02650738138344186,-0.026486423549729608,0.9513700016641143,MRK,4691,0.005331836205349409,-0.00551222966780777,0.9978346445261388,-0.13318896473083347,True,0.9999999999852733,False
4861,0.4805595556469862,-0.0007173104526246467,-0.0014285600531440679,0.05349672741965117,0.40441600499168484,4.450976173008241,0.9628675817894169,-0.06731009666647231,-0.10128991299193678,-0.0007173104526246449,-0.9999981149571339,-0.9269568118196839,-0.05259912695203838,-0.052599027800429354,1.0333514672714332,USB,4861,0.004947577443337035,-0.005664887895961682,0.9921004874325456,-0.10997130675803504,True,0.9999999999852733,False
3247,0.49091469048352326,-0.0012263911327900175,-0.001167913781989327,0.07686806920129649,0.0016778840777084939,1.7864933329769421,0.9579382268391348,-0.08009092319055763,-0.12060453245628387,-0.0012263911327900154,-0.9999999604092208,-0.9588008798127223,-0.10116773309180095,-0.10116772908649156,0.9927941974518512,PYPL,3247,0.004442702148622406,-0.005669093281412423,0.9412695930979909,-0.07474650781719279,True,0.9999999999852733,False
4649,0.505700150570015,0.0015624807642763952,0.0006777928387069476,0.05920991888355737,0.19734947075832432,3.451887794379969,1.0735086446300317,0.13247089903325301,0.20847717941886726,0.0015624807642763971,-0.9985285012963534,-0.8909574569074983,-0.0048466428628349415,-0.004839511034145242,1.0493078967927747,MLM,4649,0.007232525868481266,-0.005670045104204871,0.9881462749043289,-0.10147023399239785,True,0.9999999999852733,False
4852,0.49072547403132727,-0.0008304557904994445,-0.0010563574011425159,0.070185429573015,0.5140076920664606,5.515881723996555,0.9672617364701531,-0.05939772695913938,-0.09099685042542476,-0.0008304557904994445,-0.9999999801982691,-0.9289586594332958,-0.07952461160289784,-0.07952461002817288,1.0017922898510698,COP,4852,0.004846387506556913,-0.005676843297056358,0.9536086657188816,-0.07999509652376555,True,0.9999999999852733,False
4570,0.49146608315098467,-0.0018774879798754828,-0.0008691142713929123,0.056026962341554014,-0.2998704428964434,2.7632648426518145,0.913928738738096,-0.16822105758480352,-0.2392126260396886,-0.0018774879798754765,-0.9999999785270436,-0.9238492989279673,-0.08413983125671406,-0.08413982944998313,0.9432265433637161,ELV,4570,0.003814948953502622,-0.005692436933378105,0.9851647728324123,-0.10234016557168077,True,0.9999999999852733,False
4619,0.5167785234899329,0.001370516448664642,0.0016254040168202089,0.04024850923852144,0.029408308319660514,1.0477822871183395,1.093070108211356,0.17093646696474807,0.266526718654036,0.0013705164486646458,-0.9844033390890646,-0.7672568285780317,0.014437243025379765,0.01421207024142415,1.0193439718803847,COST,4619,0.007063406203727329,-0.005692889755062687,0.99917159652209,-0.1453532787469415,True,0.9999999999852733,False
4651,0.4859170070952483,-0.002179792540606115,-0.0006476460175333099,0.04084984640725052,-0.28725040475757213,1.545080420978092,0.8674996650204526,-0.26787057165609196,-0.3800481280802998,-0.0021797925406061153,-0.9999999136022863,-0.8985573378998395,-0.07351162049611033,-0.0735116141448744,0.9154808411830883,SJM,4651,0.0035432232144076326,-0.005723015755013747,0.9985226531182414,-0.14058019658023668,True,0.9999999999852733,False
4870,0.48028747433264884,-0.0036995764658998486,-0.0023448812646014727,0.0632873373363147,-0.040171137566919535,3.0287862343371614,0.8514237154426543,-0.2934509057642258,-0.4189732663560727,-0.003699576465899853,-0.9999999999997489,-0.9432559071466534,-0.13494315523136693,-0.13494315523133305,0.9125777061200232,HST,4870,0.0020280549737817224,-0.005727631439681571,0.978794810368968,-0.09329136430248217,True,0.9999999999852733,False
4514,0.5002215330084182,-0.000488525743534221,0.00014933706934250335,0.049091153598460106,-0.5549354717566922,5.924303173543128,0.9735686007414187,-0.049955635374688945,-0.06869574559454432,-0.0004885257435342204,-0.9999322217172265,-0.9105596594671869,-0.042721164701809734,-0.04271826913462816,0.9688257953347953,NDAQ,4514,0.005251390537730428,-0.005739916281264649,0.9967413593844826,-0.12307255725037745,True,0.9999999999852733,False
5005,0.5114885114885115,0.000818673087073523,0.0014844308511019477,0.06427581021452686,0.27981938820913793,6.121106714056602,1.037198653257077,0.06393861495958517,0.09189314459772004,0.0008186730870735244,-0.9999849290880541,-0.9101454429414214,-0.03121688963031393,-0.03121641916331909,0.9893902778335085,PH,5005,0.00657345005979479,-0.005754776972721268,0.9796129397745913,-0.09312691634617784,True,0.9999999999852733,False
1683,0.477124183006536,-0.0020103524713403586,-0.0028985416475406645,0.04245847497319133,0.022584109379720076,0.8370967546992585,0.8847765904063681,-0.237688454859929,-0.37197913824458345,-0.0020103524713403643,-0.9966369424433249,-0.8872188319440362,-0.0711671562130052,-0.07092781697051598,0.9685163424249035,OTIS,1683,0.0037574403626336227,-0.005767792833973981,0.9951580580423804,-0.13364579960759151,True,0.9999999999852733,False
4481,0.48136576656996205,-0.0006522324788481599,-0.0011124102115949164,0.059544574527795,0.4815989786201115,7.847715527392957,0.9679498076524418,-0.054987059431057965,-0.08069152665429781,-0.0006522324788481582,-0.999995221996155,-0.945921391755681,-0.05934487600179494,-0.059344592451749216,1.0280820627407252,KMI,4481,0.0051210330818512,-0.00577326556069936,0.9839152114580204,-0.09926628590193659,True,0.9999999999852733,False
4667,0.5174630383544032,0.0011440012919498091,0.0030123543392996943,0.05737328169685039,0.051034168983501646,1.2366550110567731,1.0535232762869888,0.10009608545682559,0.15532826121032953,0.0011440012919498137,-0.999486614594329,-0.888290817326755,-0.012688727954847755,-0.012682213747099207,0.9824159081566456,GS,4667,0.006928894611888941,-0.005784893319939132,0.9882450307891955,-0.10402953779531735,True,0.9999999999852733,False
4880,0.492827868852459,-0.0006692782321968617,-8.870287372275687e-05,0.08909034291778495,0.13606551908030484,1.0199821001415463,0.9806088516301923,-0.03771171993525162,-0.06079043700624812,-0.0006692782321968613,-0.9999999999965011,-0.9347567815620685,-0.1111154257925633,-0.11111542579217452,0.9948796665187815,ON,4880,0.005122777890146931,-0.005792056122343793,0.9100220617746121,-0.06396783191393678,True,0.9999999999852733,False
4607,0.5103103972216193,-6.460106425263881e-05,0.0010543143932226773,0.05388745946815808,0.1823095405398284,3.5759542675446685,0.9966887468078689,-0.006018000699811772,-0.008931981133855838,-6.460106425264234e-05,-0.9999778797678439,-0.8963351103525524,-0.0375997585496008,-0.03759892683421267,0.953446614874903,FDS,4607,0.00573065060082798,-0.005795251665080619,0.9955168884784124,-0.11552610802798816,True,0.9999999999852733,False
4846,0.487205943045811,-0.002790960816070797,-0.001873570883997866,0.05152291994896576,-0.12231070108012836,2.8702433900112645,0.8619688795944119,-0.271927757907622,-0.3862793787066841,-0.0027909608160708,-0.9999999998634901,-0.9402124467121521,-0.09920472855052567,-0.09920472853698324,0.9054141556095474,FIS,4846,0.0030103030278171047,-0.0058012638438879015,0.9926567172720613,-0.11387016382077067,True,0.9999999999852733,False
4711,0.5177244746338358,-0.0007735209291154386,0.002006415268273054,0.042287043065808,-0.24579974799570956,5.718621018070813,0.9515375197661726,-0.09182586354944322,-0.12853108736365568,-0.0007735209291154389,-0.9999158031680944,-0.9016323991903491,-0.04152413930702579,-0.04152064310604853,0.8832640199879519,ES,4711,0.005058616315520679,-0.005832137244636118,0.9979719386036744,-0.13673971821802905,True,0.9999999999852733,False
4592,0.5135017421602788,-0.0008524855154115545,0.0015176896855860766,0.046889574896314214,-0.3051880728728925,0.9576269137433808,0.953565984186526,-0.09126641333660857,-0.12956032903635403,-0.0008524855154115572,-0.999996741254429,-0.9090435982303663,-0.0484150890615361,-0.04841493128907905,0.8997813039927992,ROL,4592,0.005020134435702716,-0.005872619951114271,0.9970672712356881,-0.12798185438970555,True,0.9999999999852733,False
4720,0.4957627118644068,-0.00041344553912891173,-0.0003276807677754512,0.047955256146533676,0.1982072846901826,2.431171881182596,0.9771198764686458,-0.04327951305454478,-0.06714824713437793,-0.00041344553912891005,-0.9999587959355325,-0.943718892399291,-0.038645969280369695,-0.03864437690936006,0.9921524899527789,BF-B,4720,0.005482746147482961,-0.005896191686611873,0.996430288767144,-0.12511385231415248,True,0.9999999999852733,False
4709,0.5030792100233595,0.0012216442761473184,0.0006911469100867595,0.06270536054236303,0.3628921024427273,4.522934838679405,1.0561359768381477,0.09780034022508463,0.14777620586828058,0.0012216442761473247,-0.9994652575726662,-0.9207974546552415,-0.01846260159288674,-0.018452728856496063,1.0405324482651908,AMP,4709,0.007122036619105903,-0.005900392342958584,0.9843234673183691,-0.09801462908050182,True,0.9999999999852733,False
4757,0.5043094387218835,-0.0004921131791339275,0.0010470487270859419,0.07754691256619815,0.07104970788810265,1.498663339347159,0.9834254107048087,-0.03185669772426988,-0.04949035097885129,-0.0004921131791339288,-0.9999999959437612,-0.932551804124698,-0.08514781411633718,-0.08514781377095731,0.9604692527225371,CF,4757,0.005408502633503225,-0.005900615812637152,0.9597402223604253,-0.07937444123696774,True,0.9999999999852733,False
4720,0.5220338983050847,0.00028510479042482016,0.0019203092379738163,0.04748603875951363,-0.0018989122182552483,1.9132947141809602,1.0163130951089328,0.030139694245273192,0.04438639591533087,0.0002851047904248241,-0.9994985054924549,-0.927849109787132,-0.02114929343787344,-0.021138687183375884,0.9305204312361006,IEX,4720,0.00619013087410303,-0.00590502608367821,0.9974595346952498,-0.12859365286786695,True,0.9999999999852733,False
4607,0.4888213588018233,-0.0021730050709611267,-0.0014722221620603326,0.05013355667816974,0.19427108244817204,8.005814627673171,0.8840648891649217,-0.21758677430368867,-0.31456859428814715,-0.0021730050709611315,-0.9999999854807201,-0.9172580905734341,-0.0832035452799796,-0.08320354407192404,0.9241069045711481,ESS,4607,0.0037430690011236467,-0.005916074072084773,0.9966520084166687,-0.1234604673387803,True,0.9999999999852733,False
4511,0.5402349811571714,0.0016731554919688447,0.0031559967011234313,0.039414833540485,-0.2045230769248712,1.9027111641139598,1.1169876124249545,0.21309677487818143,0.32068397720578906,0.001673155491968845,-0.9719517124807248,-0.5577707660112051,0.023350010304366214,0.02269508250177131,0.9464831430683345,MO,4511,0.0076006967817973435,-0.005927541289828499,0.998978620615351,-0.1479758132747907,True,0.9999999999852733,False
4862,0.46709173179761415,-0.0029015391145148085,-0.002832285870080886,0.03808161099841826,-0.03441737428174027,1.3688914747378735,0.8193008890379708,-0.38248410120681864,-0.5866147519536484,-0.0029015391145148124,-0.9999999961769865,-0.9246736915160108,-0.08759974251819459,-0.08759974218329959,0.932581593202622,BDX,4862,0.003090876894608321,-0.00599241600912313,0.9997491327414219,-0.16115186866411108,True,0.9999999999852733,False
4663,0.503109586103367,-0.0009353939114372384,0.0003224839989688366,0.05262645219931325,-0.43399337174190245,5.039209402887332,0.9528622334223524,-0.08922585453401762,-0.12385428958501543,-0.0009353939114372344,-0.9999996580087629,-0.9187540896521252,-0.057802847689768275,-0.05780282792170088,0.9390526358365212,TDY,4663,0.005070205807240431,-0.00600559971867767,0.9952080977322285,-0.11842486482204613,True,0.9999999999852733,False
4705,0.4769394261424017,-0.0011018687540026327,-0.0025827285761448326,0.046791079062809916,0.0333219871669983,2.0813486153873253,0.9385586337230897,-0.11821350044824759,-0.1783602044742949,-0.00110186875400263,-0.9999957430963567,-0.9443026465869099,-0.05403712113295884,-0.054036891102141014,1.0276464184748804,HSIC,4705,0.004933286143189554,-0.006035154897192187,0.9977933727976871,-0.13196358323371338,True,0.9999999999852733,False
4795,0.49447340980187693,-3.133351331107758e-05,0.0,0.07197665872020963,0.12158465473188004,3.20901507940388,0.9987998581356601,-0.0021853332909068076,-0.0032105131328425654,-3.1333513311075645e-05,-0.9999997509584991,-0.9302788392562372,-0.06456881230059326,-0.06456879622027933,1.004697453249072,RF,4795,0.006033526186829188,-0.006064859700140266,0.9733482948677762,-0.08786319403817937,True,0.9999999999852733,False
3430,0.5049562682215744,0.00021559614095023968,0.0014361510994441717,0.07772789619498326,0.02134663565345801,1.249009846819332,1.0073978044350944,0.013924010439359919,0.021397741317271547,0.000215596140950243,-0.9999989157371768,-0.9277456372107481,-0.06908134508978955,-0.0690812701874553,0.9870404585025145,VEEV,3430,0.0062873854235461005,-0.006071789282595861,0.9577523610387273,-0.08064876961605416,True,0.9999999999852733,False
5001,0.5198960207958409,-0.0004954989809282681,0.002040858133472545,0.04899837226553643,0.035105589162357946,7.942037564942368,0.9720403678718069,-0.05076464846028863,-0.0696081804109951,-0.0004954989809282662,-0.9999945056247278,-0.9303896962792039,-0.04220661389451905,-0.04220638199554335,0.8942771384420624,GPC,5001,0.005582870147553593,-0.006078369128481861,0.9942095338768432,-0.12107095690364188,True,0.9999999999852733,False
4567,0.4882855266038975,-0.000680219495185683,-0.0010525352292489742,0.044273409996071406,-0.20410664285140728,6.667424663149749,0.9575487793810022,-0.07712698808719036,-0.10737655068075065,-0.0006802194951856834,-0.9999467389185493,-0.9115175474949866,-0.04139855548093996,-0.041396350549104545,0.9979118220993045,KDP,4567,0.005411568483454478,-0.0060917879786401615,0.9989622205067394,-0.14189498025883052,True,0.9999999999852733,False
4706,0.5042498937526562,2.727746829138337e-05,0.0005558160117795641,0.05515758129593216,0.09241058707201265,2.015543514235146,1.0013695742813697,0.002482556356705328,0.0036502432374034997,2.7277468291384e-05,-0.9999663534884927,-0.933235162678803,-0.0370943441774353,-0.03709309608215708,0.9815362957347097,DIS,4706,0.006155765247750466,-0.0061284877794590825,0.9948823858843137,-0.11633544888280709,True,0.9999999999852733,False
4827,0.4897451833436917,-0.0030732608021830695,-0.0006976716134035055,0.04723311616543621,-0.41759709966164293,5.53718033085921,0.8359358583088953,-0.3266277569273149,-0.44113305072634196,-0.0030732608021830678,-0.9999999990968083,-0.8809246243314413,-0.1010376260742039,-0.10103762598294755,0.867407216764687,FE,4827,0.003063923433775715,-0.006137184235958784,0.9989506718386871,-0.13773869117445092,True,0.9999999999852733,False
4698,0.4931885908897403,-0.0009997963158790788,-0.0006209495031057055,0.041407381686995016,-0.09792648888542425,1.7340985028706326,0.9374497226043246,-0.12120876685638601,-0.17931064658155726,-0.000999796315879077,-0.9999913218121125,-0.916268450351389,-0.04591213226435122,-0.045911733830241115,0.9609163103950241,HRL,4698,0.005171605361322974,-0.006171401677202053,0.999794679464769,-0.15838911806978553,True,0.9999999999852733,False
4699,0.49840391572675036,-0.0002451628913181271,-0.00021263409154292923,0.05283977172824362,0.310280193560196,2.752366558395212,0.9873713369821469,-0.02329131838914698,-0.036012958055903266,-0.00024516289131812363,-0.9999631523176784,-0.9105256754512643,-0.04041959527846599,-0.0404181059100596,0.9907440827959203,JCI,4699,0.005938448786459192,-0.006183611677777319,0.9953241137039062,-0.12003165420478634,True,0.9999999999852733,False
5029,0.5014913501690197,-0.00014991887244111682,0.0002619075831339357,0.054675135828055596,-0.02655531291993297,1.0257334472771662,0.9929425807524922,-0.013764698621582284,-0.02180506283651802,-0.0001499188724411113,-0.9999969016470901,-0.9045660043296406,-0.0408615898847925,-0.04086146328116658,0.985855758209453,ADI,5029,0.006040663958829456,-0.006190582831270572,0.9938340397329549,-0.11584162698732553,True,0.9999999999852733,False
4510,0.5002217294900222,-0.001381371520081091,8.832994758539714e-05,0.04682246935938357,-0.2070618646831337,5.895776147498941,0.9197115088457833,-0.1481004759198387,-0.20194690842115928,-0.0013813715200810886,-0.9999992084370125,-0.8371835868148606,-0.06105376959517757,-0.06105372126727331,0.9172654675988531,NEE,4510,0.004839802081966841,-0.006221173602047932,0.999141805923363,-0.14091836316989498,True,0.9999999999852733,False
4850,0.47360824742268043,-0.0037630101618125614,-0.0018881070474604522,0.051463958921215934,-0.26504927018911906,3.478586381395113,0.8176534873378423,-0.3670561201849771,-0.5022017446948911,-0.0037630101618125605,-0.9999999999943069,-0.9498638470542989,-0.12123439951599861,-0.12123439951530841,0.9016614207343293,OMC,4850,0.002487598832708311,-0.006250608994520872,0.9966455794644471,-0.12493515491782714,True,0.9999999999852733,False
4791,0.4982258401168858,-0.0013039285522500582,-0.00032321340353780315,0.06487721562337184,0.481734482050797,5.414104384212937,0.9459614743186057,-0.10089319216076799,-0.15401062066606738,-0.001303928552250061,-0.9999999872529113,-0.9343976518964168,-0.08221999540089556,-0.08221999435282998,0.9507170410097759,COF,4791,0.004950104967002625,-0.006254033519252683,0.9836893001302164,-0.09867512895668239,True,0.9999999999852733,False
4608,0.4817708333333333,-0.002104884411183815,-0.00128709740601346,0.04490739208600871,-0.6582713142767179,11.280010316531186,0.8716899070866446,-0.2352939102684019,-0.30138591106132634,-0.002104884411183814,-0.9999999083133467,-0.9137290157321778,-0.07647412023015326,-0.07647411321849712,0.9345144048946912,SRE,4608,0.0041557163123078465,-0.006260600723491661,0.9989979782171258,-0.1431345702327958,True,0.9999999999852733,False
4722,0.53430749682338,0.007125998529263879,0.006922827359145622,0.1021531778283983,-0.11251093586195904,1.7783879259444113,1.20526842550236,0.3501822407477726,0.5190655554925927,0.007125998529263884,-0.9999555992724993,-0.8279231036583244,0.0457555708419022,0.04575353926126961,1.037113655079518,FCX,4722,0.013386740856935796,-0.006260742327671917,0.9172968716080684,-0.06350618996290128,True,0.9999999999852733,False
4498,0.45486883059137395,-0.004445104985543034,-0.004975812401887936,0.055062744056690704,0.07837200193543332,2.1595100804381264,0.8029167788316846,-0.40525132397929786,-0.6055729635717848,-0.004445104985543038,-0.9999999999993863,-0.9300251316526604,-0.1401542471139228,-0.14015424711383678,0.9496865125966161,BSX,4498,0.0018268977246094292,-0.006272002710152463,0.9938426715476861,-0.11630583697259651,True,0.9999999999852733,False
4782,0.49769970723546636,-0.0016954574525760353,-0.00017617534806924073,0.062036036416507255,0.07433343293047726,2.5843608295398557,0.9286178894889128,-0.13719652890804662,-0.20441912689613406,-0.0016954574525760296,-0.9999999908652788,-0.9436951161663382,-0.0877035591761565,-0.08770355837500894,0.9352508744138335,DD,4782,0.004587072906028665,-0.0062825303586046995,0.9806628256995443,-0.09917953683173215,True,0.9999999999852733,False
4941,0.495243877757539,-0.002047302246311092,-0.0003211171856859485,0.033697179529210364,-0.15418350980687495,0.996175116107668,0.854203378597066,-0.3049921641490064,-0.4545481293182207,-0.002047302246311094,-0.9999988706731613,-0.8958613224581402,-0.06395472050960709,-0.06395464828382476,0.870261145419896,CL,4941,0.004240193190561066,-0.006287495436872158,0.9999731327461077,-0.18901406947599494,True,0.9999999999852733,False
5006,0.49061126648022374,-0.0007362481217010088,-0.0013651570635079269,0.06400054931882289,0.4503090568917525,6.272272801051631,0.9681525116093794,-0.05774850806071413,-0.08753614307380155,-0.0007362481217010053,-0.9999998698898246,-0.9441422172232318,-0.06781927213740284,-0.06781926331342544,1.001265219661166,PRU,5006,0.005570942180798494,-0.006307190302499503,0.991409937288262,-0.1053261990407101,True,0.9999999999852733,False
4208,0.49572243346007605,-0.00046113940925314185,-0.0003943048556774853,0.04842307342474958,0.631020756770526,5.867321575827162,0.9742825249718692,-0.04780575247639438,-0.07657040031346883,-0.0004611394092531376,-0.9999594167566223,-0.9136710269552434,-0.04004784160867235,-0.04004621633736959,0.9859589694226347,CBOE,4208,0.005847040400103643,-0.006308179809356785,0.9974423622034814,-0.13178868519681072,True,0.9999999999852733,False
4421,0.505315539470708,-0.0007135371964982471,0.0006751174302228602,0.04315286465368607,-0.06967964721205022,2.6880032016242605,0.9557784082222761,-0.08300557395847591,-0.11916915919874263,-0.0007135371964982467,-0.9999439808304651,-0.896996829798386,-0.04080014051252962,-0.040797854922541205,0.9313919403311974,VRSK,4421,0.005596784622204352,-0.0063103218187025995,0.9992776051420766,-0.14888724715058138,True,0.9999999999852733,False
4707,0.5077544083280221,0.0013546335910784588,0.0014204383285679745,0.044333859733386126,0.09159086954889903,2.6123654478136196,1.0867844224590568,0.15338629883409285,0.23254941302190354,0.0013546335910784562,-0.993360641666544,-0.7605932536867898,0.00945774626407433,0.009394952897600235,1.0513161442365437,BRO,4707,0.007673877766259764,-0.006319244175181305,0.9997393910807044,-0.15329118829910504,True,0.9999999999852733,False
4808,0.4964642262895175,-0.0005886341918876484,-0.0003297980969314551,0.04711656494277382,0.27245541135299595,7.575675648950895,0.9641148704417573,-0.06271510232569905,-0.08952970065337401,-0.0005886341918876423,-0.9999841371489714,-0.8976923856076515,-0.04202056093751195,-0.04201989437161366,0.9734046241158923,WRB,4808,0.005734274475407152,-0.0063229086672948005,0.9998025571556798,-0.14975466545619712,True,0.9999999999852733,False
4845,0.5151702786377709,-0.0002250236806965645,0.002563358697248219,0.057181844255641705,-0.18565977640333003,2.8138202720617187,0.9896297816920611,-0.019754695335186707,-0.028859404313355198,-0.00022502368069656636,-0.9999995048784446,-0.9190607750079048,-0.04648222056288388,-0.04648219754853454,0.9289673792085333,ETN,4845,0.006113770481950676,-0.00633879416264724,0.9900827517933395,-0.11021939692826839,True,0.9999999999852733,False
4780,0.5089958158995815,-0.000761962487818417,0.0010251553530218338,0.05068379828632488,-0.015827292037646108,1.5543741860571068,0.9609093168690601,-0.0754683244149995,-0.1124673727337347,-0.000761962487818419,-0.9999973156404335,-0.907530231674071,-0.05050689378336555,-0.050506758204702046,0.9249690177177718,LHX,4780,0.005577186810527023,-0.00633914929834544,0.9966669455536422,-0.12664069614581144,True,0.9999999999852733,False
4850,0.5189690721649485,0.0018101408957767525,0.002484731138291396,0.054677553082614655,0.4517703715981505,3.0585917088850234,1.0939831504411117,0.16618949947552097,0.26933827463350446,0.0018101408957767531,-0.9874909711005595,-0.7384510929306847,0.008487471993356172,0.008381301960908086,1.014009809288484,PNC,4850,0.008162106958256447,-0.006351966062479695,0.9945322809664447,-0.11823717620245254,True,0.9999999999852733,False
4640,0.5282327586206896,0.002352750835891271,0.004013104928070221,0.0685428861266417,0.20430867882828319,3.7144981653967912,1.0999687372509415,0.17231132402110058,0.25537298266034764,0.00235275083589127,-0.9987898612463822,-0.8395360044867618,-4.804828102873004e-05,-4.799013594181246e-05,0.9783483668735423,CBRE,4640,0.008735752307044887,-0.006383001471153616,0.9766932675194323,-0.09356954668029868,True,0.9999999999852733,False
4608,0.5017361111111112,0.002533754995068252,0.000279335118105406,0.06046435658112302,0.3455959617389928,3.782812161901724,1.121170936427553,0.2103611093812397,0.3275080751461592,0.002533754995068256,-0.9940102662178047,-0.7386344266584783,0.018315207294507935,0.018205504078648113,1.1124420969570963,WST,4608,0.008941961743440197,-0.006408206748371945,0.9860253541011893,-0.1048313767277484,True,0.9999999999852733,False
4949,0.5081834714083653,0.0009960457883769667,0.0012780131531732186,0.07434980065796885,0.18548657138900065,9.793723613016773,1.0397925383602797,0.06725115777240283,0.09521232389302936,0.0009960457883769688,-0.9999903107262993,-0.9209421272707544,-0.045551223817270246,-0.04555078245899528,1.0063041902063303,QCOM,4949,0.007419482399016834,-0.006423436610639868,0.9785844495271332,-0.09110302555885111,True,0.9999999999852733,False
4854,0.49402554594149156,-0.0028237112260698755,-0.0005407851394546581,0.05949698360045282,-0.1797736017336841,2.116812783431479,0.8798879437227125,-0.23824599161462787,-0.3337311611164228,-0.002823711226069874,-0.9999999999932758,-0.9504469392529616,-0.1102742154488173,-0.1102742154480758,0.8993350083671262,GPN,4854,0.0036344791044500137,-0.006458190330519889,0.9926556995555726,-0.11203284959785541,True,0.9999999999852733,False
4622,0.5025962786672437,-0.000594743187571898,0.0009680883888174563,0.06364715479077873,-0.19526465017469968,2.2367568888160534,0.974988556111362,-0.046908414309852924,-0.06665642322857664,-0.0005947431875718973,-0.9999989884828312,-0.9171527004004609,-0.06488513537856112,-0.06488506974613269,0.9586198287379901,GEN,4622,0.0059385031239304956,-0.006533246311502394,0.9910192645657756,-0.10737625342701916,True,0.9999999999852733,False
4766,0.4823751573646664,-0.002082760285830307,-0.0014179322709758635,0.046723873430917266,-0.2410230837389155,1.9796119791183555,0.8893817702047867,-0.22376941140164724,-0.33013828100535064,-0.0020827602858303033,-0.9999999611905644,-0.9231407571904838,-0.07737116496311636,-0.07737116196038511,0.9520524299582342,CCI,4766,0.004463234406881742,-0.006545994692712049,0.9990641707179195,-0.14376481976417327,True,0.9999999999852733,False
4790,0.5210855949895616,0.0007250318804928447,0.0024028404755227495,0.04912284853526232,0.06724448608238433,0.7070371564610904,1.0389964813537873,0.07409242873231371,0.11756873315995496,0.0007250318804928498,-0.9990927290413809,-0.8944459859388738,-0.012094761366799359,-0.012083788141059834,0.9544947643206068,ACN,4790,0.007281810636893125,-0.00655677875640028,0.9985930759870544,-0.137522706001478,True,0.9999999999852733,False
4743,0.4982078853046595,-0.0004135841758755011,-2.935562378669765e-05,0.04250215106691808,-0.2803550996502035,7.691497238153641,0.973067479706812,-0.04884872961143919,-0.0672642578428591,-0.0004135841758755015,-0.9997058069213114,-0.8988234964779831,-0.033077586486163,-0.033067855289159044,0.9771854123335865,TRV,4743,0.00614348044484112,-0.006557064620716622,0.9995719209858476,-0.15605355242365457,True,0.9999999999852733,False
4603,0.4933738865956985,-0.0003503493409016918,-0.0005505731301170824,0.05059839376129022,0.016136736961481178,0.8613823607764202,0.9821174818029111,-0.034758805614014135,-0.05449310648565405,-0.00035034934090168515,-0.9999882669673062,-0.9265099141548712,-0.04040962961290692,-0.040409155485401534,1.0067677224294043,COO,4603,0.006208276300526613,-0.006558625641428305,0.9963364150002051,-0.12797602611086326,True,0.9999999999852733,False
4626,0.4932987462170342,-0.0008145461781194417,-0.0006376331518961331,0.050383307997331865,-0.1358206956485084,3.91964654328821,0.9564361218818271,-0.08115761994445445,-0.11389154059701949,-0.0008145461781194421,-0.9999973705000567,-0.9252152933779808,-0.051626453145876196,-0.051626317394120574,0.9815834344641714,AME,4626,0.005747779008476032,-0.006562325186595474,0.9990009103926815,-0.13840458356707092,True,0.9999999999852733,False
4782,0.48243412797992474,-0.0013715436510278937,-0.0018648438745617057,0.044664671858338285,0.07495076490910847,1.9292924224682935,0.9231472931884043,-0.15415079073248555,-0.2425256609277227,-0.0013715436510278976,-0.9999975153146223,-0.9086498548563146,-0.05810021929522182,-0.0581000749344565,0.9895722826419262,PSA,4782,0.005199044407224328,-0.006570588058252221,0.9995535973019469,-0.15249938141822655,True,0.9999999999852733,False
4896,0.4973447712418301,-0.0013501623054945771,-0.0006084941734154636,0.04454948284503851,0.0009509518268521883,2.463027656254507,0.9211415959712198,-0.1521400597537408,-0.223720297333155,-0.0013501623054945726,-0.9999983114430467,-0.9113910807104224,-0.057531810859383636,-0.05753171371364438,0.930598901884682,MMM,4896,0.005243345491988322,-0.006593507797482899,0.9997692462062032,-0.15681387763937166,True,0.9999999999852733,False
4730,0.46765327695560255,-0.0019117864757625287,-0.0029407605243002566,0.046696938211843904,1.6307408320761063,16.58197117634069,0.8859512284549582,-0.20551865515670234,-0.33499625872714256,-0.0019117864757625287,-0.9999995521929317,-0.9195682195415459,-0.0721595309332738,-0.0721594986197258,0.998096953575839,CNP,4730,0.0047109408131853275,-0.006622727288947856,0.9994265348987943,-0.14799348809148347,True,0.9999999999852733,False
4863,0.5023647953937899,-0.0017651286538057857,0.0002960266395175548,0.06064876267550711,-0.4414328762717334,4.503641644846417,0.9216360917012365,-0.1461015052423103,-0.19340766951181007,-0.001765128653805785,-0.9999999988107959,-0.9171242815617109,-0.08843027005852193,-0.08843026995336029,0.9069231127506232,ORCL,4863,0.004860735552622244,-0.00662586420642803,0.9911473723781847,-0.11068315611193875,True,0.9999999999852733,False
4866,0.4625976161117961,-0.003497278933946077,-0.0030006731239710094,0.04112708794244302,0.021195602505135327,4.540940677931947,0.7962146283697795,-0.4268768296603949,-0.6384571638359082,-0.0034972789339460814,-0.9999999994937625,-0.9014015714361916,-0.10405384699123564,-0.10405384693855968,0.9200152147444676,PEG,4866,0.0031728964798872898,-0.006670175413833367,0.999752433064602,-0.16343520992821206,True,0.9999999999852733,False
4870,0.4833675564681725,-0.0008356370121723812,-0.0014020684968720776,0.06243765698965037,1.2623030787376295,53.505555026787015,0.9554824787141001,-0.06718484822960828,-0.09152139533685041,-0.0008356370121723848,-0.999999983179047,-0.9390098702213803,-0.07207388031227596,-0.07207387909992462,1.0188024730553913,DHR,4870,0.005841450275989332,-0.006677087288161713,0.9964670590042336,-0.11671351080874241,True,0.9999999999852733,False
4704,0.4976615646258503,0.00044327633505683784,0.0,0.054718327099683085,0.09580748736521989,2.5047642909763495,1.0222594966287548,0.04066698781652589,0.061356870327374934,0.00044327633505683584,-0.999887195067854,-0.8960303963074566,-0.026351164265444003,-0.026348191724147072,1.0261895843987925,PLD,4704,0.007142687260055314,-0.0066994109249984765,0.9978569684598405,-0.12896527487743553,True,0.9999999999852733,False
4779,0.49968612680477087,-0.0009941647291359305,0.0,0.07093964341320988,0.19855797436546,3.2350494097683438,0.9632654694072535,-0.07035089396882041,-0.10768725896638764,-0.0009941647291359344,-0.9999999981018777,-0.934841397971085,-0.08515041298063178,-0.08515041281900589,0.9628620919075018,DHI,4779,0.005755371652618008,-0.006749536381753938,0.9736992850646642,-0.09295155979651584,True,0.9999999999852733,False
4617,0.4674030755902101,-0.0026445180060694577,-0.002392769455189514,0.03700129460234521,-0.5514603152233338,4.538109382232694,0.826450523778903,-0.3587813662586298,-0.49869859347009804,-0.0026445180060694577,-0.9999999151429467,-0.9031191211247207,-0.08094460021730907,-0.0809445933485888,0.9390438759526739,ATO,4617,0.004118313355102493,-0.00676283136117195,0.9999626636383017,-0.18575302187208081,True,0.9999999999852733,False
4693,0.5141700404858299,-0.00012144951263091598,0.0020641792990370167,0.05994906332969786,0.17855163005134053,2.525283120696491,0.9945325330765982,-0.010169828866366526,-0.015227084016194142,-0.00012144951263091258,-0.9999847043219511,-0.9309571724761208,-0.04730043305587503,-0.04729970956367943,0.9380671551107906,WAB,4693,0.006656634901762249,-0.006778084414393165,0.9937264865907758,-0.11565747832547027,True,0.9999999999852733,False
4587,0.5155875299760192,-0.0008302128245212937,0.0012453965823818747,0.04438345218409587,-0.14489284226032925,6.441574193659882,0.9508116784824843,-0.09390065661117954,-0.1329320613611956,-0.0008302128245212918,-0.9999864153222081,-0.9364680214187217,-0.04508291260924156,-0.04508230017239984,0.8917126016381185,MAA,4587,0.005949422399293536,-0.0067796352238148295,0.9995439338080746,-0.15503338484614781,True,0.9999999999852733,False
2855,0.5061295971978984,0.0005228087055877554,0.0006861984297275026,0.05488809612614638,0.6830493545112568,5.688235499628062,1.0270425833802868,0.04781508301734647,0.07646848514440767,0.000522808705587758,-0.9841056613288,-0.8785894801052229,-0.024343953446226387,-0.02395702240555614,1.0021661194229787,FTV,2855,0.0073074330654267616,-0.006784624359839006,0.9959149134834289,-0.1265245910460603,True,0.9999999999852733,False
4785,0.4781609195402299,-0.0011485064870069713,-0.0017460495147217925,0.04006213049830527,0.10391641864592281,1.9844496931635494,0.92526709568962,-0.14391288570154193,-0.21861338800761965,-0.0011485064870069683,-0.9999752885199992,-0.9061204673616846,-0.048057168313183296,-0.04805598074942963,1.0065514865259895,CLX,4785,0.005639155146299471,-0.006787661633306442,0.9999617086463157,-0.17861332820282674,True,0.9999999999852733,False
4788,0.4853801169590643,-0.0014479498683519579,-0.0016236343554895116,0.05312058094600973,0.044751320509315524,4.743826344902516,0.9280036423926792,-0.13683304139764238,-0.20104975380826132,-0.0014479498683519602,-0.9999997174607202,-0.9446168254490953,-0.06995316389146893,-0.06995314412695239,0.9767198404873035,DOC,4788,0.0053413911448089305,-0.006789341013160888,0.994705603802601,-0.12362002435303016,True,0.9999999999852733,False
4729,0.49799111862973144,-0.0023963851993449516,-2.78067714865049e-05,0.07498108823785647,-0.13374119184894379,2.193299044513383,0.9169669444085513,-0.16043723170111704,-0.22855729376488565,-0.002396385199344958,-0.9999999999969192,-0.9521735677711445,-0.12472393243453347,-0.12472393243414923,0.9216393874373846,BBY,4729,0.004398784947108432,-0.006795170146453384,0.97914201844375,-0.09350438948658814,True,0.9999999999852733,False
4700,0.49617021276595746,-0.0009515531046595736,-0.0005221330744985542,0.04488314147186893,-0.09986931732959436,3.35395989023152,0.9435622114432812,-0.10642656726139052,-0.15193172955554565,-0.00095155310465957,-0.999995518047513,-0.9207988865340824,-0.04845066243288802,-0.04845044527932103,0.9573191219017169,AON,4700,0.005864718175666921,-0.006816271280326494,0.9997565525466394,-0.1587621243858119,True,0.9999999999852733,False
4609,0.4892601431980907,-0.0010346774100362414,-0.0008791222180929426,0.053766533014605405,0.5894801924442353,8.343732867636055,0.9437025673608223,-0.09660357632878891,-0.13960076104949087,-0.0010346774100362388,-0.999997483734054,-0.9279273170349861,-0.060482579908465596,-0.06048242771820944,0.9842964250255672,AFL,4609,0.005784255556130034,-0.006818932966166275,0.9995646980177371,-0.1413755935834098,True,0.9999999999852733,False
4807,0.5288121489494487,0.002381735135802446,0.004008113784921052,0.062071675213045095,-0.16970682830662803,1.2832931333658966,1.1054965822821328,0.1926195072143461,0.2871562929445688,0.002381735135802445,-0.9943186955022507,-0.7869582821066757,0.011004784044565221,0.010942262515476073,0.9815522369043169,CAT,4807,0.009203265476818353,-0.006821530341015907,0.9939213528506081,-0.11424110921069708,True,0.9999999999852733,False
4808,0.5037437603993344,-0.0013055957794129703,0.0007284307175410287,0.056952876873411024,-0.12639577760297055,1.7213888629938854,0.9408894499472815,-0.1150782744697206,-0.1681424200918121,-0.0013055957794129679,-0.9999999165670578,-0.9195143618952244,-0.07171340813866951,-0.07171340215540888,0.9269043053568183,DE,4808,0.005546222574641572,-0.006851818354054543,0.9965647528604038,-0.1242667644516599,True,0.9999999999852733,False
4802,0.5031236984589754,-0.00033809869765973906,0.0005214716269272834,0.0635528510049523,0.3856243085844219,9.80091729913795,0.9844874437476228,-0.026705992969513613,-0.03784013606502342,-0.0003380986976597375,-0.9999957984084108,-0.914506401925217,-0.058177703920785966,-0.05817745948183449,0.9677804962336938,KIM,4802,0.006532703313301633,-0.006870802010961372,0.9900240896618439,-0.10906083066711673,True,0.9999999999852733,False
4787,0.5067892208063506,-0.00019045572111157615,0.000871537598728489,0.05332116945005158,0.13249439138076932,3.872057923686426,0.9902715025827754,-0.017930591956882555,-0.026480054356901105,-0.00019045572111157233,-0.9999883034880531,-0.9240462463073227,-0.03999164236116912,-0.03999117459844647,0.9588407912477078,CSX,4787,0.006680974453701264,-0.00687143017481284,0.9977322279559964,-0.13163219563056044,True,0.9999999999852733,False
4806,0.5008322929671244,-0.0020695600742076134,0.0002858258324947016,0.05208327259915348,-0.5268487377876057,3.8760974081780173,0.8977657368793742,-0.19947112769890132,-0.26868673710862195,-0.002069560074207614,-0.9999999922374948,-0.9280365049501054,-0.08379939943573898,-0.08379939878524571,0.8906790941703139,AIZ,4806,0.004807780280407178,-0.0068773403546147915,0.9991034456682375,-0.13986531369388108,True,0.9999999999852733,False
4704,0.4976615646258503,-0.0005055124174496248,-4.077777267691429e-05,0.044735308007234194,-0.1546991338562433,2.662550766009696,0.970113416467955,-0.05672593547740591,-0.08196305010865881,-0.0005055124174496231,-0.9999616380065933,-0.9210743262822101,-0.03752243589548502,-0.03752099646004659,0.9767438370845665,ROP,4704,0.0063982121404437655,-0.00690372455789339,0.9998665100939815,-0.16373454564546316,True,0.9999999999852733,False
598,0.46488294314381273,-0.0025038253100360328,-0.004556148414528005,0.06327228189497089,0.011781444918673676,0.7265649298317745,0.9002885222105808,-0.198651019459876,-0.3017087119598836,-0.0025038253100360328,-0.9634500943865755,-0.7281487605309417,-0.111964702101988,-0.10787240280812514,1.0363033349186541,SOLV,598,0.0044022574079533765,-0.006906082717989409,0.96402401463498,-0.10970295770678948,True,0.9999999999852733,False
4564,0.5203768624014022,0.0008827749327097631,0.002952655046686292,0.081127762429825,-0.00383790623249238,2.262185492658096,1.0295275852020556,0.05462365605831441,0.08113721383225353,0.0008827749327097664,-0.999999382876436,-0.9334762441078092,-0.0601125356921579,-0.06011249859529563,0.9436974959936316,DAL,4564,0.007788947578129357,-0.006906172645419594,0.9688286734515407,-0.08670578818554629,True,0.9999999999852733,False
4538,0.5156456588805641,-0.0006899675582354635,0.0020641426761072723,0.047764048591301046,-0.47971201275740055,1.8762691390770465,0.9631951987472616,-0.07251499308868072,-0.1021789041860177,-0.0006899675582354645,-0.9999967490424732,-0.9284102863296716,-0.04571082132181888,-0.04571067271788025,0.9047448918147354,SHW,4538,0.006227090657415938,-0.0069170582156514015,0.9996759308125659,-0.15346601464720466,True,0.9999999999852733,False
4804,0.4829308909242298,-0.002225253228489203,-0.001375386210959395,0.06494016729026879,0.2750561819269637,3.333685069072109,0.9097315357652316,-0.17201499499110157,-0.25940873599220143,-0.002225253228489203,-0.9999999999665475,-0.9271083545470278,-0.10377049898772618,-0.1037704989842548,0.9634527514548163,HBAN,4804,0.004692099732014655,-0.006917352960503859,0.9914868504508181,-0.10971484472635291,True,0.9999999999852733,False
4644,0.5036606373815676,-0.0010421022601363756,0.0008818296940769077,0.06763855738100855,0.1724991231393554,1.8324664247957498,0.9602333321358469,-0.0773421555730927,-0.12108355089267875,-0.0010421022601363739,-0.9999999545924462,-0.9345115777885296,-0.08075156773635248,-0.08075156406962132,0.9438120695084703,GM,4644,0.005883198118108529,-0.006925300378244905,0.9784694159739378,-0.09840522595854448,True,0.9999999999852733,False
4508,0.5070984915705412,-0.0021600658829387144,0.0005801527387615524,0.04303016839255409,-0.5046254411695307,3.347746065669388,0.8728346527394011,-0.25199633370445934,-0.3402220637287087,-0.002160065882938718,-0.9999998733289582,-0.9394139381369935,-0.07541808141159986,-0.07541807185831292,0.8468710672685877,JKHY,4508,0.0047715487904028886,-0.006931614673341603,0.99988787713896,-0.16842939396727324,True,0.9999999999852733,False
4785,0.5118077324973876,0.0007064953644619289,0.0020979634091553567,0.0749445524126189,-0.06879669139606608,1.4275331711528931,1.0249875275879752,0.04732270015751475,0.07227676914847268,0.0007064953644619378,-0.999999348909254,-0.9190280872342935,-0.05262210446113426,-0.05262207019936901,0.9735079580112822,STLD,4785,0.007644369613197451,-0.006937874248735522,0.9838405795716811,-0.09686659109222523,True,0.9999999999852733,False
4761,0.5034656584751103,0.0005208800188201055,0.00044245623463279316,0.04785691726334873,0.24321077740873298,5.902403674731094,1.0311883054374908,0.05463780560318581,0.08096002166305731,0.00052088001882011,-0.9970706785080177,-0.8769975818913913,-0.015697028500920106,-0.0156510468579721,1.0131199246163083,EIX,4761,0.007462765522042031,-0.006941885503221925,0.9990526813862364,-0.1459392530840928,True,0.9999999999852733,False
5052,0.5021773555027712,-0.0014178235235569377,0.0002841557156278429,0.05545953563752526,0.048404701030126625,2.3974865639328566,0.933405235923878,-0.1283353262738624,-0.18968135516872242,-0.001417823523556936,-0.9999999954261173,-0.9226830487120176,-0.0721301032121348,-0.07213010288222016,0.9242073128264807,TEL,5052,0.005565280265335913,-0.00698310378889285,0.9970936963253486,-0.12805017098429688,True,0.9999999999852733,False
1981,0.47046945986875316,-0.0006763489426791023,-0.0027463746301279457,0.059959254463083124,0.3904300397443565,2.0845594416861086,0.9701369289097728,-0.05662586662180065,-0.09315847063022877,-0.0006763489426791051,-0.9958481060103276,-0.9157112211678117,-0.06044443893946854,-0.06019348003672664,1.0867199074912046,FOXA,1981,0.0063481903192737395,-0.007024539261952842,0.9911852692727312,-0.11837804611353224,True,0.9999999999852733,False
2953,0.4510667118184897,-0.003706715622505279,-0.0017331957091748507,0.053299428128476094,-0.23798330456699646,10.473208414199533,0.8114192446761463,-0.3491137785123033,-0.4631955239339686,-0.003706715622505276,-0.9999998996680363,-0.9366033827044944,-0.12255971186132289,-0.12255969956466632,0.9253347092065063,AMCR,2953,0.0033264041183698953,-0.007033119740875175,0.9992809276930364,-0.14390206959590096,True,0.9999999999852733,False
4689,0.48986990829601196,-1.591349905490836e-05,-0.001177913639062944,0.06866812043693604,0.4634931043120742,3.7670504070109807,0.9993571594696448,-0.0011633510680191575,-0.0018069868184421181,-1.5913499054907854e-05,-0.9999998850187404,-0.928334871513037,-0.057704594894669996,-0.05770458825972299,1.0319874541845875,KEY,4689,0.007025029961902772,-0.007040943460957681,0.9931757201630658,-0.10971667963766614,True,0.9999999999852733,False
4590,0.5093681917211329,0.00042490544227550495,0.0011568680857054758,0.047089604710041436,-0.2610197398505233,3.560486941108273,1.024581971701316,0.04529679968193357,0.06497639744809015,0.00042490544227550414,-0.9990832781684538,-0.9040860445161504,-0.01751545243848789,-0.01749939564084812,0.9847030326830013,ICE,4590,0.0074743381395603655,-0.0070494326972848605,0.9997939452529396,-0.1587608241600492,True,0.9999999999852733,False
4476,0.4906166219839142,-0.0018285751881425409,-0.0006939099398660664,0.048160961120367336,-0.46464014293900385,7.815528822245721,0.8995156529333134,-0.19059782817962437,-0.26028041123041395,-0.0018285751881425422,-0.9999999206880776,-0.9098181912762924,-0.07347998726409675,-0.07347998143625771,0.9339233555045331,CME,4476,0.00525319426445409,-0.00708176945259663,0.9998237479745815,-0.15847841259134177,True,0.9999999999852733,False
4828,0.512013256006628,-0.00029347502736918685,0.0010564947004420566,0.05531757078858615,-0.2455767937974591,2.0170073740135397,0.9859613835278758,-0.02663227839026386,-0.03810224537802973,-0.0002934750273691916,-0.99990882336247,-0.9195954906544642,-0.045571498703169046,-0.04556734364715009,0.9380991804439982,BLK,4828,0.006813263222783954,-0.007106738250153141,0.998789815595362,-0.13599941929506557,True,0.9999999999852733,False
4652,0.5045141874462596,0.0005571082764414156,0.0007023282216270799,0.06368921289023619,0.11511980695636533,5.064318288409796,1.0252880944948373,0.043911067905939016,0.06280879869874453,0.0005571082764414155,-0.9999199703532679,-0.8961397917742118,-0.03692208692211643,-0.03691913206054344,1.0043192710880404,DVA,4652,0.007721207065932116,-0.0071640987894907,0.9927849836021693,-0.11421572578552988,True,0.9999999999852733,False
4881,0.49661954517516904,-0.0012375848683722722,-0.0006623113087937949,0.051051643645528874,0.1169511163115921,1.9271085765279459,0.9379831951985246,-0.12169298164031196,-0.1875700220401649,-0.0012375848683722733,-0.9999980417819794,-0.9396383003283926,-0.06218042800167763,-0.06218030623884299,0.9480440710546144,TROW,4881,0.00593360827325999,-0.0071711931416322625,0.9990272663452805,-0.14356984333281728,True,0.9999999999852733,False
4710,0.4740976645435244,-0.003754392069026663,-0.0019488234702598195,0.04344663250398887,-0.17633108868380895,2.5536263333376708,0.7898115390843006,-0.4337942326558146,-0.6085869908960152,-0.0037543920690266634,-0.9999999999484753,-0.9176682249728642,-0.11219327954724398,-0.11219327954146326,0.872223580556151,WTW,4710,0.0034630208621732575,-0.00721741293119992,0.9998823479580139,-0.17042398396217448,True,0.9999999999852733,False
4813,0.5065447745688759,-0.0014809091579037594,0.0006704657320160123,0.0582372210716086,-0.14254295538688638,2.1447319972304335,0.9336826929316463,-0.1276521241104018,-0.1842893733220938,-0.001480909157903762,-0.9999999967004056,-0.943194002579741,-0.07765386873559582,-0.07765386847936956,0.909172564815311,INTU,4813,0.005765620105189177,-0.007246529263092936,0.9980163411613161,-0.13048188100251315,True,0.9999999999852733,False
4825,0.5046632124352332,-0.0008865047628676102,0.0009618275936951193,0.07667870982264025,-0.16376599559577898,1.005619954032296,0.9703254808200477,-0.05803721268698783,-0.08716500668031443,-0.0008865047628676057,-0.9999999971711518,-0.9478930908200596,-0.0934573961481066,-0.09345739588372981,0.950799423916482,SWKS,4825,0.0063910954333139865,-0.0072776001961815965,0.9791101876624223,-0.0954688699072041,True,0.9999999999852733,False
4573,0.5062322326700197,-0.002860278094275561,0.0007904123001440944,0.07282720521370216,-0.8233669767907307,7.944543127894455,0.8886990581470162,-0.1971582190388251,-0.237291922015634,-0.002860278094275564,-0.9999999999993758,-0.9253043135718081,-0.13459163466087032,-0.1345916346607863,0.8641302720902521,WMB,4573,0.004431867170355052,-0.0072921452646306124,0.989290352083023,-0.10468129899525343,True,0.9999999999852733,False
4648,0.49720309810671254,-0.0022569231943804975,-0.0002819808200191787,0.03557634046665943,-0.24908404026770692,2.599814502339978,0.8482040252262568,-0.3184606502400719,-0.46549143379796976,-0.0022569231943805005,-0.9999997353981879,-0.923138534740536,-0.07050119626953615,-0.07050117761479185,0.8562786632855289,CMS,4648,0.005057048448965741,-0.007313971643346238,0.9999990831131076,-0.21658047144416653,True,0.9999999999852733,False
4588,0.501743679163034,-0.0010572834295282853,8.597789283981694e-05,0.04819589193845,0.6238776007117972,8.012061155692129,0.9406158830854843,-0.11012392300981107,-0.16732607757730783,-0.0010572834295282836,-0.9999890641837634,-0.9339535168836982,-0.05421275571305972,-0.05421216285232556,0.9316265045329731,CPT,4588,0.006257387681911928,-0.007314671111440213,0.9998523835465314,-0.1618982515214068,True,0.9999999999852733,False
4773,0.497171590194846,-0.0015384657714042718,-0.0003132283763925825,0.04564979803038541,0.3319572372999348,4.662914307829392,0.9125011434007073,-0.169180088674403,-0.2593224680365039,-0.001538465771404273,-0.9999986955294773,-0.909193013022288,-0.06300011613307557,-0.06300003395128115,0.9201918399316867,ALL,4773,0.005783071985399618,-0.00732153775680389,0.999850913624263,-0.16606011415535119,True,0.9999999999852733,False
4828,0.4823943661971831,-0.0024806644951894828,-0.0014881961493445894,0.055674583643900065,0.1437662013546244,2.0417998105248207,0.8855685815373938,-0.22367184663389242,-0.3336088837053849,-0.0024806644951894836,-0.999999999596954,-0.928976284013237,-0.0969032696541422,-0.09690326961508572,0.946406268547262,CTSH,4828,0.004868027589289525,-0.0073486920844790075,0.9978980831299611,-0.13368456242293297,True,0.9999999999852733,False
4170,0.497841726618705,0.0010556663090600135,-0.0006247564519009652,0.07108257879842718,0.405783441899697,4.008303426351568,1.0426667407274182,0.07455276528336843,0.11341321246221689,0.001055666309060014,-0.9999244066765679,-0.8947446289185017,-0.036125445870260973,-0.03612271502774717,1.051707203797309,PSX,4170,0.008427221452847624,-0.00737155514378761,0.9879353057199625,-0.1055524568161397,True,0.9999999999852733,False
4629,0.4847699287103046,-0.0015934855167472545,-0.001598087948018856,0.04045883326988655,-0.23400665459535716,3.1713618929913263,0.9008195694064776,-0.19771291364188587,-0.2907838370960455,-0.0015934855167472547,-0.9999985356138086,-0.9135106339260115,-0.05928826221280418,-0.05928817539189168,0.9546118253336023,AWK,4629,0.005801480398442686,-0.007394965915189941,0.9999074912090966,-0.17965600197006848,True,0.9999999999852733,False
4787,0.5126383956548987,0.00011902094853092015,0.001296181347416825,0.056437812707144604,-0.125524764981556,1.1139433639897902,1.0055474609900878,0.010586526852772705,0.01591158965364643,0.00011902094853092487,-0.9999829939605792,-0.888867055699815,-0.036883616391911817,-0.03688298914767747,0.9555569189196761,GOOG,4787,0.007525200832012852,-0.007406179883481931,0.9986625804894534,-0.1368337529391892,True,0.9999999999852733,False
4761,0.5070363369040117,0.0005522085378363972,0.0007674076280923536,0.046331809600018765,-0.32560381580285236,5.976141077933768,1.0341643250866392,0.05983070558742294,0.08209736779438868,0.0005522085378363989,-0.9977918428068386,-0.88112767676926,-0.013603814018958348,-0.013573774659177956,1.0041761300758418,LMT,4761,0.007980132950850278,-0.007427924413013881,0.9999556142523321,-0.17289451120095425,True,0.9999999999852733,False
3196,0.5056320400500626,0.00036052310045781114,0.0007606538072102431,0.07368417151105994,-0.1761650844490641,1.0550330954768814,1.01299297396487,0.024561741872871915,0.036210886415192614,0.0003605231004578137,-0.9999560436435303,-0.9174529683951586,-0.058855868419210804,-0.058853281329678236,0.9803966653966935,ARES,3196,0.00784581883234092,-0.007485295731883108,0.9887475011044113,-0.10624105066422444,True,0.9999999999852733,False
4633,0.5199654651413771,0.002976991008278799,0.0015446614438807682,0.06473976504318674,1.8503794234383961,17.87431868159606,1.1533803412077366,0.23083766593685257,0.37521477605463643,0.002976991008278796,-0.9866829894750052,-0.6920154205259198,0.025308653076265272,0.024971617476875207,1.0628909744629202,VTR,4633,0.010476273344422032,-0.0074992823361432325,0.9987070923521925,-0.1285350020789468,True,0.9999999999852733,False
4924,0.5221364744110479,0.0004900716887765191,0.0028071912069135285,0.055741430747699626,-0.23198249058589493,3.555142212999675,1.0242926609071397,0.044134861983493257,0.061826763440846415,0.0004900716887765236,-0.9997528245448573,-0.893182845101437,-0.027158839984943787,-0.02715212698630936,0.9338553081160388,EFX,4924,0.00799685542485287,-0.007506783736076351,0.99835745739957,-0.1369556080620153,True,0.9999999999852733,False
4489,0.4771664067721096,-0.002524026201751087,-0.0032606449644829727,0.058975179454557936,0.10125881406783045,1.280532461448451,0.8942254902583396,-0.21484480574309384,-0.33647791933223353,-0.0025240262017510832,-0.9999999998363068,-0.941604783798082,-0.10225868008598078,-0.10225868006924174,0.9798072948815701,CSGP,4489,0.004983625895073885,-0.007507652096824972,0.9956901149863021,-0.12570607026843603,True,0.9999999999852733,False
4694,0.5051129100979974,0.0011954709412013013,0.0005970129287639625,0.07027407540702699,0.23457335267810556,3.678210487018797,1.0483943807118479,0.08539730279705816,0.12832863447202275,0.001195470941201305,-0.9998059512950904,-0.9052672825876502,-0.03179415591037135,-0.03178798629559325,1.0218639450970395,C,4694,0.008781148726111621,-0.00758567778491032,0.9952834645144221,-0.11540293843568754,True,0.9999999999852733,False
4678,0.4957246686618213,-0.0008255849234563967,-0.00030924854862424134,0.03579457752567486,0.11564105315875177,1.8044231465908052,0.9413731595887249,-0.11578299592496259,-0.17959524392597434,-0.0008255849234563989,-0.9998243869221078,-0.8588351301124567,-0.03631428252515164,-0.03630790526222595,0.9567988517251508,AEP,4678,0.0067695981897820424,-0.00759518311323844,0.9999873135529112,-0.20523212757759246,True,0.9999999999852733,False
3187,0.4772513335425165,-0.0019497097567999426,-0.0034246829271254997,0.06857665647735153,0.018299166967002553,3.0018472283592654,0.9250815745362847,-0.14272298773242717,-0.2063096472945926,-0.0019497097567999465,-0.9999998617196928,-0.9101832388001683,-0.10368142491929193,-0.10368141058219264,1.0126632620663472,GDDY,3187,0.005661428035270034,-0.007611137792069976,0.9882874303739473,-0.11009892175331182,True,0.9999999999852733,False
4773,0.5019903624554788,-0.0004356876363968423,0.0005002714787049056,0.06551434345370837,0.19493332752267817,2.6909681056289356,0.9821811496436484,-0.033384057006012845,-0.051294557309189165,-0.0004356876363968351,-0.9999997270055871,-0.9343331827711898,-0.06320970977766173,-0.06320969252176412,0.9711131650692001,PTC,4773,0.007198164856545623,-0.007633852492942465,0.9968054169522058,-0.12275610649797009,True,0.9999999999852733,False
4672,0.5102739726027398,0.0013523372726624077,0.002212620969075152,0.08493131398934627,-0.22444161842219887,1.6827710255943025,1.0433722019313898,0.07993140470456002,0.11630371861503398,0.0013523372726624051,-0.9999999363143129,-0.9398245420032401,-0.057718068251485476,-0.05771806457567064,0.9974183088094116,LULU,4672,0.009031640898135698,-0.0076793036254732905,0.9781971590192813,-0.09294248334791712,True,0.9999999999852733,False
4658,0.49248604551309577,-0.0006589562521524895,-0.0007969984132785712,0.05832853519977355,-0.01178659879220437,2.717565703253875,0.9693746896542512,-0.05671210705248472,-0.08232130210915539,-0.0006589562521524886,-0.9999992942199156,-0.901584262949225,-0.058215144513940005,-0.0582151034268504,0.9947288663670912,LDOS,4658,0.007021119605691018,-0.007680075857843508,0.9989552860228966,-0.1388300562466258,True,0.9999999999852733,False
4436,0.5045085662759242,-0.0003051201032733066,0.0005404145125841309,0.05751421140439572,-0.14326825048119088,1.2807797449295562,0.9860237342760092,-0.02663151810314629,-0.03895192003051413,-0.000305120103273316,-0.9999992033051249,-0.9408515693450077,-0.048693607437557344,-0.04869356864360985,0.9657569372354834,TYL,4436,0.007392082190506079,-0.007697202293779386,0.9991137141305352,-0.14128303666170633,True,0.9999999999852733,False
4422,0.4794210764360018,-0.006053779264955668,-0.003382637635529817,0.07335221686031625,-0.920516022945325,7.267279558843079,0.7882165858356777,-0.41429873592731736,-0.507766697945789,-0.006053779264955667,-1.0,-0.9654691716623628,-0.2032874329045169,-0.2032874329045169,0.8551406355764428,BIIB,4422,0.0016466615558915244,-0.0077004408208471925,0.9921099764124426,-0.10982087802194551,True,0.9999999999852733,False
4842,0.47335811648079307,-0.002824621374185078,-0.002574196290360986,0.048225497043925564,0.2702204731078546,4.9742604010389835,0.847693707961025,-0.2940246888555908,-0.4321540394424242,-0.0028246213741850747,-0.9999999984947114,-0.9317417190550453,-0.09585059724722514,-0.09585059710294233,0.9427448785308259,EG,4842,0.004882975449905283,-0.007707596824090361,0.9998906339339401,-0.1676619165002748,True,0.9999999999852733,False
4404,0.4909173478655767,-0.001693594608800144,-0.00022853347631346388,0.040569993739655995,-0.19689514203907496,7.521755262489993,0.8908044284100045,-0.2095582640849642,-0.2918828547596775,-0.0016935946088001488,-0.9999974761801773,-0.9026693852995147,-0.06182913396265604,-0.06182897791706213,0.9101697420710916,EVRG,4404,0.0060242895719354005,-0.007717884180735544,0.999990216166417,-0.19742109967630425,True,0.9999999999852733,False
4567,0.4931026932340705,-0.0022760056313947032,-0.0004931889969280734,0.05514660740011664,-0.08085894140505061,2.3872596141839093,0.8950881726070996,-0.20718332696024055,-0.29940565388853996,-0.0022760056313947015,-0.9999999959825681,-0.9335268378566522,-0.09184834687531698,-0.0918483465063225,0.9189359924811787,MNST,4567,0.005448224805992363,-0.007724230437387066,0.9988027167420609,-0.14221527372449214,True,0.9999999999852733,False
4798,0.5241767403084618,0.002826514218843057,0.0030418767210905195,0.06511688245291784,0.15614950363005856,1.8371920758634488,1.1225904243148186,0.2179003083920097,0.3411653295460254,0.0028265142188430535,-0.984242723552853,-0.7065714385723403,0.018285492253474322,0.017997362697064163,1.0150181411100985,SCHW,4798,0.010556959690308195,-0.0077304454714651385,0.9942524525238419,-0.11900273877080272,True,0.9999999999852733,False
4813,0.4922086017037191,-0.0018529558279535728,-0.0005172043031825835,0.04936976037014445,-0.030922867976222845,4.185268724566884,0.902921015359213,-0.18841015964739674,-0.27287810749572816,-0.0018529558279535702,-0.9999999696541599,-0.9153675631841584,-0.07491741607653356,-0.07491741380310163,0.9276951251094658,SYK,4813,0.0058896169682353785,-0.007742572796188951,0.9999510274814344,-0.17034959350122672,True,0.9999999999852733,False
4816,0.4964700996677741,-0.0012077325965108633,-0.0004624799299572935,0.06215971064845694,-0.08173762127173191,3.692440334740203,0.9481334584820246,-0.09753535616896544,-0.1386424954083184,-0.001207732596510861,-0.9999999943491106,-0.9110698287994935,-0.07694748585918534,-0.07694748542436361,0.9608228230455649,MAR,4816,0.006536410877565044,-0.007744143474075907,0.9978725198814231,-0.13004434041954788,True,0.9999999999852733,False
4802,0.4831320283215327,-0.0025703582333470817,-0.002118416346747587,0.06285367316431383,-0.14039615308316364,1.3511254377364743,0.8960821559181691,-0.20528785791967735,-0.2978604075691377,-0.002570358233347083,-0.9999999999048265,-0.939206839591395,-0.10919358684204077,-0.10919358683164843,0.9578809252918359,IP,4802,0.005187596454919041,-0.007757954688266122,0.9948312008556859,-0.12219250557351623,True,0.9999999999852733,False
4752,0.4941077441077441,-0.00013882315784926217,-0.00036822754603343943,0.052921119292813075,0.09340045444758711,2.414046820354902,0.9929709092379854,-0.013168404804939329,-0.02001840965445111,-0.0001388231578492577,-0.9999170505548384,-0.9140981462334289,-0.03819802567250838,-0.038194857167472576,1.0128472434518632,BNY,4752,0.007621620690216347,-0.007760443848065609,0.999198923342169,-0.14816407706638426,True,0.9999999999852733,False
4552,0.5092267135325131,-0.0004752400704208673,0.0006618673104618611,0.0366012072722154,0.16229363535745556,3.055401516866052,0.9660662578671594,-0.06518053357713388,-0.09886349862278392,-0.0004752400704208688,-0.9997147697503729,-0.893596585769179,-0.028465222818226422,-0.02845710367561629,0.9281404470535651,WM,4552,0.007294066350811711,-0.0077693064212325785,0.9999999291864425,-0.23127773963501114,True,0.9999999999852733,False
4642,0.487505385609651,-0.002130127752279964,-0.001324594660055689,0.04234238963147093,-0.3480884064837443,4.742638551175601,0.8701387477846109,-0.2525402213604278,-0.34377002418909686,-0.002130127752279963,-0.9999999544549183,-0.9081570104735907,-0.07393617754674131,-0.07393617417931206,0.9128189956874354,HSY,4642,0.005647204085016748,-0.007777331837296712,0.9999888521609188,-0.19273329482514054,True,0.9999999999852733,False
2443,0.5509619320507573,0.02583531576962545,0.020137416306384104,0.2108150347199979,0.1433296200369068,3.1508828131833972,1.4128659451303711,0.6151945283989924,0.9437362183293557,0.025835315769625444,-1.0,-0.9464460095564021,-0.2600843097686624,-0.2600843097686624,1.1514962420564763,CVNA,2443,0.03361683820322685,-0.007781522433601397,0.7923659775624398,-0.03870400756232092,True,0.9999999999852733,False
4665,0.47438370846730976,-0.0011807480488310272,-0.0022028286113020545,0.06272700343952496,1.6977095246835134,16.307720500155007,0.9425481614437997,-0.09449372420451524,-0.14769709938942333,-0.0011807480488310283,-0.9999998473678626,-0.9355614640644838,-0.07452505510214924,-0.07452504372723079,1.0430639165729172,SPG,4665,0.006608208336646363,-0.00778895638547739,0.9976564452314947,-0.12916536576031168,True,0.9999999999852733,False
4640,0.4939655172413793,-0.0006152482192774116,-0.0005202402030960451,0.05257112555430594,0.6575017996428731,12.36254138807312,0.9638091678695483,-0.05874938982623933,-0.08172599854867937,-0.0006152482192774145,-0.9999929837689407,-0.9279759456363821,-0.04904160080324187,-0.049041256716039115,0.9839936530605335,ACGL,4640,0.007174357149083304,-0.007789605368360716,0.9999060189779944,-0.16219242557068295,True,0.9999999999852733,False
4778,0.5006278777731268,0.00034733814703320775,0.0002790219360440105,0.054979099284996294,0.01568388924755289,1.9259617791942842,1.0171394309847992,0.03171430020779612,0.04768963237752742,0.00034733814703320764,-0.9994031247657001,-0.8296451219521809,-0.029151951469807317,-0.02913455139194348,1.0094853717215357,CVS,4778,0.008150180513732277,-0.0078028423666990695,0.9988874072422683,-0.1433983968092725,True,0.9999999999852733,False
4792,0.4732888146911519,-0.0023854669323959744,-0.00203053977272738,0.04060459381293406,-0.01690090115973029,2.6572877992097395,0.854550958286505,-0.29491611261760714,-0.4384968946293221,-0.0023854669323959705,-0.9999999307769426,-0.9396800508955998,-0.07795702391188208,-0.07795701851545854,0.9389510529320856,T,4792,0.005465787475497877,-0.00785125440789385,0.9999955617602797,-0.20229325523509342,True,0.9999999999852733,False
4861,0.4885825961736268,-0.0017443458626457407,-0.0014665060554835962,0.052196909955038694,0.1246424507310053,1.8855486327587183,0.9150558339378077,-0.16775986819712976,-0.2588012219841871,-0.0017443458626457443,-0.9999999840345742,-0.9463549882542507,-0.07551234727229664,-0.07551234606670987,0.9566667939652953,PPG,4861,0.006134130792519354,-0.007878476655165095,0.9996542051387981,-0.15588906878844913,True,0.9999999999852733,False
4578,0.5192223678462211,0.0013556684915818327,0.0025358933807596573,0.051771957666768675,-0.0634908784028943,1.968124634656279,1.0725485172229516,0.13144957470282878,0.19616389619068794,0.0013556684915818316,-0.9980046204800869,-0.8484791508580893,0.000161379598597213,0.00016105758505124032,0.9908778055623062,VRSN,4578,0.009234145259650335,-0.007878476768068502,0.9998450951029553,-0.1617073450094337,True,0.9999999999852733,False
4285,0.5052508751458576,0.0009936486879205553,0.0006338239466134876,0.058130654606836994,0.22424834685411338,1.802363934252738,1.0463270084080323,0.08580802778402391,0.13813121301208212,0.0009936486879205501,-0.9997615567549757,-0.9220430532433991,-0.017277720358228804,-0.017273600602519965,1.0197459527671815,DPZ,4285,0.008884231746441111,-0.007890583058520556,0.9985945677391993,-0.13906444073577673,True,0.9999999999852733,False
4740,0.510548523206751,0.0020072504604969573,0.002022099265044597,0.06187932178060673,0.03985178912527832,1.1129017731545066,1.0896394127382965,0.16283819943866099,0.253469648163625,0.002007250460496955,-0.9997393027036037,-0.9195342659034275,0.002184812086608564,0.0021842425120044513,1.0428119338437583,IBKR,4740,0.009909623317189383,-0.007902372856692427,0.9974110606108797,-0.12998958030342145,True,0.9999999999852733,False
4358,0.505277650298302,-0.0013550563820860526,0.0005195314021744224,0.049005511292123355,-0.966742750612923,6.968401810564961,0.9268522297177584,-0.13880742945418567,-0.17905045258403704,-0.0013550563820860576,-0.9999992829716977,-0.9081193727498897,-0.06378840456826243,-0.06378835883017099,0.9074901940379142,AZO,4358,0.006555362430588308,-0.00791041881267436,0.9999165162339457,-0.17058842817047973,True,0.9999999999852733,False
4732,0.4970414201183432,-0.0014455342361472192,-0.00018817307307561482,0.060808374310465735,-0.09991437451068219,1.2206060914467098,0.9392024811965602,-0.11933429164173792,-0.17634263828811192,-0.001445534236147225,-0.999999993443984,-0.9288308800803007,-0.08032376196319209,-0.08032376143658822,0.9475882176358151,ADBE,4732,0.0064752924744233735,-0.007920826710570593,0.9973971142754277,-0.13120298679626916,True,0.9999999999852733,False
4630,0.5138228941684665,0.0012606426287527766,0.0016257392423728034,0.0656709164520816,0.29411039253674215,5.324344909068959,1.0575341604555215,0.09636496813549669,0.14011624689317786,0.0012606426287527749,-0.9999813442305459,-0.9149642672582451,-0.022479863873200903,-0.022479444494043124,0.9948555910464301,IT,4630,0.009226151890022037,-0.00796550926126926,0.9971857277514334,-0.12639996931912148,True,0.9999999999852733,False
4747,0.4885190646724247,-0.004153413668221585,-0.0015419585203394481,0.05570720105809601,-0.47970275322437733,4.251162248484306,0.8150072619660098,-0.37427784457207836,-0.5031876481090559,-0.004153413668221584,-0.9999999999999033,-0.9205929188773889,-0.13542589623654255,-0.13542589623652945,0.8526121679730659,CI,4747,0.003824504460182706,-0.007977918128404291,0.9992569165967259,-0.1469488206401823,True,0.9999999999852733,False
4915,0.5153611393692777,0.0003611633120422202,0.0017910087606604064,0.05349412595390516,0.094410819526917,7.346711613300894,1.0190896781912593,0.03389204711897751,0.050035279341558415,0.0003611633120422196,-0.9998112142207469,-0.9248372198491644,-0.02704836948432022,-0.027043263136809596,0.9559246251016315,CVX,4915,0.008339121079372808,-0.007977957767330589,0.9987562291475804,-0.14558072994450524,True,0.9999999999852733,False
4875,0.486974358974359,-0.0008017824738450306,-0.0008573084914700324,0.058625348856416695,0.4671677700795411,4.084654937849084,0.9628797834666842,-0.0686548763216426,-0.1062559888770499,-0.0008017824738450301,-0.9999993801593723,-0.9285027149983003,-0.06131902934783408,-0.061318991339808435,1.0115510446360196,WFC,4875,0.007212521333537289,-0.00801430380738232,0.998667262620459,-0.13942541698604932,True,0.9999999999852733,False
4692,0.5010656436487638,-0.0008574740954422678,0.00044407960521236634,0.10703439160187597,0.028572324001417005,1.8651136374953055,0.9787511108670831,-0.04021591314949482,-0.060386657832208424,-0.0008574740954422622,-0.9999999999999966,-0.9772883081523175,-0.1565359084582121,-0.15653590845821158,0.9737553587061283,FSLR,4692,0.0071622847696634585,-0.008019758865105727,0.9388752493369189,-0.07384445544332383,True,0.9999999999852733,False
4783,0.4873510349153251,-0.0012834717691915002,-0.001378505043677536,0.04662122528552692,0.06669769818388886,2.331638065279166,0.9293232052820943,-0.13819836581611986,-0.21164651948259874,-0.0012834717691915,-0.9999996298247893,-0.9224160934553611,-0.058160405868378985,-0.05816038433883849,0.9747727314091464,UNP,4783,0.006754034866789427,-0.008037506635980927,0.9999235313073807,-0.17598779000917125,True,0.9999999999852733,False
4517,0.48018596413548814,-0.002975638607608986,-0.002007806300064141,0.05125877955164049,-0.35274268786189306,3.142095860097575,0.8574161482095046,-0.2914151953879218,-0.41456364821192376,-0.00297563860760899,-0.9999999992842834,-0.9374833908286909,-0.10335725183025658,-0.10335725175628208,0.9258038815613923,SBAC,4517,0.0050756105494683,-0.008051249157077287,0.9998063527060959,-0.1630951139787769,True,0.9999999999852733,False
4748,0.5004212299915753,-0.0007242774159039403,0.00018060569886796385,0.04712525456109048,-0.17661546323225916,2.0231473910130955,0.9592443069225943,-0.07715276672587593,-0.10962837145288733,-0.0007242774159039421,-0.9999950525504647,-0.9140495829261311,-0.045524163452132185,-0.04552393822363087,0.9552070834086104,NOC,4748,0.0073363343037593275,-0.008060611719663267,0.9999122468882337,-0.17468552952152025,True,0.9999999999852733,False
4457,0.5045995063944357,-0.0017475039945865887,0.000784846019348362,0.035479680235183046,-0.545495694972049,3.5225238472280314,0.8769323928237404,-0.24725139495976214,-0.3313985424958962,-0.001747503994586586,-0.9999970699819465,-0.9034933405284525,-0.058483647345267675,-0.05848347598712512,0.859385946546698,RSG,4457,0.006322496843535125,-0.008070000838121713,0.9999995018389728,-0.23063970465609962,True,0.9999999999852733,False
4599,0.5103283322461405,0.00015108655352391007,0.0012333954544577752,0.052609972294204735,0.07018880004949665,2.0898385592442317,1.0076632234881402,0.01441643943547727,0.02177906180052026,0.0001510865535239124,-0.999967291837004,-0.9170011276105792,-0.03072510078563605,-0.030724095824031485,0.9647291278985304,JPM,4599,0.00825130601853916,-0.008100219465015249,0.9994853806364424,-0.15486285716892315,True,0.9999999999852733,False
4798,0.48561900791996665,-0.002206391229175782,-0.00115439654974403,0.0482219141600638,-0.6863368311939524,12.403493371363332,0.8726889239255706,-0.2296880217014163,-0.28826993419435315,-0.0022063912291757828,-0.9999999760388748,-0.9500724284505965,-0.08273325800590464,-0.08273325602352269,0.9225033560638113,FRT,4798,0.005940749972405799,-0.008147141201581581,0.9999321230261581,-0.1750943033377924,True,0.9999999999852733,False
4978,0.495781438328646,-0.001698544215852967,-0.0003051882730120692,0.04123013995511427,-0.0643042949506301,1.824567411015857,0.8954680106132288,-0.206805611174536,-0.30315083343292776,-0.0016985442158529655,-0.9999991223257003,-0.9099132650362957,-0.062422151389789314,-0.06242209660347131,0.9092556055902559,LIN,4978,0.006461063869865024,-0.00815960808571799,0.9999855729339344,-0.19790413265001522,True,0.9999999999852733,False
4640,0.5004310344827586,-0.0014873276521126125,0.00017875797656130565,0.05280708484837388,-0.053100637662675414,2.1799996629402907,0.9264620693557724,-0.14138870908565843,-0.20411740501375525,-0.001487327652112614,-0.9999997915296679,-0.9137716400467011,-0.07046126175287366,-0.07046124706379102,0.9240681105202276,CAH,4640,0.006712685232567823,-0.008200012884680436,0.9998737825724798,-0.16471003804649387,True,0.9999999999852733,False
4486,0.5075791350869371,-0.0005904976546480202,0.0011941612358377096,0.06661021125574888,-0.20494643901664156,4.749624193293606,0.9758037733006877,-0.04450180602273493,-0.06354123458876643,-0.0005904976546480291,-0.9999995954095111,-0.940693606468393,-0.07000889624513405,-0.07000886792020049,0.9466625099785767,HUM,4486,0.007625768657898147,-0.008216266312546168,0.9947945374281775,-0.12224433016107719,True,0.9999999999852733,False
4856,0.4903212520593081,-0.001649815840322911,-0.0008229701112978938,0.04378852410357246,0.31051998317503665,3.8568127981760982,0.902518924694115,-0.1891365365239553,-0.2897790436314006,-0.0016498158403229109,-0.9999992104723813,-0.8896921963064707,-0.06366140971887903,-0.0636613594564378,0.9377706088589838,GD,4856,0.0065856335038573174,-0.008235449344180228,0.9999810436419987,-0.19185145141794008,True,0.9999999999852733,False
4908,0.502241238793806,0.000968867226457323,0.00038408647757492975,0.05150845403177628,0.10287449324747323,1.1817946384793068,1.0505072472204273,0.09442478847014536,0.1497883109032187,0.0009688672264573199,-0.997238371106485,-0.8848246215964233,-0.009004314950828398,-0.008979448374493881,1.0364436613550019,TXN,4908,0.009272050350437263,-0.00830318312397994,0.9995270622953769,-0.158345093214231,True,0.9999999999852733,False
4699,0.5045754415833156,-0.0015980896436208524,0.0003370264244983989,0.035907990007360564,-0.44542227281843333,4.622549877425909,0.8887838191811023,-0.22341396274671654,-0.31163696243042077,-0.0015980896436208532,-0.9999980646970356,-0.89479760456986,-0.05527415185212803,-0.05527404487989809,0.8692913018477335,WEC,4699,0.006723552244291979,-0.008321641887912831,0.9999993940831979,-0.23149229353064232,True,0.9999999999852733,False
4629,0.5044286022899114,-0.0018354461244504917,0.0011093846519416584,0.07131530386405616,-0.21691171718748228,0.7399568056935042,0.9359069344243744,-0.1291990066630228,-0.1917613836774363,-0.001835446124450496,-0.9999999999595115,-0.9497583411795717,-0.10587670853824609,-0.1058767085339593,0.9186718174306922,BX,4629,0.006490802553699478,-0.00832624867814997,0.9956231697296765,-0.12050076892509884,True,0.9999999999852733,False
3839,0.4790309976556395,-0.0029444349290316555,-0.0037112260570124622,0.07531236065450367,0.2326494587862473,1.879907897204105,0.901120979006513,-0.19626188724738913,-0.3101283666916912,-0.00294443492903166,-0.9999999999792881,-0.9281596499726876,-0.13612374321603654,-0.13612374321321716,0.9800119401919662,WDAY,3839,0.005396252295198046,-0.008340687224229702,0.9904686977650831,-0.11147349449155525,True,0.9999999999852733,False
4576,0.5185751748251748,0.0010938626303142443,0.0014792904842599874,0.04477710800825368,-0.030888459084781397,1.0126602508661016,1.0652332761960384,0.12263290480501607,0.191168594715695,0.0010938626303142462,-0.9959505384981286,-0.8318257855905727,0.0022347920558703415,0.0022257423514754067,0.9889207363926981,BR,4576,0.009445621108748655,-0.008351758478434411,0.9999900379885107,-0.1950456171142661,True,0.9999999999852733,False
4665,0.505037513397642,-0.003537424571954649,0.001039377916654205,0.06747524910162621,-0.12410306345421906,1.3981418005187995,0.8716255139662277,-0.263173988296921,-0.38396654356346654,-0.0035374245719546477,-0.9999999999999184,-0.931011990642564,-0.1375502813404484,-0.13755028134043717,0.8527575592920861,CRM,4665,0.004819362553798323,-0.008356787125752971,0.9974231725471029,-0.12857726378144124,True,0.9999999999852733,False
4542,0.5002201673271687,0.00012471957898398835,0.0001470479916385603,0.05336541250291319,0.009546155046758075,1.54334218387016,1.0062138090907282,0.01173208054070971,0.017702340344683702,0.000124719578983995,-0.99999182711598,-0.9255029851201991,-0.032408526533238516,-0.0324082616621099,1.0026708027206903,CPRT,4542,0.008558201322628776,-0.008433481743644788,0.9997818427846461,-0.16262215895569582,True,0.9999999999852733,False
4714,0.4953330504879084,-0.0016922960319929851,-0.0004666291571843173,0.04076710113518574,-0.21527091419498118,0.40342294329959305,0.8988359472298054,-0.20838515424518092,-0.30958225260765787,-0.001692296031992984,-0.9999991162901819,-0.9228176351284899,-0.06187647136999185,-0.06187641668914659,0.9115389820300553,PGR,4714,0.006779695608569038,-0.008471991640562023,0.9999972293934012,-0.21209692823094173,True,0.9999999999852733,False
4888,0.4969312602291326,0.0004185499362559205,-0.0004244624291691035,0.051384668858765116,0.5234636825751452,6.870123512018328,1.0241436255012712,0.040889706040868674,0.0609495094877742,0.00041854993625591724,-0.9998970257653562,-0.9160617637422905,-0.02226949170541926,-0.02226719852155499,1.0359493157087787,CINF,4888,0.008900960393314223,-0.008482410457058302,0.9998963120154369,-0.17052690237331625,True,0.9999999999852733,False
4475,0.4793296089385475,-0.003235839313080084,-0.0019392209106012803,0.052364804525627334,0.061988864647976864,7.312132567414096,0.8423153569307397,-0.31020424081407233,-0.44710448217392407,-0.003235839313080087,-0.9999999996256174,-0.9321238942296364,-0.11032037305875207,-0.11032037301745004,0.9149626021671904,NVR,4475,0.005281240829367903,-0.008517080142447987,0.9999100576814359,-0.17049990237183674,True,0.9999999999852733,False
4781,0.5101443212717005,-0.000517859058886334,0.0016481950320508254,0.053515551875166614,-0.16174458950479728,2.211860519367346,0.9741577815798194,-0.04857712856547863,-0.0695264134248662,-0.0005178590588863358,-0.9999927396116415,-0.9126284339677613,-0.04844960429080233,-0.04844925252785936,0.932619278388224,APH,4781,0.008004779675442053,-0.008522638734328387,0.9994504270262148,-0.15637633443584031,True,0.9999999999852733,False
4659,0.5009658725048294,-0.0009510573383932921,0.00016316098769331155,0.05420204321514655,0.010214099282685383,1.3758284489795019,0.9547133572698127,-0.08808284087931215,-0.13319229214021877,-0.0009510573383932942,-0.9999982211662791,-0.9220540241316898,-0.05944285736533438,-0.05944275162637524,0.9510319432957646,WAT,4659,0.007579237127519942,-0.008530294465913234,0.9997696726491816,-0.1618334133848233,True,0.9999999999852733,False
4571,0.5042660249398381,-0.00047157772098002616,0.0002585231260276988,0.04046712097174704,0.7004964907598444,9.603541430440949,0.9667573453482333,-0.058499377134858345,-0.08811654774758955,-0.0004715777209800265,-0.998689892334957,-0.874296383334291,-0.031876933032878405,-0.03183517081857397,0.9483029751984189,DTE,4571,0.008134416317013752,-0.008605994037993779,0.9999999584682411,-0.23349597621456367,True,0.9999999999852733,False
4477,0.5155237882510609,-0.00029523849477360216,0.0017769001325977918,0.05329527317453503,0.0009302839446918448,2.6133836322249966,0.9851799763462126,-0.027808948016334198,-0.04043768409542508,-0.0002952384947736003,-0.9997179231506443,-0.9296818792982458,-0.04260310902374937,-0.042591091672983195,0.9202981061535678,CSCO,4477,0.00831198755398053,-0.008607226048754132,0.9998852102294885,-0.1685318944293387,True,0.9999999999852733,False
4724,0.5038103302286198,-0.0012520838802418251,0.00044297109573321336,0.06292874369749572,-0.19567541774105385,10.485077849462375,0.9411002947567871,-0.09988140276581135,-0.12970292439383593,-0.0012520838802418284,-0.999999996555003,-0.9337133214262541,-0.08013446564945971,-0.08013446537339672,0.923701801912544,STZ,4724,0.007364262572008967,-0.008616346452250793,0.9993405773855739,-0.14466656967893002,True,0.9999999999852733,False
4383,0.5065023956194388,0.0008940753159789754,0.0008539966835063861,0.07577656428713538,-0.2511060492553207,3.849664254040481,1.033115898189403,0.05922969070668934,0.08300127312935354,0.0008940753159789767,-0.9999953484994893,-0.938246606230754,-0.051001891385095345,-0.05100165414977152,1.003797744321866,APTV,4383,0.00951047311621215,-0.008616397800233174,0.9943517303892815,-0.11716416663387981,True,0.9999999999852733,False
4841,0.4934930799421607,-0.002448220313386878,-0.0007712038107887675,0.055175497932079855,-0.07015999084072391,4.056666845463623,0.8879176490814163,-0.2227432265185159,-0.3237219643509549,-0.0024482203133868764,-0.9999999983997289,-0.9334933006644649,-0.09592031679795814,-0.09592031664445962,0.9091027918179759,PNR,4841,0.006171869955590423,-0.008620090268977301,0.9995699942139706,-0.15691498518680935,True,0.9999999999852733,False
4517,0.5209209652424175,0.000408717784479111,0.0031940093920548307,0.08747262977689339,-0.16501995972892566,1.6402810082170731,1.0126883314584119,0.02345587413659118,0.03323222596963082,0.0004087177844791165,-0.9999999997117506,-0.9429204924527143,-0.08495869945544349,-0.08495869943095419,0.9291942658813052,GNRC,4517,0.009059262126608137,-0.008650544342129026,0.9850103619485544,-0.10100923453971009,True,0.9999999999852733,False
4616,0.4837521663778163,-0.002664098557006028,-0.001627153219004307,0.04550662610220741,-0.11605841238754802,0.9347482831272176,0.8580618265998186,-0.29388398485809986,-0.43640768117261786,-0.0026640985570060317,-0.9999999920030714,-0.9460618238880355,-0.08940182182599535,-0.08940182111105537,0.9137801270283781,CMCSA,4616,0.005991820416654788,-0.008655918973660815,0.999991489446598,-0.1976144088325826,True,0.9999999999852733,False
4945,0.48129423660262893,-0.0011709025666645546,-0.0015124209806457456,0.04213066954758862,0.3992957292605714,9.241003408770844,0.9224481307333676,-0.13951556664265558,-0.2029953487650522,-0.001170902566664557,-0.9999926697731428,-0.9136738566320207,-0.0506078169407508,-0.050607445973971876,0.992213115410681,CB,4945,0.007492642691629223,-0.008663545258293779,0.9999980702827599,-0.21263754645593994,True,0.9999999999852733,False
4922,0.5052824055262088,-0.0014161399833235433,0.00047428529735038527,0.046198044757191595,-0.16593790124039362,2.698755534761718,0.9206280867793598,-0.15388024176140058,-0.2179901881003469,-0.0014161399833235444,-0.9999992657705924,-0.924724281502118,-0.06104275955439015,-0.06104271473500096,0.8998982223404196,ITW,4922,0.007249279089650033,-0.008665419072973576,0.9999830627530412,-0.19218767800725264,True,0.9999999999852733,False
4535,0.49922822491730984,-0.0016698014104170327,0.0,0.05921949817063878,-0.03466451681153057,1.36116567303639,0.9285476101657394,-0.14154690284479474,-0.21339781955542558,-0.0016698014104170357,-0.9999999849596123,-0.9414383105316093,-0.08318146497456046,-0.08318146372347897,0.9293678819061685,CPAY,4535,0.00699940472873392,-0.008669206139150953,0.9989789132573527,-0.14622057473926497,True,0.9999999999852733,False
4829,0.5013460343756472,-0.0009026189571230737,0.0004529649864162266,0.06065134003236217,0.24252045707094202,2.209124267867459,0.9609332522109799,-0.07470752008583496,-0.11704615049884053,-0.0009026189571230692,-0.9999998699263121,-0.9398469961104922,-0.06681637169114726,-0.06681636300009539,0.9549795145888549,RJF,4829,0.007771175901563216,-0.00867379485868629,0.9996460541513023,-0.15161420291066718,True,0.9999999999852733,False
4725,0.49523809523809526,-0.0014833052245240795,-0.0008248419448984023,0.056886316138413724,-0.046461485580679744,1.5943665833074077,0.9336293162048609,-0.1308949785557046,-0.19889927344967948,-0.0014833052245240737,-0.9999999943706327,-0.9392933738324435,-0.07566584497391711,-0.07566584454796628,0.9507857523573434,TSCO,4725,0.007191345513432734,-0.008674650737956813,0.9993591927596029,-0.15229848689499542,True,0.9999999999852733,False
4752,0.5048400673400674,-0.0013110995039744761,0.0006397141368446047,0.06887970243535559,0.11724086846342077,2.344572707176832,0.9494511337734388,-0.09555307357608815,-0.14210556289535536,-0.0013110995039744798,-0.9999999983105017,-0.9483289835765094,-0.0891989202488838,-0.08919892009818238,0.9308499652501576,CRL,4752,0.007363955407373957,-0.008675054911348432,0.9944207726060853,-0.12249736546722476,True,0.9999999999852733,False
4687,0.506294004693834,-0.0013606742613009228,0.0007676017099587096,0.05488990562971351,-0.2578014914520239,4.635590426438168,0.9344487039551339,-0.12444055975363194,-0.17427357034278995,-0.0013606742613009246,-0.9999999100696227,-0.9176558532914654,-0.0706061620140011,-0.07060615566436232,0.9112154660565445,HUBB,4687,0.007363836013387578,-0.0087245102746885,0.9997891087003199,-0.16314358234934195,True,0.9999999999852733,False
4744,0.4816610455311973,-0.0024837614515205836,-0.0019346111485263329,0.04684798554908703,-0.3686893328563456,2.782883654189013,0.8692221880370693,-0.2661455639012879,-0.38049770600193966,-0.002483761451520586,-0.9999999947635473,-0.9342529273710811,-0.0869595148519856,-0.0869595143966262,0.9346516043794656,AMT,4744,0.006250043370731894,-0.008733804822252477,0.9999875908392717,-0.19353688182543108,True,0.9999999999852733,False
4731,0.492284929190446,-0.0025634189895960197,-0.0005250003797897529,0.04232933522571563,0.13608597862774732,8.40692896027768,0.8448927606065182,-0.304003385134726,-0.4316555573219372,-0.0025634189895960228,-0.9999999571808135,-0.9030773070803865,-0.08379264055878842,-0.08379263697085572,0.8677473093047623,ETR,4731,0.00618188673222844,-0.00874530572182446,0.9999985143503963,-0.2146772314007318,True,0.9999999999852733,False
4744,0.49093591905564926,-0.0020850520385763687,-0.0007048807341116792,0.05653217786965538,0.24869183111807885,5.80610408091081,0.8997689815503537,-0.18514903472593217,-0.26262709071655377,-0.0020850520385763648,-0.9999999942880191,-0.9209234744624111,-0.08899759588903668,-0.08899759538068411,0.9310619345368624,HIG,4744,0.006682260873609546,-0.008767312912185915,0.9996579982044513,-0.15800137501050338,True,0.9999999999852733,False
4871,0.4994867583658386,-0.0012906775305049222,-0.00011189539635991785,0.04450328626990064,-0.31023115197664963,3.551315774817091,0.9251818731174716,-0.14558811999232538,-0.20516220334159463,-0.0012906775305049252,-0.9999989942891605,-0.9039702717766531,-0.05631848933222491,-0.05631843269210972,0.9267029283959218,PM,4871,0.007486121680560675,-0.008776799211065597,0.999993062661789,-0.20187909371022247,True,0.9999999999852733,False
4749,0.4803116445567488,-0.0022914527476681932,-0.001828393762439151,0.03724399028283334,-0.30901611324377587,2.4926784451680053,0.8490528494587163,-0.30885523845966417,-0.439282211580258,-0.002291452747668189,-0.9999997409344388,-0.9011352832960438,-0.07278638832471962,-0.07278636946827308,0.9112149826720464,AEE,4749,0.006527509343827314,-0.008818962091495507,0.9999999748662868,-0.2488546078920259,True,0.9999999999852733,False
4702,0.5057422373458103,-0.0007110801472773381,0.00061291042938727,0.05776816652752885,-0.07816114886437871,1.2309142279973022,0.9682517779959544,-0.06179171373964964,-0.09244900196618484,-0.000711080147277339,-0.9999988443476302,-0.8823961164990128,-0.058663606014995796,-0.058663538220260485,0.944228710333313,IRM,4702,0.008116808678424547,-0.008827888825701884,0.9996821221309024,-0.15743969007941142,True,0.9999999999852733,False
4862,0.46565199506375976,-0.0031879233186636532,-0.0026097967359426377,0.03821764951670885,-0.1737747226122114,4.511266492994265,0.7969257050414175,-0.41873972503970247,-0.5913617794622565,-0.003187923318663655,-0.9999999986314531,-0.9256013682378145,-0.09441077486944012,-0.09441077474023454,0.9137893685015547,D,4862,0.005641171985407877,-0.00882909530407153,0.9999999378820091,-0.24173985647169813,True,0.9999999999852733,False
4663,0.48144971048681107,-0.0010831580020319168,-0.0022655810497764772,0.06733021763099918,0.7087787386037998,5.465879930479684,0.9559739721215228,-0.0807573509731284,-0.12888525094609316,-0.001083158002031917,-0.9999999876795886,-0.9306006572255591,-0.08031847773145598,-0.08031847674189929,1.0241057474174888,FITB,4663,0.00788445606029942,-0.008967614062331337,0.9979965435016047,-0.13468354862180495,True,0.9999999999852733,False
4439,0.4683487271908087,-0.003946356268019747,-0.002642591138708905,0.061825053033758307,0.10923080303697885,7.590119906638902,0.8339129378365859,-0.3204291831123664,-0.4471631968036585,-0.003946356268019747,-0.9999999999998267,-0.9286260356949505,-0.13841280250466834,-0.13841280250464436,0.9406088692769572,TMUS,4439,0.005032363180975967,-0.008978719448995713,0.9990104635582785,-0.14610351647445288,True,0.9999999999852733,False
4424,0.5036166365280289,-0.001611414928055495,0.0002680554241718536,0.047364813425562854,-0.1236989092183411,1.0303419132001599,0.9139972291849469,-0.17078582504074896,-0.25154744245601146,-0.0016114149280554955,-0.9999998225759942,-0.9214011444602623,-0.06689250458441741,-0.06689249271608129,0.8967674789040817,COR,4424,0.007368096022819005,-0.0089795109508745,0.9999849552990993,-0.19439371011964152,True,0.9999999999852733,False
4878,0.490569905699057,-0.0006247803120365011,-0.0013519382429634241,0.06938590905890511,0.43397982319972683,4.4782554010893545,0.9747966179679806,-0.04520186183647089,-0.0699539171598261,-0.0006247803120365027,-0.9999999941802759,-0.9117916815540286,-0.07349794286181446,-0.07349794243407672,1.0114584214017952,TXT,4878,0.008423836742671838,-0.009048617054708339,0.9986744146315905,-0.13640754531669216,True,0.9999999999852733,False
4878,0.494259942599426,-0.0010450687870309286,-0.0006817389340696978,0.05268184476205883,-0.08457522496349251,1.4041373928767733,0.9491767081178966,-0.09958276325019036,-0.15030429440806664,-0.0010450687870309297,-0.999999306682399,-0.9202941204300445,-0.05984638112333663,-0.05984633963078724,0.9704357467899689,JBHT,4878,0.00800915175101022,-0.009054220538041148,0.9999186830397844,-0.1754300942084989,True,0.9999999999852733,False
4725,0.47724867724867726,-0.0012307987481384051,-0.0015315282196732838,0.045912821333985734,0.48657545861202983,6.0603756343748785,0.9289116442151771,-0.1345715750009899,-0.2096400477930412,-0.001230798748138407,-0.9999971606395365,-0.92385551953723,-0.055876621139514075,-0.05587646248564518,1.0137700915359427,YUM,4725,0.007867498407121873,-0.009098297155260279,0.9999984126137534,-0.2099856323293755,True,0.9999999999852733,False
2294,0.479947689625109,-0.0010557165956593677,-0.001488498232383284,0.06966852381196707,1.5110098748799756,19.97561221316699,0.9491216438028032,-0.0760695786224001,-0.11223622518431449,-0.0010557165956593673,-0.9998640966798196,-0.8900450906905307,-0.08326239397019104,-0.08325107833440432,1.0198100859388886,VICI,2294,0.008050543369796347,-0.009106259965455714,0.999926295959185,-0.15794759579640527,True,0.9999999999852733,False
4707,0.4894837476099426,-0.0023908491062190583,-0.001241356471791244,0.06594806396615562,-0.1841641285826871,2.839154797532961,0.9048971048990152,-0.1819911994088049,-0.25785323496415413,-0.002390849106219055,-0.9999999999782487,-0.9379938551690631,-0.11004811536828583,-0.11004811536589215,0.9437794023751448,ISRG,4707,0.00673448234375554,-0.009125331449974598,0.9992502699429349,-0.1445803371911076,True,0.9999999999852733,False
4783,0.48860547773364,-0.002544692974930126,-0.0019228088758049822,0.06980500393681041,0.28567040721145853,4.510147549878098,0.906586792999487,-0.18299916382957776,-0.2830451873358724,-0.002544692974930131,-0.9999999999960185,-0.9362958557372331,-0.11855291464597967,-0.11855291464550766,0.9484829734205158,LEN,4783,0.006619325002137641,-0.009164017977067767,0.9986396136075686,-0.1366152259416005,True,0.9999999999852733,False
4602,0.5089091699261191,9.35535935511777e-05,0.0011502003185145382,0.04811316695229576,-0.08271486545328172,8.013130497179835,1.0055216864138434,0.009761055904778881,0.013786109320912293,9.355359355117665e-05,-0.9982446318164884,-0.909382766033541,-0.026963498131841485,-0.026916167265104676,0.9677394881198988,DGX,4602,0.009289487669165292,-0.009195934075614113,0.9999610350117631,-0.1890825204903424,True,0.9999999999852733,False
4885,0.5070624360286592,-0.0002298371888573001,0.0008176644698554281,0.04725035092472221,-0.026113383658355502,3.4992258781719494,0.9870168325356066,-0.024418306077881882,-0.035786810509627155,-0.00022983718885729101,-0.999971853942994,-0.9268851376347345,-0.03358769359255946,-0.03358674823142091,0.9563344360458037,HD,4885,0.008972070530637857,-0.009201907719495157,0.9999959883151969,-0.20359995581195048,True,0.9999999999852733,False
4533,0.5040811824398853,-0.002365183458000497,0.0011747525568200912,0.08765917996565038,-0.16455942426398887,1.385961661666518,0.9313005025912832,-0.13544647272566832,-0.19936804849724865,-0.0023651834580005054,-0.9999999999999981,-0.9229682785330259,-0.1475796810307962,-0.1475796810307959,0.9162203631620149,DECK,4533,0.0069065786600688945,-0.009271762118069392,0.9890511132356168,-0.10724998949401666,True,0.9999999999852733,False
4750,0.5214736842105263,-0.0006657650496069421,0.002052660078438351,0.048060317110130577,-0.184594458238487,1.0118161396067515,0.9643128293421883,-0.0695399911065744,-0.10162694598604674,-0.0006657650496069423,-0.9999923347996681,-0.9379688349917097,-0.045178150294593385,-0.04517780399502075,0.8817797975212179,TMO,4750,0.008622270614746453,-0.009288035664353395,0.9999933266183431,-0.20046501965887464,True,0.9999999999852733,False
4627,0.48757294143073265,-0.001814320453554138,-0.0013752968259590492,0.05254232403865255,-0.17559064667482574,1.7343264372976872,0.9104846777974198,-0.17334247313025966,-0.24598696489202648,-0.001814320453554133,-0.9999999839367177,-0.9145535935927451,-0.07791669601879475,-0.07791669476719687,0.9552824611464951,LLY,4627,0.007486568006231195,-0.009300888459785333,0.9999305046787782,-0.17891624017130164,True,0.9999999999852733,False
4686,0.5125906956892873,0.0002253183042267801,0.001467453838733479,0.05866285962660424,-0.12678463848820085,1.8012585285881704,1.010372523454055,0.019281175816478327,0.027841790527921163,0.00022531830422677784,-0.9999726518510688,-0.9128774906255956,-0.03751757352498277,-0.037516547488794474,0.9565308569252793,SNPS,4686,0.00953589206185147,-0.009310573757624691,0.9999304466709426,-0.16978339312397395,True,0.9999999999852733,False
4582,0.47468354430379744,-0.003047117397650846,-0.0021021170810588963,0.03944109518835613,-0.3743819959408359,4.130754138770694,0.8131161862671273,-0.38782918840300945,-0.5437376654675203,-0.0030471173976508465,-0.9999999952069447,-0.9208604623993664,-0.09238496116987897,-0.09238496072707275,0.892371649020521,NI,4582,0.006273990283794135,-0.00932110768144498,0.9999999197636631,-0.24354750546613818,True,0.9999999999852733,False
3402,0.5041152263374485,-0.0005856444021874778,0.0006531007709753567,0.07265860493986945,0.3043854604743596,5.969628726641552,0.9777164561354446,-0.040461987521990685,-0.059450078227770306,-0.000585644402187481,-0.9999891235498776,-0.9321317220049586,-0.07862829298265267,-0.07862743778594583,0.9537723796586581,SYF,3402,0.008808851570188929,-0.009394495972376406,0.997333427984418,-0.13199606593902088,True,0.9999999999852733,False
4649,0.502258550225855,-0.001203145644553516,0.0003112092759338658,0.04996294089094384,-0.19932649979914402,0.5695497225773085,0.9397469242476064,-0.12088446143637156,-0.18044094510951617,-0.001203145644553514,-0.9999983987111415,-0.9158588622279573,-0.06031969473596746,-0.06031959814671233,0.9284780103808257,FAST,4649,0.00824755217469688,-0.009450697819250396,0.99997505090049,-0.19104665070558718,True,0.9999999999852733,False
5005,0.5020979020979021,8.391893654138435e-05,0.00039897182001846776,0.0755045575477906,1.4275427898099071,11.856698810607304,1.003315865837677,0.00557939456534016,0.008999414976794538,8.391893654138491e-05,-0.9999999072189653,-0.940591743998251,-0.06482580056222419,-0.06482579454761933,0.9941331102012797,BA,5005,0.009540007688913558,-0.009456088752372173,0.9958569052455201,-0.12468732324006385,True,0.9999999999852733,False
4640,0.49030172413793105,-0.001789663584069889,-0.0011270929478921499,0.051053789974967984,-0.15618795574443128,5.390531067923163,0.9078960747563363,-0.17597204624406587,-0.2490356007718211,-0.001789663584069883,-0.9999999538883788,-0.9421171536533504,-0.07565825385396047,-0.07565825036523573,0.9418174665604192,STE,4640,0.0077296352407510505,-0.00951929882482094,0.9999959493489422,-0.1993489222674191,True,0.9999999999852733,False
4962,0.5090689238210399,-0.0012989394134595555,0.001027163146256782,0.08663011821449902,-0.1799238784772303,1.3295141288907155,0.9610909707696219,-0.0752697126493824,-0.10972134928931361,-0.0012989394134595572,-0.9999999999984982,-0.9669470031136791,-0.12209856524256074,-0.12209856524237737,0.925706386335111,ALB,4962,0.00827088868680442,-0.009569828100263975,0.9944606215276623,-0.1151956502029516,True,0.9999999999852733,False
5169,0.4954536660862836,-0.0016654747545642153,-0.0008115581879957201,0.06203990260354078,0.005616523424161813,3.3529485147379177,0.9306108467549875,-0.1347619284237241,-0.2004087226823217,-0.0016654747545642098,-0.9999999996472649,-0.9172942642735583,-0.08723299464193057,-0.08723299461116044,0.9455093413730877,CRH,5169,0.007924316469572116,-0.009589791224136331,0.9998511214886469,-0.16288333135901903,True,0.9999999999852733,False
4584,0.5163612565445026,-0.0011141080318421365,0.002091027874721485,0.05540644463337597,-0.14662114739094798,0.7092230200275189,0.9493470923695753,-0.10094092789935505,-0.15234832713903448,-0.001114108031842139,-0.9999997230045321,-0.9245288769317024,-0.06507364476556997,-0.0650736267404653,0.8871802992486272,AOS,4584,0.008476927170117192,-0.009591035201959329,0.9999558163168613,-0.1798313965539727,True,0.9999999999852733,False
4779,0.4873404477924252,-0.0013459364039246986,-0.0018037799822370193,0.05996893494747018,0.13625020883885514,2.4069781212027284,0.9410413594297148,-0.11266745241420914,-0.16949625734138563,-0.0013459364039246982,-0.9999999837725322,-0.9310270326520738,-0.07648078239064512,-0.07648078114955568,0.9899318723069133,ROK,4779,0.008254854055463143,-0.009600790459387842,0.9996833698024317,-0.16099761265699036,True,0.9999999999852733,False
4376,0.48720292504570384,-0.001513566119064521,-0.001849879437417934,0.052202919014123134,-0.22356096048829047,2.545156568891973,0.9243949846332931,-0.1455482137688508,-0.20546141436863297,-0.0015135661190645196,-0.9999998606212802,-0.9099594761127481,-0.07053609397814699,-0.0705360841469165,0.972956072006149,MCK,4376,0.008110434055477211,-0.009624000174541732,0.9999862693511231,-0.19248025546061773,True,0.9999999999852733,False
1565,0.4971246006389776,-0.0014398389446113739,-0.0021171525791923163,0.17810990051563974,-0.33547489681309756,1.1194175255759298,0.9790163646331456,-0.0405813158993113,-0.057922961082291564,-0.001439838944611374,-0.9999999999999585,-0.9810057386464524,-0.3885286662528465,-0.38852866625283033,0.9903417467432977,COIN,1565,0.008194204958215679,-0.009634043902827053,0.8612952359699846,-0.05530020665421601,True,0.9999999999852733,False
4670,0.530406852248394,0.003441334491343674,0.004935214962699552,0.08027090538684134,0.21226255987388531,3.564326848840423,1.1252180865099952,0.21521324517006488,0.3252152643785091,0.0034413344913436818,-0.9997871218522201,-0.8968689434968318,0.0051805935913654625,0.005179490756197332,0.9939350719757244,VLO,4670,0.013083463239984945,-0.00964212874864127,0.9952613836370858,-0.12151813387219526,True,0.9999999999852733,False
4546,0.49252089749230094,0.0002960050312823768,-0.0006844546807601715,0.06334920658645518,0.09702215310441972,2.342453132312457,1.0127766370077655,0.023456228483835658,0.03563918375048342,0.0002960050312823814,-0.9999902424811478,-0.9140779274702808,-0.04249602142455098,-0.04249560676882078,1.0430830392764214,IDXX,4546,0.010036107525886278,-0.009740102494603902,0.9996331876531728,-0.15714614173768457,True,0.9999999999852733,False
4834,0.502689284236657,-0.0015414988355570837,0.0004982688659218582,0.04932237362406631,-0.2289554851999669,2.9036303130910195,0.9198824510757675,-0.15689153159856883,-0.22317940271892298,-0.0015414988355570876,-0.9999998149696321,-0.9426572589906006,-0.06767996342956793,-0.0676799509067194,0.9089044300546987,BALL,4834,0.008218890548470257,-0.00976038938402734,0.9999914660749974,-0.20099225385251454,True,0.9999999999852733,False
4684,0.49551665243381726,-0.0003024509236434603,-0.0006948910785489204,0.062192565858953795,0.09513818506407458,2.554311831154452,0.9868590323487592,-0.02441275039605352,-0.036735644238239024,-0.00030245092364346304,-0.9999996814454502,-0.9119657802874276,-0.05513589097318989,-0.05513587340940096,1.0025909514340257,EME,4684,0.009505189053959109,-0.009807639977602568,0.9994271165298959,-0.15546921117632506,True,0.9999999999852733,False
3511,0.5140985474223868,-0.001748452088485753,0.0020921053780751375,0.05561200547711053,-0.4266975199508234,2.9056215266234826,0.919001080242365,-0.1578285075169409,-0.21749190026578,-0.001748452088485751,-0.9999990052625843,-0.915249191912225,-0.08076492217020095,-0.080764841830311,0.8675777510986095,ABBV,3511,0.00807175530373543,-0.009820207392221184,0.9999890778546038,-0.1909816302551973,True,0.9999999999852733,False
3459,0.4963862387973403,-0.0010656628997941875,-0.0005197277342601225,0.06261219617667552,-0.1289902226284643,1.8080116925456355,0.9555184645727105,-0.08543998816163474,-0.12438407277343615,-0.001065662899794182,-0.9999967717697137,-0.9112454261898865,-0.07421220160528974,-0.0742119620312129,0.9694310805391158,KEYS,3459,0.008758569884978739,-0.009824232784772926,0.9993950051347495,-0.15619806271086592,True,0.9999999999852733,False
4590,0.4714596949891068,-0.0034303456532780888,-0.0029503904407080506,0.05165167759507163,-0.01970756238234661,0.8141709766509204,0.841164337008427,-0.3333908851277902,-0.5110433402865782,-0.003430345653278089,-0.9999999999237512,-0.9338491123998994,-0.11363994079914168,-0.11363994079047678,0.942228444042711,GILD,4590,0.0064510113240084255,-0.009881356977286515,0.9999912559910252,-0.19814121908204954,True,0.9999999999852733,False
4770,0.47882599580712787,-0.003075522906496314,-0.002758419555830338,0.05614746923974624,0.0009332899415769096,3.6290924737258035,0.861145147240577,-0.2749723659566665,-0.3945859955002083,-0.003075522906496316,-0.9999999999337407,-0.923602421894464,-0.11130815909540324,-0.11130815908802805,0.9369289364679658,AXP,4770,0.006833422642665668,-0.009908945549161982,0.999968056092767,-0.18326841083438444,True,0.9999999999852733,False
4666,0.5257179597085297,-0.000522471603768095,0.0034248543571724355,0.059659972288919255,-0.4988160511259414,2.7964488749777505,0.9769815584225444,-0.04396225030963729,-0.060257992454930694,-0.0005224716037680946,-0.9999997160626146,-0.928573792939362,-0.05775821660612191,-0.0577582002064049,0.8809960078396529,CMI,4666,0.009410994794717322,-0.009933466398485417,0.9999443913064829,-0.1753720742252758,True,0.9999999999852733,False
4559,0.4979162096951086,-0.0006468250276751064,-0.00021262766498031382,0.040711869894086,-0.2907738970685926,2.7073057605910975,0.9583343347177817,-0.07975649060956132,-0.11260736033075892,-0.000646825027675102,-0.9999481482110599,-0.9220961954264458,-0.03679086510116111,-0.036788957428988966,0.9638225930223329,AJG,4559,0.009363330793493043,-0.01001015582116815,0.9999999990531008,-0.2665309743026472,True,0.9999999999852733,False
4784,0.5085702341137124,-0.00168955067785129,0.0006988232737737965,0.046746261494153445,-0.12332402323700858,5.926802955959722,0.903772279030857,-0.18143647895417547,-0.25145087814295813,-0.0016895506778512905,-0.9999998979166924,-0.9330667512316859,-0.06818969573636895,-0.06818968877533926,0.8703405054538833,HON,4784,0.008326775521059983,-0.010016326198911274,0.9999997759896483,-0.22724811734158376,True,0.9999999999852733,False
4650,0.5068817204301075,-0.0015817409796140152,0.0007486905702347446,0.04696415222287471,-0.32944849577537577,0.7944528867998346,0.9163004761020097,-0.16907101105885458,-0.24155115592767706,-0.001581740979614013,-0.9999998313649567,-0.9112105216263621,-0.0659032619215084,-0.06590325080790897,0.8886987222610074,MSFT,4650,0.00843819098200726,-0.010019931961621275,0.9999972095020377,-0.21472246425282238,True,0.9999999999852733,False
4721,0.5509425969074349,0.0020431938024940135,0.007916960734787315,0.056653546345048635,-0.38159733659030737,0.2171796319975785,1.0942689023359375,0.18104341471555227,0.27114396411035974,0.002043193802494018,-0.9995209382957216,-0.8473697822830564,0.01042763013826959,0.010422634660003966,0.8910655652239585,AAPL,4721,0.012128006765117393,-0.010084812962623379,0.999930728264461,-0.17938735698399838,True,0.9999999999852733,False
4763,0.5076632374553852,-0.00232640913117354,0.001581035486060034,0.07860115733240355,-0.6641955065740687,6.1186469973633155,0.9204349243374832,-0.1485789974200053,-0.1935706741179037,-0.002326409131173539,-0.9999999999991752,-0.9220022226771042,-0.1329996038716988,-0.1329996038715891,0.8892208367462204,NRG,4763,0.007772659021371582,-0.010099068152545122,0.9966681938958827,-0.12833978039864938,True,0.9999999999852733,False
4660,0.4854077253218884,-0.0014180297449543403,-0.0013885478566149079,0.06668347809353975,0.15775326392400382,2.592252082194081,0.9426181102358204,-0.10674987309828506,-0.1581597857454829,-0.0014180297449543425,-0.9999999982696561,-0.9330548691005877,-0.08811173438267422,-0.08811173423021063,0.9959581270838244,EW,4660,0.008709903951695502,-0.010127933696649842,0.9998933296614676,-0.1635588820067474,True,0.9999999999852733,False
4803,0.4998958983968353,-0.0020752155936393842,0.0,0.06996324868312144,-0.08987261688538098,0.669827750032884,0.9265828179677716,-0.14889959797339625,-0.22885760791667512,-0.002075215593639386,-0.999999999951332,-0.9294817271557088,-0.10873197496335135,-0.10873197495805959,0.925810987215612,ADSK,4803,0.008068725523181811,-0.010143941116821195,0.9991773490369398,-0.14693767804602717,True,0.9999999999852733,False
5009,0.4995008983829108,0.00012369360450201954,0.0,0.07237826582405225,0.00871808567478633,1.647097266907804,1.004516844782364,0.008579052834147694,0.013127029144005351,0.00012369360450202593,-0.9999999877235409,-0.9131168109397546,-0.061674450387403094,-0.061674449630259226,1.0029109025844707,JBL,5009,0.010338484607609305,-0.010214791003107286,0.9979250917287732,-0.13771179087736515,True,0.9999999999852733,False
4646,0.4829961256995265,-0.0028897006273481407,-0.001713971054507324,0.04858478205121732,-0.7327091068549061,13.639633639025561,0.8448493736402423,-0.29857460317561146,-0.38904552909278567,-0.0028897006273481372,-0.9999999997915283,-0.9429466833945934,-0.09908099664075701,-0.09908099662010142,0.9043352029785481,FISV,4646,0.007341212756148801,-0.010230913383496942,0.9999845768664453,-0.20322869256299633,True,0.9999999999852733,False
4620,0.49264069264069266,-0.0036636272130713505,-0.001340438160256252,0.07796414510432559,-0.17608774056497487,2.1273176000338108,0.8818301729618155,-0.23589385381171896,-0.33715436613611893,-0.003663627213071348,-0.9999999999999972,-0.9412555155639897,-0.15775475216436105,-0.1577547521643606,0.9070142508363841,NXPI,4620,0.006580704792835204,-0.010244332005906555,0.9987201513556712,-0.1372465767141975,True,0.9999999999852733,False
3520,0.4940340909090909,-0.0020781722621756806,-0.0005888792651222996,0.058358991964202835,-0.07729696807397063,3.7348838075789423,0.9068002348243102,-0.1787615174450728,-0.25174106402332397,-0.00207817226217568,-0.9999997694719782,-0.9062877525366098,-0.09166197683878334,-0.09166195570812914,0.9271367553292832,HLT,3520,0.008203213986409687,-0.010281386248585368,0.9999860195868081,-0.18947292336918672,True,0.9999999999852733,False
4643,0.4981692870988585,-0.0012830572710585753,-0.00017089459024166587,0.048242434603478726,-0.10440467272895872,2.2176469391363227,0.9307991747288717,-0.1335110144343169,-0.19360058749960926,-0.0012830572710585755,-0.9999992688013317,-0.9000084739953951,-0.06014504894560625,-0.06014500496762656,0.9348233821423126,MSI,4643,0.009006363184012926,-0.010289420455071502,0.9999978910504999,-0.21633363012751075,True,0.9999999999852733,False
4672,0.4794520547945205,-0.002273486655584899,-0.0013911613964658898,0.03693637028058503,-0.16088568553119217,3.0614020884216986,0.8480752472889673,-0.3089857597490601,-0.44192804932085156,-0.0022734866555849005,-0.9999997739365257,-0.8832206878302645,-0.07203704472768016,-0.07203702844273556,0.9169813611311958,LNT,4672,0.008035523350566317,-0.010309010006151215,0.99999999931159,-0.284969677520262,True,0.9999999999852733,False
4887,0.5050133005934111,0.000197583532162159,0.0013240048893587986,0.09234511184097612,0.3093009704142443,4.374756331089432,1.005931308120138,0.010740811720245415,0.016422599135731894,0.0001975835321621558,-0.9999999999982719,-0.9227475067763246,-0.09892189343271567,-0.09892189343254472,0.9843290555551594,MRVL,4887,0.010572130812841137,-0.010374547280678978,0.996072130284232,-0.11891419506622969,True,0.9999999999852733,False
4770,0.49958071278825994,-0.003696072103229317,-0.00024537626080539665,0.06832755646437005,-0.2591247259537145,2.4950880489091967,0.8622840363390392,-0.2715468789438326,-0.37504531464213536,-0.003696072103229319,-0.999999999999998,-0.9242874224860532,-0.14282635224564935,-0.14282635224564907,0.8633695806567131,PWR,4770,0.006693459289745729,-0.010389531392975045,0.9996656363025884,-0.15674298375007542,True,0.9999999999852733,False
4443,0.4938104884087328,-0.0015059179693513469,-0.0012076826473155222,0.07134156486037983,0.234915471407491,2.4565830086459055,0.9446193016912394,-0.10596414900582243,-0.1637812819471787,-0.0015059179693513516,-0.9999999994984692,-0.9552364315210589,-0.09736418904850826,-0.09736418899967711,0.9682993662277107,REGN,4443,0.009008520341752053,-0.0105144383111034,0.9988774422630922,-0.14605186112748456,True,0.9999999999852733,False
4640,0.4859913793103448,-0.0036176998528646273,-0.00112116373297666,0.045044100834729386,-0.03134537495714324,2.8334058653544254,0.8027348975730292,-0.4031761938366451,-0.572182173878395,-0.0036176998528646247,-0.9999999999472997,-0.9122408545887304,-0.11064269593940551,-0.1106426959335746,0.846520437440649,V,4640,0.006916523756504902,-0.01053422360936953,0.9999997799941162,-0.23760356505816102,True,0.9999999999852733,False
4743,0.48914189331646635,-0.001109766765617833,-0.001657194252366434,0.08099605221263645,0.30583719850813257,3.4442337746814378,0.9619402533296844,-0.06878094422164394,-0.10234682560384932,-0.001109766765617838,-0.9999999999762361,-0.9343548075354068,-0.10520761350348697,-0.10520761350098683,1.0017446776053955,WSM,4743,0.009428492899159644,-0.010538259664777477,0.9984515227034488,-0.13511658232281115,True,0.9999999999852733,False
4951,0.47970107049080996,-0.00465140593005397,-0.0031221862226264996,0.08971153086488286,0.4466041162695425,8.645540025370604,0.8620904595293911,-0.26027727124984845,-0.3807481363663746,-0.004651405930053969,-1.0,-0.9439037798715832,-0.19991723616421264,-0.19991723616421264,0.93359859448825,EQT,4951,0.005933606118688299,-0.010585012048742268,0.9956255686538009,-0.12094532880811021,True,0.9999999999852733,False
4627,0.4998919386211368,0.0011725452876957343,0.0,0.09145994407881816,-0.0754580895076318,1.7545322828512138,1.0353390116982546,0.0643574702388072,0.09348397930096901,0.0011725452876957185,-0.9999999939625495,-0.9507144478195004,-0.07533460830659161,-0.07533460785176264,1.0313104552325025,CIEN,4627,0.011767756677879595,-0.010595211390183861,0.9929644697635096,-0.11594753861135614,True,0.9999999999852733,False
4813,0.493455225431124,-0.0018065670646152177,-0.0008476117486942991,0.07016242798584917,-0.030708000520164393,1.3322724030507542,0.9335330468990345,-0.129255713487116,-0.19150266265115293,-0.0018065670646152214,-0.9999999998572728,-0.9263200213771057,-0.10288923596144864,-0.10288923594676355,0.9579031727549251,RL,4813,0.008815361749144296,-0.010621928813759514,0.9997265766370802,-0.15768092345931561,True,0.9999999999852733,False
4937,0.49746809803524406,0.00112365682663099,0.0,0.08448936895263884,0.1943238020730039,10.170708194629393,1.0418420894060614,0.06676239356773536,0.09292255010458472,0.0011236568266309935,-0.9999999894158403,-0.9155233658338209,-0.06387616957083568,-0.06387616889476011,1.0469325230676545,INTC,4937,0.011778128044226068,-0.010654471217595078,0.9958240875557508,-0.1252334183047401,True,0.9999999999852733,False
4710,0.48959660297239915,-0.0011798192496119597,-0.0011091399983957917,0.06377132673208069,1.527759684551535,16.46759683280829,0.9444516516044289,-0.09287317563576887,-0.14333137837539114,-0.0011798192496119582,-0.9999999892323801,-0.9101113272466264,-0.07642602675370606,-0.07642602593077966,0.9825409853421617,DRI,4710,0.009491794784915346,-0.010671614034527306,0.9999845836751019,-0.18217335452766842,True,0.9999999999852733,False
4818,0.4979244499792445,-0.0030677025726318806,-0.0003236491867962821,0.05225031708917744,-0.6572860221767496,2.6878848223143965,0.8570008515551188,-0.29473016725655016,-0.39994049364877227,-0.0030677025726318814,-0.9999999999594598,-0.9304246141646647,-0.1069714892503791,-0.10697148924604244,0.8630738046507576,DLR,4818,0.007636742488570331,-0.010704445061202212,0.9999985842314528,-0.2139256483303815,True,0.9999999999852733,False
4756,0.4932716568544996,-0.0032614605657767443,-0.0006525827677362206,0.05215270526094531,-0.7932330856104856,9.94077597867595,0.8326070312462199,-0.31393198145899803,-0.3882762696279537,-0.0032614605657767456,-0.9999999999021862,-0.9356637801840536,-0.11174423338754319,-0.11174423337661307,0.8524817088889259,REG,4756,0.00746876271004622,-0.010730223275822964,0.9999620682572622,-0.19506629198051317,True,0.9999999999852733,False
5002,0.4868052778888445,-0.0026453646384448576,-0.001352289626400438,0.0500589093757303,0.36113784477695393,2.8993746199041537,0.8668710123224381,-0.2652799523035503,-0.41265362291170077,-0.0026453646384448568,-0.9999999994746159,-0.922996433247432,-0.09364789240711102,-0.0936478923579099,0.9131516002493034,SNA,5002,0.0082140807796674,-0.010859445418112259,0.9999998324581497,-0.229754404564541,True,0.9999999999852733,False
4516,0.546058458813109,0.001186269920123604,0.004392570559205389,0.05352030374736213,-0.6568311876018985,4.002411448010931,1.0623468009199641,0.11126670291695887,0.14470679032585862,0.001186269920123606,-0.9979921210251813,-0.9172141733931292,-0.007371066415823464,-0.00735626620654514,0.8831350129302216,SPGI,4516,0.012097504944407138,-0.010911235024283534,0.9999992462870344,-0.21665880722018588,True,0.9999999999852733,False
4723,0.5068812195638366,-0.0027613659133209,0.0007464256359508425,0.07765945348662587,0.2775619393268005,7.064896629009393,0.9013939181398716,-0.17849658022951925,-0.24257111976592077,-0.0027613659133208963,-0.9999999999998661,-0.9364694875694646,-0.1367985659109664,-0.13679856591094808,0.8754138929303265,AKAM,4723,0.008159221847609918,-0.010920587760930817,0.9993538878370333,-0.1467903256072249,True,0.9999999999852733,False
4667,0.4866080994214699,-0.0028000075422998207,-0.001472020807857799,0.051259732456441116,0.06355269852762566,2.4426513845120272,0.863156947469117,-0.27420990384140914,-0.4059605515713546,-0.0028000075422998233,-0.9999999995399406,-0.930229725429771,-0.09887658055133511,-0.09887658050584601,0.9106666869819481,SBUX,4667,0.00815744069120604,-0.010957448233505862,0.9999997547732274,-0.22674248836888417,True,0.9999999999852733,False
4686,0.49573196756295346,-0.0018394629769245678,-0.0002733132635673319,0.05796069803469108,-0.4268184384133799,2.9269427581689937,0.9182241344287293,-0.15931538389972683,-0.22133739795622032,-0.001839462976924569,-0.9999999990953743,-0.9313247672919518,-0.08612453743650332,-0.08612453735859285,0.9320587640908066,RMD,4686,0.00914016096036394,-0.010979623937288508,0.9999925275397998,-0.19782209892403957,True,0.9999999999852733,False
4652,0.5113929492691316,-0.0015137330957723935,0.0008864528238681224,0.05165244225106376,-0.08839110286295587,1.7566965914073114,0.9240438674582584,-0.14711559611278863,-0.2134292907525598,-0.0015137330957723967,-0.99999992042366,-0.9181017488181068,-0.06966355712031096,-0.06966355157674005,0.8828716732797903,GWW,4652,0.009471844494056532,-0.010985577589828925,0.9999983289343709,-0.21716233595616677,True,0.9999999999852733,False
4793,0.499061130815773,-0.0033240799042287836,0.0,0.09910069395805354,-0.21918102882901744,1.5837283750405584,0.9140840379433314,-0.16838175414093132,-0.2407018823819277,-0.0033240799042287827,-1.0,-0.9320554668736662,-0.19222048613209575,-0.19222048613209575,0.9140840379433314,COHR,4793,0.007708534210701937,-0.01103261411493072,0.9888951896794952,-0.10936510648582379,True,0.9999999999852733,False
4844,0.499793559042114,-0.00037050450184704305,-1.331794340553305e-05,0.056123460561896946,-0.060797021197616714,0.9728017679065468,0.9828051724793341,-0.03313975687630308,-0.0502550317941813,-0.00037050450184704375,-0.9999974142651443,-0.908859646762494,-0.04819263739306258,-0.048192512779680285,0.9832111225712296,GOOGL,4844,0.010678699074011514,-0.011049203575858558,0.9999935725789212,-0.2022539648312465,True,0.9999999999852733,False
1408,0.5170454545454546,-0.005778176595169008,0.00425626070140217,0.11342034371985844,-0.5810489886962215,1.8113504499569144,0.8719764313818703,-0.25574086049535966,-0.3377288065065074,-0.005778176595169014,-0.999999994291003,-0.9658106815294055,-0.2767486071447178,-0.2767486055647608,0.8144834798621866,DASH,1408,0.005287321714587515,-0.011065498309756523,0.9715614748550114,-0.09889901205807403,True,0.9999999999852733,False
4846,0.4861741642591828,-0.0028884262007160513,-0.0008364198338249307,0.04533304447755183,-0.1673896604807233,1.4380743182027826,0.8466762839721848,-0.3198502244334575,-0.47170201957096364,-0.0028884262007160544,-0.9999999971322641,-0.9466790982890942,-0.09442767577655642,-0.09442767550576278,0.8912381936549312,EXPD,4846,0.00820082818861325,-0.011089254389329301,0.9999987380152109,-0.23224957171037186,True,0.9999999999852733,False
4656,0.5027920962199313,-0.0012354791192949806,0.0003509203886222778,0.054924029119431055,-0.3714857453714078,2.9763534787890986,0.9414851495071996,-0.11292062974665568,-0.1582918933772959,-0.0012354791192949847,-0.9999999294024302,-0.9273537971046429,-0.06776334111645202,-0.06776333633252482,0.9294199831316267,MCO,4656,0.009889156067483324,-0.011124635186778305,0.9999918226843217,-0.20359074257898682,True,0.9999999999852733,False
4798,0.4924968736973739,-0.0012244247606622036,-0.0009818631906431952,0.07800938714816805,0.3396197495687542,5.917530768346413,0.9571584506357342,-0.07879261382727136,-0.11779416167168369,-0.0012244247606622016,-0.9999999999718894,-0.9276269604195115,-0.10280924172749849,-0.10280924172460845,0.9847025787115826,PHM,4798,0.009940276552274318,-0.011164701312936521,0.9988829271763539,-0.14382967301742214,True,0.9999999999852733,False
1560,0.4685897435897436,-0.00426426079980911,-0.007390561758919945,0.08316121046190693,0.11850697678157404,0.653890542651312,0.8752112285748062,-0.25740870298303964,-0.41394085658176943,-0.004264260799809103,-0.9999975270186763,-0.9425257981926597,-0.1780440326105018,-0.17804359231093436,0.9925446080554232,ABNB,1560,0.006905104628607554,-0.011169365428416664,0.9943257563740759,-0.13197018968480864,True,0.9999999999852733,False
4627,0.49924357034795763,-0.0014920303811759466,-9.369835570316454e-05,0.060122540676620796,0.05822514481835354,6.369866800068859,0.9319717159872317,-0.12457778705846366,-0.17519523238193224,-0.0014920303811759433,-0.9999999968195608,-0.9217033924720269,-0.08057341147639305,-0.08057341122013421,0.9343924217430429,TDG,4627,0.00968619839193603,-0.011178228773111977,0.9999820688895052,-0.1915626082808369,True,0.9999999999852733,False
4748,0.5048441449031171,-0.001389636439693279,0.0006667233662256411,0.06428122777387582,-0.2586871316341345,2.58229192203345,0.94203853694191,-0.10852187807579537,-0.14807376221714652,-0.0013896364396932745,-0.999999989453295,-0.919198766068432,-0.08467005179468348,-0.08467005090169342,0.9188511052858513,GLW,4748,0.009874436514935678,-0.011264072954628957,0.9999708270661424,-0.18333478195295885,True,0.9999999999852733,False
4060,0.5086206896551724,-0.00031719272103100904,0.0012021308807217412,0.07167260414694976,-0.19324364059691337,2.1362486030177,0.9883893182850807,-0.022216226706380706,-0.03276912878621406,-0.00031719272103101354,-0.9999995026006792,-0.9168842058126841,-0.07166048148509185,-0.07166044584121703,0.9496195677857628,APO,4060,0.010965813911759801,-0.01128300663279081,0.9997946636513968,-0.16327469722143587,True,0.9999999999852733,False
4073,0.46746869629265897,-9.563712677029815e-06,-0.00584971149589808,0.12301519602932261,1.0331997093035954,10.032694390474672,0.9997595750049082,-0.0003902725692631049,-0.0006040789260237767,-9.563712677032599e-06,-0.9999999999999949,-0.9667111157713075,-0.17891762887949028,-0.17891762887948937,1.1352311980885565,NCLH,4073,0.011297557734667745,-0.011307121447344774,0.9864274887409202,-0.09861967843582944,True,0.9999999999852733,False
4723,0.5079398687275037,-0.0010694955469357057,0.0007891584391694906,0.07951176994596013,0.13041550537287983,3.04531644409406,0.9632263617457473,-0.06752239372501355,-0.09793625935539457,-0.0010694955469357122,-0.9999999998798785,-0.9385668131065137,-0.10218304714187897,-0.10218304712960459,0.9294993861781595,TPR,4723,0.010277433103877215,-0.01134692865081292,0.999227145811346,-0.14637390064677194,True,0.9999999999852733,False
4699,0.5028729516918493,0.0008290747971644259,0.0006063617348320838,0.09132736558022148,-0.036307680530396055,1.2216607204731273,1.0240477103832741,0.04557147164296686,0.06996200475363518,0.0008290747971644238,-0.9999999968559752,-0.9302897390315389,-0.08258848454645544,-0.08258848428679519,1.0123467843653526,WDC,4699,0.01218654762154017,-0.011357472824375745,0.9954770944387655,-0.12389604823319553,True,0.9999999999852733,False
4498,0.5073365940417963,0.0016478510248267265,0.0007315456346761451,0.09026665285661838,0.12479201420926149,2.3560048287931004,1.0516794076981049,0.09164122332168519,0.1379977650458654,0.0016478510248267228,-0.999999883391824,-0.9434258525723633,-0.06046098653225052,-0.06046097948200516,1.0184975858951848,ALGN,4498,0.013148660620489853,-0.011500809595663127,0.9969408431580324,-0.1287181815137585,True,0.9999999999852733,False
2749,0.4521644234267006,-0.005401446439905172,-0.004890153816839549,0.052051155971592517,0.3574952331926127,14.111957535081636,0.735796168972624,-0.5209307156444138,-0.7251550890507801,-0.0054014464399051755,-0.9999999934723746,-0.9503477752433203,-0.15748592739677472,-0.15748592636876557,0.8855599909759014,INVH,2749,0.006133748948564973,-0.011535195388470145,0.9999999873694515,-0.24850970964022606,True,0.9999999999852733,False
4423,0.48971286457155777,-0.0010026020718638762,-0.0007851715729516595,0.04866359151887681,-0.294732339257931,3.6949995266178286,0.945741986336302,-0.10342480485313478,-0.1470603866015962,-0.0010026020718638742,-0.9999937178862115,-0.9165122107981672,-0.054193789525445984,-0.054193449073893556,0.9854753754206065,ORLY,4423,0.010598212970525713,-0.011600815042389589,0.9999999927657989,-0.25500003018121625,True,0.9999999999852733,False
1321,0.5230885692657078,0.004582076571207673,0.009389617969696284,0.13950019475625255,-0.1603515310656078,-0.19035101552077727,1.0850460556909125,0.16488752488179376,0.2659064370675832,0.004582076571207676,-0.9999893985827467,-0.8870020840665492,-0.12933789808965346,-0.12933652692462916,0.9829794947359064,HOOD,1321,0.016287305826649185,-0.011705229255441513,0.943765860337345,-0.08382629101403875,True,0.9999999999852733,False
4921,0.4897378581589108,-0.002303074583404373,-0.0019810832280078294,0.06766724446841305,-0.14604302800775293,2.0395430652684734,0.9124405557056453,-0.17085582164888008,-0.24675928285070903,-0.002303074583404365,-0.999999999997493,-0.9292018278828779,-0.11054615368929356,-0.11054615368901642,0.9506797657165458,BKNG,4921,0.009417001978297564,-0.011720076561701938,0.9999397964861217,-0.17804896169081041,True,0.9999999999852733,False
4656,0.484106529209622,-0.0025890857097586937,-0.0017661356703673192,0.05102649081695737,-0.015515393260248509,2.358228934267773,0.8724330414727823,-0.25471293251141947,-0.3772142874685858,-0.002589085709758694,-0.9999999965023707,-0.9331592557551492,-0.0938540447653695,-0.09385404443710285,0.923524949846521,KR,4656,0.00920706579204601,-0.011796151501804705,0.9999991166416309,-0.22889683602594896,True,0.9999999999852733,False
4582,0.4825403753819293,-0.0038106392937713404,-0.0021591423171589685,0.057731418660115504,-0.23577272956224102,3.773725062154419,0.8316077422140404,-0.33134916618716,-0.4517734864759116,-0.003810639293771338,-0.9999999999998955,-0.9311770857478284,-0.13013558149830137,-0.13013558149828777,0.8917874069604206,UNH,4582,0.00799855932549662,-0.01180919861926796,0.9999986439255947,-0.21437146110836544,True,0.9999999999852733,False
1511,0.43944407677035074,-0.0060966788352679315,-0.007829505871376208,0.06029363485878031,-0.0711225026722326,0.7417180953525202,0.7730821477910074,-0.5076005937972262,-0.7897248744969378,-0.006096678835267932,-0.9999976524602956,-0.9254449128494259,-0.1820118736707227,-0.18201144639062258,0.9826526095415817,EXE,1511,0.00572372151890391,-0.011820400354171841,0.9998905207518166,-0.19341320660784758,True,0.9999999999852733,False
1774,0.5,-0.002771200934604877,-0.00021354490965425077,0.06588885321369112,-0.07431031843048268,0.4098850460836818,0.8972014167701855,-0.2111331068359827,-0.32280287336957963,-0.0027712009346048776,-0.9999783585641968,-0.9144317750095797,-0.11794788279314547,-0.11794533023161188,0.8972014167701854,CARR,1774,0.009109205043939826,-0.011880405978544704,0.9997372740798491,-0.17807809800504035,True,0.9999999999852733,False
1886,0.5031813361611877,-0.0033885779753459163,0.0003956644374548679,0.059210192070908635,-0.14053968530483044,1.256439282026296,0.8593380617274156,-0.28729051262361743,-0.41829546850052046,-0.003388577975345919,-0.9999859312678597,-0.8997193027700157,-0.12241638123353282,-0.12241465899025566,0.8421331901016822,CTVA,1886,0.008570375029210217,-0.011958953004556135,0.9999810028559398,-0.2063493048768991,True,0.9999999999852733,False
4205,0.5239001189060642,0.0022781094137734655,0.004151475569429852,0.07840531169400948,0.09605943418026325,3.1395694505992306,1.083412498038745,0.1458577008160172,0.21260480108061028,0.0022781094137734707,-0.99951380593348,-0.8499165287668108,-0.02062747854469162,-0.02061744958701592,0.977677733137097,TKO,4205,0.014301155941189234,-0.012023046527415768,0.9992992338144797,-0.15247156957428937,True,0.9999999999852733,False
4981,0.5255972696245734,0.0009346544443419411,0.0044643074124584015,0.0794136061000086,-0.16812896404284788,1.2855531505326745,1.0317034250414132,0.059082168706848494,0.08584292917757043,0.0009346544443419418,-0.9999994996486643,-0.9456173395540215,-0.055970718837458036,-0.055970690832434104,0.9276661048691698,TER,4981,0.013016396505807127,-0.012081742061465185,0.9995481859751112,-0.1544746445282248,True,0.9999999999852733,False
4517,0.5001106929377905,-0.0001899117512732712,6.613337684968634e-05,0.05145096708712665,0.32689723490754863,8.62635011445639,0.9895126666093688,-0.01852928096652047,-0.026459229640537003,-0.00018991175127326676,-0.9999163885836186,-0.9169928227480324,-0.03754854599084251,-0.03754540650372915,0.9890746353271159,CTAS,4517,0.011927789729045657,-0.012117701480318929,0.9999999644718133,-0.2468505705979697,True,0.9999999999852733,False
3603,0.48764918123785733,-0.0023487429759484753,-0.0018332223790049618,0.05902473162481671,0.1930806553917608,1.9166963952289446,0.8988793408050133,-0.1997568788354362,-0.30907438474807836,-0.0023487429759484722,-0.9999999727447431,-0.9233125584813379,-0.09822050193278077,-0.09822049925575575,0.9444116466283747,CDW,3603,0.009868671534569912,-0.012217414510518387,0.9999987998540133,-0.2179041662688991,True,0.9999999999852733,False
4628,0.5185825410544511,-0.0005197125203909507,0.0019962500113078208,0.07257014544863089,-0.40239365388645987,3.103576280954779,0.9803727392889485,-0.03595054316721815,-0.04764210180399664,-0.0005197125203909581,-0.9999999992982515,-0.9301243631211092,-0.07873787630051295,-0.07873787624525876,0.908478738407759,FICO,4628,0.011844269277991199,-0.01236398179838215,0.9999819708182153,-0.1831534915062108,True,0.9999999999852733,False
4457,0.49540049360556426,-0.0014637758096047065,-0.0007126633776217695,0.05556936011853027,0.07313657837498941,3.2887610894221613,0.9295089998407968,-0.1322328749251255,-0.19248139323479796,-0.0014637758096047067,-0.9999999080433378,-0.9207169167639335,-0.0733788227363988,-0.07337881598872718,0.9446640378816795,GRMN,4457,0.010945640111934845,-0.012409415921539551,0.9999989719760424,-0.22483255372915636,True,0.9999999999852733,False
4858,0.5236722931247427,-0.0017567329548268365,0.0031106897371397935,0.07154615537887653,-0.19297011045198548,0.7883968379909723,0.9378911929233053,-0.12325930578508626,-0.1808940540409829,-0.0017567329548268396,-0.9999999999961369,-0.9304697401400736,-0.10441622891817423,-0.10441622891777086,0.8516228992346051,KLAC,4858,0.010795782174832414,-0.01255251512965925,0.9999773454019155,-0.18445326798432307,True,0.9999999999852733,False
4408,0.5072595281306715,0.0006416644126679815,0.0012208734150466194,0.09242045392399965,-0.07688571807211965,2.493568990134076,1.0192921605166723,0.03485299682493912,0.050556917253809376,0.0006416644126679902,-0.9999999989328087,-0.9446158239760213,-0.0902918363224358,-0.09029183622607713,0.9896615744551411,DXCM,4408,0.013249142301770453,-0.012607477889102471,0.998732463596127,-0.14005503955888166,True,0.9999999999852733,False
4696,0.49701873935264057,-0.00039240809060839743,0.0,0.07198304458734155,-0.11789324848585482,4.433180020308435,0.9849083258301088,-0.027365791379016704,-0.038719101893551724,-0.0003924080906083996,-0.9999999757164164,-0.9383107082233749,-0.07418380225383622,-0.07418380045238766,0.9899721218498009,LYB,4696,0.012226210532863881,-0.012618618623472279,0.9999699496292727,-0.1830924444919944,True,0.9999999999852733,False
4558,0.4745502413339184,-0.0015939335690803844,-0.002301956753466783,0.05291878410610217,0.041218952062028476,1.2435481113528235,0.9229971400887369,-0.15120307747734932,-0.22917152662438092,-0.0015939335690803823,-0.9999998555672265,-0.926857265833588,-0.07295146323468922,-0.07295145269810706,1.0202894877263844,PKG,4558,0.011054313702259563,-0.012648247271339947,0.9999999698854029,-0.24928550023867224,True,0.9999999999852733,False
4831,0.48830469882012006,-0.0012657310699687539,-0.0009318101471922358,0.063495790021684,-0.05189983404116469,1.9805866062158444,0.947983116054777,-0.10006835951392189,-0.14715302408667724,-0.0012657310699687556,-0.9999999979353886,-0.9271311388016796,-0.08008220027135954,-0.08008220010602092,0.9901782102411916,MAS,4831,0.011387247414710928,-0.012652978484679682,0.9999972198027083,-0.20762837823424415,True,0.9999999999852733,False
4488,0.4861853832442068,-0.0032739737296249715,-0.0007501841731871739,0.050104505201157376,-0.1527277342136071,2.04912011958125,0.8381071012268297,-0.32801876036927174,-0.46411801497130367,-0.003273973729624971,-0.9999999998253771,-0.910630484808534,-0.10849458899369226,-0.10849458897474662,0.8838150503771471,CASY,4488,0.009664122537136628,-0.012938096266761599,0.9999999885756364,-0.26321787464615554,True,0.9999999999852733,False
4659,0.48400944408671387,-0.00305872662643327,-0.0014576694229169185,0.048521509577491344,0.337905219206446,10.805822252661523,0.8335996714814604,-0.3164511149033943,-0.43783284382835386,-0.003058726626433278,-0.9999999996030945,-0.9097803105960622,-0.10163256433820433,-0.10163256429786581,0.8835047515923239,TJX,4659,0.010011206491572814,-0.013069933118006083,0.999999999770277,-0.2843587298370327,True,0.9999999999852733,False
4653,0.48205458843756716,-0.003223832105055881,-0.0030864304436927226,0.06934367988852262,0.022998810708685105,1.5152403206877665,0.8834684127047285,-0.23338116398439582,-0.3511282316070837,-0.003223832105055873,-0.9999999999998519,-0.9482250088154738,-0.13320906722116374,-0.133209067221144,0.944519506761453,KKR,4653,0.009863847109284674,-0.013087679214340554,0.9999916392013368,-0.19700947959081488,True,0.9999999999852733,False
2981,0.4381080174438108,-0.007210017332104445,-0.002972656864089207,0.06959387479498896,0.03534072574018944,1.8418640796044095,0.7544781417508019,-0.5200745016850823,-0.749908152550605,-0.00721001733210444,-0.9999999999998848,-0.9742218961992636,-0.21719372245382793,-0.2171937224538029,0.9041028268300191,SW,2981,0.00590513904428266,-0.013115156376387105,0.9999313266108086,-0.18700209342748186,True,0.9999999999852733,False
4697,0.4773259527357888,-0.0031208620970917373,-0.0017237571720289946,0.054502746676990045,0.9424731821733259,18.69537730348554,0.8305428595429618,-0.28744612602039565,-0.3927400432964809,-0.0031208620970917325,-0.9999999998859738,-0.9444971286746255,-0.10978105101652894,-0.10978105100401102,0.9053732153090985,SYY,4697,0.010007242166677513,-0.013128104263769251,0.9999996772101736,-0.2386278846961193,True,0.9999999999852733,False
4538,0.4889819303657999,-0.001984935585765346,-0.0028455042559177857,0.08160336580180284,0.027910970665022693,3.3967106342430204,0.935143382441246,-0.12210645310060303,-0.1762156311328829,-0.0019849355857653427,-0.9999999999997232,-0.9432510981484201,-0.12718552709768724,-0.12718552709765205,0.9756002390047248,FTNT,4538,0.011261454413153415,-0.013246389998918761,0.9997785848860328,-0.1645691812770995,True,0.9999999999852733,False
4760,0.5088235294117647,0.0002330002161712429,0.0012818487226801123,0.07412394479700261,0.20968908965695277,3.294284689505661,1.0086448178091576,0.015779675588892327,0.023855207859223376,0.00023300021617124814,-0.9999999985420791,-0.9320825230083565,-0.06178438875886104,-0.06178438866878429,0.9690819533616474,AVGO,4760,0.013486484518100235,-0.013253484301928992,0.9999722093109666,-0.18514434956927578,True,0.9999999999852733,False
4709,0.507538755574432,-0.002049195916229905,0.0013237273333566169,0.07838221555710873,-0.14067333580063088,1.0092237239455102,0.9339697574101197,-0.13123999857319216,-0.19423532854748465,-0.002049195916229901,-0.9999999999993969,-0.9286952177264002,-0.12277218644802597,-0.12277218644795193,0.9062242123155093,MPWR,4709,0.011367840917378604,-0.013417036833608509,0.9999584836152966,-0.1791537764931067,True,0.9999999999852733,False
4512,0.5022163120567376,-0.0026958098938177594,0.0008823170381433432,0.08024066888515778,0.3693506871139668,6.887943071044742,0.9092313139592015,-0.16865335810102564,-0.2455280557352776,-0.0026958098938177667,-0.99999999999985,-0.9090054281978636,-0.13973323680236324,-0.1397332368023423,0.8923788359423054,FLEX,4512,0.010857950990663149,-0.013553760884480908,0.9999886341087958,-0.18475908324267595,True,0.9999999999852733,False
3911,0.5008949117872666,-0.00440343658603374,0.0002668577355020574,0.08012804250274529,-0.2056091386626778,0.9573172603941438,0.8657442791545675,-0.2758719111940779,-0.3977415585739879,-0.0044034365860337425,-0.9999999999999982,-0.9330712819862333,-0.1770029231124461,-0.17700292311244578,0.8626507569728004,PANW,3911,0.009201535485885651,-0.01360497207191939,0.9998943849426053,-0.17398688057988035,True,0.9999999999852733,False
4537,0.4844610976416134,-0.001841070070754271,-0.0013919491927883998,0.058930329034450245,0.04881475804026903,6.9571068456038425,0.9139365758074288,-0.15683093165977913,-0.21705651091220082,-0.0018410700707542672,-0.999999995648479,-0.9273806727324058,-0.08703492482546084,-0.08703492444672653,0.9709016854005217,ROST,4537,0.011797713686498831,-0.013638783757253102,0.9999999650589901,-0.24464640304371624,True,0.9999999999852733,False
4582,0.49694456569183765,-0.0035687237942527423,-0.00030042763277393636,0.07732690577472501,-0.017791333245794384,5.720782644667942,0.8779962649550477,-0.23167681529304573,-0.32210926714381327,-0.0035687237942527393,-0.9999999999999919,-0.9519867873068888,-0.1548404632248697,-0.15484046322486844,0.8864793206550965,CNC,4582,0.010161598499697602,-0.013730322293950345,0.999979481802869,-0.1866494505533201,True,0.9999999999852733,False
4474,0.4917299955297273,-0.001644377664100156,-0.0009314452395294825,0.07596650548516312,-0.046733275017379,3.166764792216771,0.9417401129249998,-0.10866249944958543,-0.15452960904637097,-0.0016443776641001558,-0.9999999999309414,-0.9250974494395866,-0.10955110162566813,-0.10955110161810268,0.9729887621266021,ULTA,4474,0.01220148928019734,-0.013845866944297496,0.9999731251943802,-0.1874504257624382,True,0.9999999999852733,False
4503,0.5067732622695981,-0.0019297413334674824,0.0010966290519563993,0.06145956353582153,-0.24481679130131997,0.7943793600248803,0.9219118843454727,-0.157619482701511,-0.23162081686155614,-0.001929741333467478,-0.9999999990039653,-0.9293103957995874,-0.09270609753472514,-0.09270609744238666,0.8960563363182552,ODFL,4503,0.011978805530917857,-0.013908546864385338,0.9999997792321343,-0.23412868203547432,True,0.9999999999852733,False
4478,0.49307726663689144,-0.002701067285261258,-0.00022326197323230268,0.07397339957763843,-0.03183796287460987,3.3514555249665356,0.904328486553491,-0.18329899986698595,-0.26025410603540056,-0.0027010672852612674,-0.9999999999977461,-0.9253132551936091,-0.12962464425828313,-0.12962464425799097,0.9178442655644806,LYV,4478,0.011263000591389218,-0.013964067876650475,0.9999943843974222,-0.19920514553287025,True,0.9999999999852733,False
4803,0.5009369144284822,-0.00283297232464922,0.00016019419387958145,0.049333091769840284,0.03422156671034655,2.5590176313641173,0.8556176174343411,-0.2882731994219374,-0.42013222502677094,-0.0028329723246492203,-0.9999999998093375,-0.9188893475194672,-0.09742528840044351,-0.09742528838186816,0.8488608698319916,MA,4803,0.011175505356515597,-0.014008477681164817,0.9999999999852733,-0.3014742573215776,True,0.9999999999852733,False
4646,0.49268187688334053,-0.0026038897419635868,-0.0009753258664007003,0.0787428057321858,-0.20999758794249468,1.332006054540087,0.9155990512176467,-0.16600148600338074,-0.23787039635518453,-0.0026038897419635963,-0.9999999999999931,-0.9303235039822032,-0.13603895185914008,-0.13603895185913914,0.9363990296638318,FIX,4646,0.011445514876872696,-0.014049404618836282,0.9999676548513686,-0.18438519534674683,True,0.9999999999852733,False
4340,0.5059907834101383,0.002183829121403676,0.001046779023211153,0.10271812274699364,-0.06301571224514681,1.8141940017869924,1.059543732458073,0.10672639735598922,0.1556138131517662,0.002183829121403663,-0.9999999999938692,-0.9319183549316827,-0.07836007699013177,-0.07836007698965136,1.0262520578043357,AXON,4340,0.016296670449490142,-0.014112841328086465,0.9981152553813243,-0.13749698207409583,True,0.9999999999852733,False
1846,0.5108342361863488,-0.0028578643548074346,0.0037106744114112633,0.12395754975611173,0.2564079722693336,1.8463889258964779,0.9411655813235013,-0.11573611474065551,-0.18379087791204043,-0.002857864354807442,-0.9999999974105152,-0.9539587698620846,-0.23635886806684916,-0.23635886745480145,0.9012433933564385,DDOG,1846,0.011403009460754964,-0.0142608738155624,0.9928863792770595,-0.1205735039921257,True,0.9999999999852733,False
4641,0.5078646843352725,-0.0023165291507662627,0.0006676081188310423,0.05320823021957021,-0.43916743391184726,3.3822566539727887,0.8901073772167479,-0.2185542348710785,-0.3036490934649841,-0.002316529150766262,-0.9999999995440694,-0.9371622538724291,-0.09081333233468321,-0.09081333229327863,0.8595181970917771,EXR,4641,0.012415302816656724,-0.014731831967422986,0.999999998473564,-0.2807442736569666,True,0.9999999999852733,False
4864,0.5296052631578947,-0.0007587698359097201,0.004326082362777095,0.07397578123612991,-0.22434212705662498,0.6953473308369764,0.9738604835466574,-0.05148974816656043,-0.07586147094959943,-0.0007587698359097193,-0.9999999975496248,-0.9218853953451862,-0.08577131850947634,-0.08577131829930441,0.8615792088520312,AMAT,4864,0.014115054917184072,-0.014873824753093791,0.9999988682942074,-0.21293414194024643,True,0.9999999999852733,False
4722,0.4841168996188056,-0.002708782497143801,-0.0013958338605646325,0.057050348551768555,-0.19567578667691882,1.9107182750417113,0.8807836949094162,-0.2383505195112554,-0.3415868404452458,-0.002708782497143805,-0.9999999999423533,-0.9179657256533867,-0.10437607335068363,-0.1043760733446667,0.9370367217933947,MSCI,4722,0.012466571280225413,-0.015175353777369213,0.9999999986699885,-0.2756442860452975,True,0.9999999999852733,False
2651,0.5016974726518295,0.0007626318807368144,0.0007272479963458256,0.08784475227111871,0.6018899129778215,4.9584770310638495,1.025763682533625,0.043581222081682074,0.06558741427349488,0.0007626318807368131,-0.9999954930079265,-0.9076256816657203,-0.0742671866266316,-0.07426685190501016,1.0157374209750256,HWM,2651,0.016113142563178622,-0.015350510682441807,0.9999833751156763,-0.19029867295487848,True,0.9999999999852733,False
3941,0.48540979446840904,-0.0035476957026188997,-0.0024288026137684326,0.07812399278321198,0.05630116060902726,3.4217432980132205,0.8825542048217808,-0.22796186484665634,-0.33075701148516723,-0.0035476957026189006,-0.9999999999991527,-0.9226317842450904,-0.15494435639410933,-0.15494435639397805,0.9356089531513704,META,3941,0.01192685781673971,-0.01547455351935861,0.999996407714024,-0.20717943943127867,True,0.9999999999852733,False
4552,0.5039543057996485,-0.0022739571435835804,0.0009107110346618374,0.059705185143686085,-0.216072009165911,0.5909990938561105,0.9066453265314306,-0.1911923434632395,-0.2856103524212881,-0.0022739571435835826,-0.9999999995220025,-0.9199671526354436,-0.09802943716962535,-0.09802943712276753,0.8821413987873379,CDNS,4552,0.013348413749256587,-0.015622370892840168,0.9999999993689532,-0.2764557893381949,True,0.9999999999852733,False
3366,0.4934640522875817,-0.004305947929666624,-0.0016891577200443542,0.09037630396587663,-0.1749092589255002,0.7185209558790593,0.8829407596706489,-0.23917427584443798,-0.3513054096665862,-0.004305947929666619,-0.9999999999999699,-0.9176081008375432,-0.19371258012876644,-0.1937125801287606,0.9063299188672224,ANET,3366,0.011546178775350666,-0.01585212670501729,0.9999239639821579,-0.1795024407948786,True,0.9999999999852733,False
4843,0.5050588478215982,0.0005288961369550323,0.00175754581942833,0.10230221640499651,-0.07974884165833443,1.408746773059935,1.0135336816273353,0.025952883810068952,0.03956897098567079,0.0005288961369550177,-0.9999999999998189,-0.9490954764628877,-0.11522199842295411,-0.11522199842293325,0.9899149490628388,MU,4843,0.016397276977236027,-0.015868380840280995,0.9992762072640718,-0.15248606556509928,True,0.9999999999852733,False
5044,0.5222045995241872,-0.0009908974814526548,0.003653231965222159,0.07537461203603793,-0.12012772516693965,0.9485589945273682,0.9662954534166279,-0.06599391684258456,-0.09822494761671213,-0.000990897481452653,-0.9999999999690516,-0.9247713348184123,-0.09331712798425494,-0.09331712798136693,0.8837531310860502,LRCX,5044,0.014953452285442799,-0.015944349766895453,0.9999936609363076,-0.2088938588929827,True,0.9999999999852733,False
3881,0.484668899768101,-0.004460398767530556,-0.002218335086892842,0.07804340982619218,-0.07568336578640907,1.082385075489591,0.8607264526582029,-0.28690473874776007,-0.4249252026794567,-0.004460398767530554,-0.9999999999999943,-0.9373318742284197,-0.17416615596947654,-0.17416615596947554,0.9151796413165368,NOW,3881,0.011937356127293065,-0.01639775489482362,0.9999933911247004,-0.20938639019082597,True,0.9999999999852733,False
4501,0.4838924683403688,-0.004775251800556181,-0.002560051745072345,0.05872746921102051,-0.41325957829950405,2.645410308490325,0.8030063226338908,-0.4081833273425474,-0.5531450075465152,-0.004775251800556185,-0.9999999999999757,-0.9438044897144503,-0.15267562715206276,-0.15267562715205904,0.8553602702068993,LII,4501,0.01186162372500581,-0.016636875525561992,0.9999999999486957,-0.29727788689152246,True,0.9999999999852733,False
1966,0.5198372329603256,0.0004892501003708926,0.004128408450304488,0.115710451263984,-0.42654748869961856,3.3706485583753683,1.0114325761098215,0.02122553308642328,0.030167707620700073,0.0004892501003708957,-0.99999998303253,-0.942152411817605,-0.1602125283714662,-0.16021252565306496,0.9342390918274672,CRWD,1966,0.017224895299099652,-0.01673564519872876,0.9974891911946882,-0.1424312722649482,True,0.9999999999852733,False
4650,0.5283870967741936,0.003666368124263667,0.005654026372087784,0.09306705764932231,0.05321670706477549,1.385989683734885,1.1095503012335852,0.19776086595679318,0.30910132163907306,0.003666368124263679,-0.9999978827664219,-0.9311106236715675,-0.017707003501256858,-0.017706966011394477,0.9898796338233695,URI,4650,0.02048914301219066,-0.01682277488792699,0.9999518758104531,-0.18330389340289752,True,0.9999999999852733,False
4112,0.5043774319066148,0.003002834293571099,0.00087232605103571,0.08601465196019735,0.9729641426295993,9.711176832919035,1.1061022081785465,0.17525047390060008,0.2774711865675261,0.003002834293571094,-0.9988352856269586,-0.9072062586286562,-0.015741488146140292,-0.01572315380864342,1.0863694301155735,MPC,4112,0.01994110775563255,-0.01693827346206145,0.9999981931137143,-0.20970076713494848,True,0.9999999999852733,False
3912,0.5025562372188139,-0.0016406471719744985,0.0004566938170085244,0.10349779816190083,0.36524873067500674,9.420509762347386,0.9541278072117936,-0.0795764121062745,-0.11221418480298238,-0.0016406471719744922,-0.9999999999999851,-0.9406103601367949,-0.16798076697496964,-0.16798076697496714,0.9410243225756194,FANG,3912,0.015354815381826172,-0.01699546255380067,0.9998320707857045,-0.16813835600448673,True,0.9999999999852733,False
4589,0.48180431466550444,-0.0008569371125160153,-0.003663000144099149,0.13928712780069952,0.19280775246093215,7.974684919659751,0.981685301026537,-0.030884333905781755,-0.043690879669608315,-0.0008569371125160194,-1.0,-0.951387219739692,-0.381840410076077,-0.381840410076077,1.0500613916453008,SMCI,4589,0.016179099005993593,-0.01703603611850961,0.9981316897915519,-0.12985731791096783,True,0.9999999999852733,False
4435,0.5046223224351748,6.520836798075426e-05,0.0013404394733571579,0.10390215998006817,0.15157751641203415,4.995412876259451,1.0017664154077441,0.0031504966727633464,0.0045567337354688875,6.520836798076801e-05,-0.9999999999999952,-0.9376212882320502,-0.13035314259691191,-0.1303531425969113,0.9834141262961636,NFLX,4435,0.017515104688792346,-0.017449896320811592,0.9994492171546443,-0.16026322273816818,True,0.9999999999852733,False
2993,0.5172068159037755,0.0006791455587498752,0.005741006789573122,0.11493132841391548,-0.2389634396327563,0.9733658059323793,1.0153882711779822,0.02966365824074332,0.0434532448070862,0.0006791455587498718,-0.9999999996843595,-0.9521574678249624,-0.14524263237834628,-0.14524263233250181,0.9458591001541669,XYZ,2993,0.018164047782658135,-0.01748490222390826,0.9993856403177624,-0.1548817506668597,True,0.9999999999852733,False
4617,0.49902534113060426,-0.0005480762840068477,-0.00020463203864728996,0.10051964621379081,0.48976026574090936,3.817978566322589,0.985102256132931,-0.02737097884395192,-0.04307149445483129,-0.0005480762840068473,-0.999999999999122,-0.9364139178834171,-0.13152236159087136,-0.1315223615907559,0.9876676265916107,UAL,4617,0.017231926976949048,-0.017780003260955895,0.9999317279758474,-0.17897669281801595,True,0.9999999999852733,False
4741,0.5142375026365745,-0.0015687022978023092,0.002588688008782647,0.06687222820189562,-0.21612764334038465,1.2329068497419993,0.939644254774027,-0.11775924398458801,-0.1675639029744277,-0.0015687022978023088,-0.999999999882008,-0.9264410982195928,-0.09260632542348322,-0.09260632541255642,0.8860714281072551,AMZN,4741,0.01623176075643163,-0.01780046305423394,0.9999999960154083,-0.2712603425455829,True,0.9999999999852733,False
1953,0.522273425499232,0.0048122535700216,0.00746264407777486,0.15129633677991625,0.008440938756792105,1.2881754688354787,1.0872161435203749,0.15966891011140846,0.249499270969753,0.004812253570021602,-0.999999996538218,-0.9704996961290948,-0.16619095284408078,-0.16619095226876393,0.9944830018671666,MRNA,1953,0.022915796252727265,-0.018103542682705663,0.9901740771353692,-0.11820204741174006,True,0.9999999999852733,False
4689,0.4894433781190019,-0.0015077340478736774,-0.0011198242461888386,0.08442298069219614,0.26893614854733844,4.45671877958337,0.9499310505378151,-0.08965289769378586,-0.12937778313818094,-0.001507734047873674,-0.9999999999918611,-0.9434164419656942,-0.12109012981847356,-0.12109012981748801,0.9888389018452465,EXPE,4689,0.016737666624391263,-0.01824540067226494,0.9999998564557102,-0.23048511942470898,True,0.9999999999852733,False
4462,0.4728821156432093,-0.005718324770004506,-0.0036734369822215562,0.07547209083322579,0.3874823525465249,10.58184532088704,0.8034617818924646,-0.38034937426401844,-0.5338119635402342,-0.005718324770004512,-1.0,-0.9206882200369927,-0.1962725032315333,-0.1962725032315333,0.8925660742919133,VRTX,4462,0.012701295322849089,-0.018419620092853594,0.9999995718009009,-0.2386408002853649,True,0.9999999999852733,False
1112,0.4910071942446043,-0.001285569253788239,-0.0013685063157280464,0.10352138583864744,0.34176509515375325,2.0741771915636438,0.9659419556537344,-0.06233983812749427,-0.09686454302671074,-0.0012855692537882268,-0.9997933198082786,-0.8812024336760412,-0.1547611712287068,-0.15472918516016623,1.0013244448718202,CEG,1112,0.017398812824587644,-0.01868438207837588,0.9996068945862083,-0.18166907255728193,True,0.9999999999852733,False
4766,0.5092320604280319,0.003951389705016786,0.002906973923522793,0.1143295359901368,0.2627776582667835,1.6843131069348791,1.096129319604328,0.17349688967850035,0.2806860247829056,0.003951389705016788,-0.999999999924148,-0.932091500954406,-0.06350152528469284,-0.06350152527987613,1.041932567089899,AMD,4766,0.022850386123904477,-0.01889899641888769,0.9997147516133996,-0.16400353785946736,True,0.9999999999852733,False
2640,0.4909090909090909,-0.004794991076066331,-0.0013346153159325969,0.13530597704470324,-0.25830311717280174,2.192585132732754,0.907781049028486,-0.1778980107999313,-0.24783972543427799,-0.004794991076066325,-1.0,-0.959629968140224,-0.3122860351194876,-0.3122860351194876,0.9414025693628745,TTD,2640,0.014329212097128643,-0.019124203173194975,0.9987299025022323,-0.14511021161068444,True,0.9999999999852733,False
4829,0.5083868295713398,0.0031380380036155004,0.001805108306080494,0.09228648815989277,0.14343844022964009,2.2334786866600504,1.0955784615574882,0.17069482294012991,0.2623275043164635,0.0031380380036155064,-0.9999998552562536,-0.9150354734181405,-0.02863473908296649,-0.028634734938267077,1.0585385380099235,NVDA,4829,0.022602549822196064,-0.019464511818580565,0.999996384995213,-0.2119630383232443,True,0.9999999999852733,False
4797,0.49760266833437566,0.005180749822207139,-0.0008120532400227587,0.11903239694729133,0.3001822656202791,2.455121234133376,1.124655707346612,0.2184880618156552,0.36078691425988985,0.005180749822207141,-0.9999999999730228,-0.944721433393489,-0.048400008515578546,-0.04840000851427285,1.1321942458122785,TSLA,4797,0.025336441497441888,-0.020155691675234746,0.9996372525043652,-0.16395990772000027,True,0.9999999999852733,False
2232,0.4905913978494624,0.0025831599554158933,0.0,0.11411659648988638,0.027551983141769813,2.3202500151556835,1.067334712308141,0.11363255179266911,0.15713268236543582,0.0025831599554158938,-0.9999995643166006,-0.9064731506826513,-0.09859812243215323,-0.09859807947458807,1.0712336518964811,VRT,2232,0.023069825007405374,-0.02048666505198948,0.9999081652019471,-0.1834841427858304,True,0.9999999999852733,False
4465,0.5079507278835387,-0.002765283213368685,0.001342988609443152,0.08150373504184294,-0.11988818210353017,1.3159568679943714,0.9129572224660273,-0.1703187167177189,-0.24543907479255486,-0.0027652832133686807,-0.9999999999999339,-0.9454505237681171,-0.1442291709645427,-0.1442291709645332,0.8827668381252194,PODD,4465,0.017862398109389808,-0.020627681322758492,0.9999999895792904,-0.26105535210706976,True,0.9999999999852733,False
2761,0.5128576602680188,2.219762063167506e-05,0.002771930419617763,0.09239152297325655,0.29735995075251104,6.3435671611894815,1.0006807865490526,0.0012060757049366772,0.0017291314371042355,2.2197620631672632e-05,-0.999999970402997,-0.9247902478541029,-0.1032713849302104,-0.10327138187368692,0.9483853217152745,DELL,2761,0.022998956477640633,-0.022976758857008957,0.9999983752247211,-0.23634752499470446,True,0.9999999999852733,False
4912,0.47027687296416937,-0.005697861355790489,-0.004365337616386689,0.09528702180924122,0.2249080943953268,6.8471982599662,0.8440065127338523,-0.3001776785090467,-0.434237551337042,-0.005697861355790486,-1.0,-0.9442106898391611,-0.23212807523579915,-0.23212807523579915,0.943752736966035,MGM,4912,0.017381375297075702,-0.02307923665286619,0.9999999868905943,-0.2540339850955349,True,0.9999999999852733,False
4672,0.4877996575342466,-0.004758580247662807,-0.002737531688587924,0.09322447369901282,0.16389794944368843,3.6265548206719895,0.86958797144735,-0.25624047323420296,-0.37521217893194964,-0.004758580247662805,-1.0,-0.9662112318729583,-0.20763599281389625,-0.20763599281389625,0.9123233171262018,WYNN,4672,0.01847842021478215,-0.023237000462444958,0.9999999973838121,-0.26438174494487154,True,0.9999999999852733,False
2696,0.45919881305637983,-0.0037622175540514466,-0.00519841985708025,0.0881695926115974,0.504684953882561,3.3029713181195435,0.8860954720536239,-0.21420289775858273,-0.33063087993557355,-0.0037622175540514453,-0.9999999999939999,-0.9263435775448393,-0.17552065008159823,-0.1755206500805451,1.036402458427825,VST,2696,0.01982910423156925,-0.023591321785620695,0.9999999875373743,-0.27174414778342226,True,0.9999999999852733,False
1565,0.5220447284345048,0.007751612782525244,0.009308470276769287,0.15297569564057428,0.2161294888246808,3.422659572692398,1.1508462900016132,0.2543723509470724,0.38757747216670635,0.00775161278252523,-0.9999997911854329,-0.9284827063603168,-0.11346809364255071,-0.11346806994875987,1.0494253195241148,PLTR,1565,0.03171314027211833,-0.023961527489593085,0.998973579704895,-0.15831335488099366,True,0.9999999999852733,False
3085,0.5102106969205835,-0.00015354130859153087,0.0018901790812190233,0.11119803080799001,0.17631467410233032,1.8601697366259486,0.9963458834548656,-0.006931518897601004,-0.010797160167554453,-0.0001535413085915205,-0.9999999999917382,-0.9330788412367526,-0.14974913457232614,-0.14974913457108893,0.9539347181489723,LITE,3085,0.02546398729187821,-0.02561752860046974,0.9999992839406718,-0.23285332809469367,True,0.9999999999852733,False
1358,0.5279823269513991,0.005553807576257256,0.01288167569284715,0.16869524301801675,-0.15414454149372878,3.063451475591126,1.0901362631841567,0.16526780640590846,0.24841803217547512,0.005553807576257258,-0.9999999991898582,-0.9409760625930337,-0.24854205134326535,-0.24854205114191102,0.9730644469147284,APP,1358,0.03190220608169304,-0.02634839850543578,0.9991032637899807,-0.16143034015784427,True,0.9999999999852733,False
518,0.5115830115830116,0.003224821330867035,0.0011900603593888448,0.0977807232597394,-0.02536594873958611,-0.2605176541235057,1.0858597905967171,0.16555895744913868,0.2819603152827492,0.003224821330867031,-0.9870330961043985,-0.8338731762348219,-0.03987346286087998,-0.03935642749997811,1.0366887812112053,GEV,518,0.03969045953721147,-0.03646563820634443,0.9999999998014294,-0.3974288151305542,True,0.9999999999852733,False
328,0.6676829268292683,0.0894999523499417,0.060189663550371086,0.2629484800248158,0.09076580146840639,0.5769186815599339,2.500241587938197,1.708647241486252,2.923310080547176,0.08949995234994171,-0.9996793486694578,-0.6834229705688836,2.779716360432356,2.7788250406828534,1.2444124798413856,SNDK,328,0.14095117716945157,-0.05145122481950988,0.996447196413909,-0.21142445938916868,True,0.9999999999852733,False
