signal,n_trades_train,mean_return_train,matched_null_mean_train,excess_return_train,p_value_train,n_trades_test,mean_return_test,matched_null_mean_test,excess_return_test,p_value_test,fold,train_start,test_start,selected
ict_bos_bearish,6227,-0.013183466984088312,-0.005782432716993769,-0.0074010342670945434,0.8649014644963772,1725,-0.023239563030847364,-0.009247985305192085,-0.013991577725655279,0.9939705167005618,1,2010-01-05,2013-01-05,False
ict_bos_bullish,13649,0.002753389358650909,0.007234428483964987,-0.004481039125314078,0.9448353377952268,5832,0.008007996195632678,0.01400844648276572,-0.006000450287133042,0.9894439702354471,1,2010-01-05,2013-01-05,False
ict_bpr_bearish,4004,-0.008637719938767741,-0.006660679122371275,-0.0019770408163964663,0.6572817884062101,1493,-0.01575332107491101,-0.01194503032546369,-0.003808290749447319,0.8138249448909111,1,2010-01-05,2013-01-05,False
ict_bpr_bullish,4274,0.005556997672057776,0.006864250243496625,-0.0013072525714388494,0.6276940132248805,1405,0.013755754956049578,0.01247968986436489,0.0012760650916846875,0.38362381519446903,1,2010-01-05,2013-01-05,False
ict_displacement_bearish,31532,-0.00921178000181222,-0.0064805292725651905,-0.0027312507292470293,0.7348438463108833,10237,-0.0158053597425646,-0.011991517028555368,-0.0038138427140092333,0.8374039828320967,1,2010-01-05,2013-01-05,False
ict_displacement_bullish,36046,0.004990524875516212,0.006901337382561019,-0.0019108125070448068,0.7429226763423554,13105,0.010652569497932753,0.013031689106670973,-0.0023791196087382203,0.7900578147266313,1,2010-01-05,2013-01-05,False
ict_fvg_bearish_formed,14301,-0.00878534897531549,-0.006377398717409988,-0.0024079502579055024,0.6635956262326975,4629,-0.01803250073885324,-0.011426195837604404,-0.006606304901248835,0.9193287548001134,1,2010-01-05,2013-01-05,False
ict_fvg_bullish_formed,18841,0.004634038643430836,0.007027013393232214,-0.002392974749801378,0.7804918998126297,7156,0.009677628644051799,0.013290687372139441,-0.003613058728087643,0.8813160153887698,1,2010-01-05,2013-01-05,False
ict_liquidity_buyside_pool_formed,8931,0.007245357238144069,0.006219890840538365,0.0010254663976057036,0.40620948139950264,2497,0.012806685671221054,0.009406757601218157,0.0033999280700028976,0.160393922548697,1,2010-01-05,2013-01-05,False
ict_liquidity_buyside_swept,6877,0.00458404463274425,0.006352574212325037,-0.0017685295795807866,0.6886509828912821,2029,0.011247329439194449,0.010069034085512121,0.0011782953536823276,0.34196243325242387,1,2010-01-05,2013-01-05,False
ict_liquidity_sellside_pool_formed,7269,-0.012008264453548221,-0.006011712713798486,-0.005996551739749735,0.9335454689770872,1878,-0.01382071096271015,-0.007731452952757518,-0.006089258009952632,0.8976468828015374,1,2010-01-05,2013-01-05,False
ict_liquidity_sellside_swept,4508,-0.01421124054675404,-0.0058073129308676506,-0.008403927615886389,0.9158473095200479,1106,-0.016352509579975458,-0.006702765387110971,-0.009649744192864487,0.9664106690937676,1,2010-01-05,2013-01-05,False
ict_mss_bearish,6106,-0.009730152551176112,-0.006555216794144531,-0.003174935757031581,0.7193676390457231,2123,-0.017381530805992185,-0.011978963086502129,-0.0054025677194900566,0.8372693284329857,1,2010-01-05,2013-01-05,False
ict_mss_bullish,6171,0.006113933444649235,0.006564961616818091,-0.0004510281721688556,0.5468292660429857,2120,0.013863579741391381,0.012076798780971067,0.0017867809604203144,0.3072814245280542,1,2010-01-05,2013-01-05,False
ict_nwog_gap_down,23195,-0.00832432661478613,-0.0065932861971978365,-0.0017310404175882935,0.629722695850698,7483,-0.014258877706301333,-0.012238438479935538,-0.0020204392263657948,0.6601262240116782,1,2010-01-05,2013-01-05,False
ict_nwog_gap_up,24725,0.005114583393126098,0.006673843274879473,-0.0015592598817533746,0.6380011115309818,7997,0.014625540710872945,0.012994064954683438,0.0016314757561895071,0.3764652693517804,1,2010-01-05,2013-01-05,False
ict_ob_bearish_formed,3471,-0.007427618474042304,-0.006088492435505103,-0.0013391260385372007,0.5705733743482462,847,-0.018520587250611998,-0.009103500181722545,-0.009417087068889453,0.9607021806129354,1,2010-01-05,2013-01-05,False
ict_ob_bearish_mitigated,2774,0.004486581388192392,0.00655101339390169,-0.002064432005709298,0.7288784824297205,1064,0.012387534773597522,0.01304404132492843,-0.0006565065513309092,0.5935789288298087,1,2010-01-05,2013-01-05,False
ict_ob_bullish_formed,5258,0.004466793006992044,0.007173060595272966,-0.0027062675882809214,0.8094319994593695,2162,0.009727386352003214,0.013778983835573466,-0.004051597483570252,0.9406756388916234,1,2010-01-05,2013-01-05,False
ict_ob_bullish_mitigated,2648,-0.004322307706689734,-0.006247375333019715,0.0019250676263299817,0.4122185564117899,616,-0.01938272211679793,-0.008214286914263721,-0.011168435202534209,0.9718077040507843,1,2010-01-05,2013-01-05,True
ict_sweep_buyside_bearish,10429,-0.005362490773342782,-0.006991217017696255,0.0016287262443534728,0.327335733482495,3774,-0.01191493823895065,-0.012853459656061574,0.0009385214171109234,0.39652108851985013,1,2010-01-05,2013-01-05,True
ict_sweep_sellside_bullish,7582,0.00871472922194747,0.006354087783446212,0.002360641438501258,0.3041480384474572,2110,0.016540482231201036,0.009710603558401757,0.006829878672799279,0.10004210481795367,1,2010-01-05,2013-01-05,True
ict_volume_imbalance_bearish,15289,-0.009744193474825361,-0.006434474254368595,-0.0033097192204567666,0.7289038665321578,3995,-0.014087703467698678,-0.012068195014141163,-0.002019508453557516,0.6890885779385452,1,2010-01-05,2013-01-05,False
ict_volume_imbalance_bullish,20459,0.003052062956332533,0.006707418891272475,-0.0036553559349399418,0.8598114552587619,6612,0.013137434204489134,0.012929104011190351,0.00020833019329878286,0.476869002103006,1,2010-01-05,2013-01-05,False
smc_equal_highs,1471,-0.00940667174777766,-0.006243062435110424,-0.0031636093126672354,0.8104253235589495,642,-0.017689148460482196,-0.011779672452187789,-0.005909476008294407,0.9370662085824661,1,2010-01-05,2013-01-05,False
smc_equal_lows,1385,0.005512587345619672,0.006350690698367165,-0.0008381033527474933,0.569684221019311,526,0.015074987349165818,0.011437184174947955,0.0036378031742178626,0.16797383225772472,1,2010-01-05,2013-01-05,False
smc_fvg_bearish_formed,9677,-0.007689089037565506,-0.0063932410213238785,-0.0012958480162416275,0.5688873183513057,2166,-0.018824178728958724,-0.010979969996118047,-0.007844208732840677,0.9355709978974877,1,2010-01-05,2013-01-05,False
smc_fvg_bullish_formed,10543,0.0027826373005990887,0.007161746623757907,-0.004379109323158818,0.8568776461585912,2795,0.009931785732457007,0.013567636853102995,-0.0036358511206459887,0.8460439907180017,1,2010-01-05,2013-01-05,False
smc_internal_bos_bearish,2933,-0.01166639006619561,-0.005784005559152585,-0.005882384507043025,0.7690885504590769,571,-0.029082207961280766,-0.009452969535160954,-0.019629238426119813,0.9999286047510273,1,2010-01-05,2013-01-05,False
smc_internal_bos_bullish,5543,0.0027571945828471006,0.007433856310436541,-0.0046766617275894404,0.9438489603676887,2345,0.008034210136715198,0.015004774452902936,-0.006970564316187738,0.9929936047017207,1,2010-01-05,2013-01-05,False
smc_internal_choch_bearish,4235,-0.007300477536668145,-0.006523147197443438,-0.000777330339224707,0.5473688495873712,1439,-0.01600135493122944,-0.011612910083593928,-0.004388444847635512,0.7777969219909211,1,2010-01-05,2013-01-05,False
smc_internal_choch_bullish,4430,0.0028224550236659153,0.00652297363149228,-0.0037005186078263646,0.8124817466832723,1410,0.014237274084681143,0.011892057777706168,0.0023452163069749756,0.23377778169993996,1,2010-01-05,2013-01-05,False
smc_internal_ob_bearish_formed,7168,-0.009086920261152528,-0.006220705452869351,-0.002866214808283177,0.6650568297606475,2010,-0.019717358453696755,-0.010999315032272918,-0.008718043421423837,0.937367893575285,1,2010-01-05,2013-01-05,False
smc_internal_ob_bearish_mitigated,5921,0.004308396979677861,0.006543907070397702,-0.002235510090719841,0.7383565960556137,2221,0.014324183446182996,0.012987766660586623,0.0013364167855963727,0.3219719807491097,1,2010-01-05,2013-01-05,False
smc_internal_ob_bullish_formed,9973,0.002786183227470318,0.007029242827259658,-0.00424305959978934,0.909310653589244,3755,0.010363456519306938,0.013835951413747829,-0.0034724948944408907,0.8821910598478311,1,2010-01-05,2013-01-05,False
smc_internal_ob_bullish_mitigated,5930,-0.0034859985030274783,-0.006391557436961652,0.0029055589339341734,0.35723667260570335,1551,-0.018098653617234794,-0.010180035601816155,-0.007918618015418639,0.9392838897049742,1,2010-01-05,2013-01-05,True
smc_swing_bos_bearish,270,-0.008507197329667412,-0.004235963162065449,-0.004271234167601963,0.6494461333084018,20,-0.014623731275237018,-0.0006754366370183495,-0.013948294638218669,0.9042761147289964,1,2010-01-05,2013-01-05,False
smc_swing_bos_bullish,654,0.004962578976203815,0.008159972543260615,-0.0031973935670567997,0.8702197505339466,378,0.009705806087392277,0.012111687334973647,-0.0024058812475813707,0.8097743952726063,1,2010-01-05,2013-01-05,False
smc_swing_choch_bearish,250,-0.010188507564540919,-0.005478694303991772,-0.004709813260549147,0.6640623630413577,50,-0.021054244855163985,-0.0008648268294789985,-0.020189418025684986,0.9966713426497333,1,2010-01-05,2013-01-05,False
smc_swing_choch_bullish,363,0.007489734100866951,0.005563216681340677,0.001926517419526274,0.3116873559323049,90,0.015226793036342907,0.01351332301761484,0.001713470018728066,0.3753412047405692,1,2010-01-05,2013-01-05,True
smc_swing_ob_bearish_formed,520,-0.009315519557971984,-0.004833430057222337,-0.004482089500749647,0.686965257219093,70,-0.019216955260899136,-0.0008107153459188134,-0.018406239914980322,0.9977788076141086,1,2010-01-05,2013-01-05,False
smc_swing_ob_bearish_mitigated,336,0.005653512971552578,0.006302664367014839,-0.0006491513954622607,0.5575544496427053,157,0.012059112533065078,0.01555974884994623,-0.003500636316881151,0.7711171215413887,1,2010-01-05,2013-01-05,False
smc_swing_ob_bullish_formed,1017,0.005864601896806292,0.007233106881631379,-0.0013685049848250865,0.6850109043958645,468,0.010767534346805859,0.012381232658558483,-0.001613698311752624,0.7053690324194855,1,2010-01-05,2013-01-05,False
smc_swing_ob_bullish_mitigated,244,-0.016711220520825493,-0.005344599594910892,-0.011366620925914601,0.763823381079141,46,-0.024548794217889566,0.0005727534133921302,-0.025121547631281698,0.9998949785458903,1,2010-01-05,2013-01-05,False
ict_bos_bearish,6374,-0.014104981891443342,-0.007220014944640668,-0.006884966946802674,0.8575862796122558,2456,-0.012474792323321127,-0.005644490607796203,-0.006830301715524924,0.8081565624175964,2,2011-01-05,2014-01-05,False
ict_bos_bullish,14692,0.0038120265021090454,0.008509932250940886,-0.004697905748831841,0.9829007418081263,5023,0.0019564537741595354,0.009268320027470264,-0.0073118662533107285,0.9940936483070718,2,2011-01-05,2014-01-05,False
ict_bpr_bearish,4404,-0.009962540416956538,-0.007891418000556339,-0.002071122416400199,0.6849817070098595,1439,-0.004301309645489499,-0.007483269878940369,0.00318196023345087,0.25466050292972753,2,2011-01-05,2014-01-05,False
ict_bpr_bullish,4528,0.004315730645231242,0.008076682844880986,-0.0037609521996497444,0.8522361600748962,1399,0.009194342585930299,0.007301640702599803,0.0018927018833304957,0.3954916831545412,2,2011-01-05,2014-01-05,False
ict_displacement_bearish,32108,-0.010177607614029466,-0.007826848604362556,-0.0023507590096669105,0.7193441713737794,11313,-0.006137179820859263,-0.007275875463767544,0.0011386956429082808,0.4053042922607429,2,2011-01-05,2014-01-05,False
ict_displacement_bullish,37213,0.007102493547448304,0.00818366046240122,-0.001081166914952916,0.6700430085400344,12521,0.00745638661510497,0.008264143594795405,-0.0008077569796904353,0.5700184218210338,2,2011-01-05,2014-01-05,False
ict_fvg_bearish_formed,14712,-0.010115683999302395,-0.007697979568763394,-0.002417704430539001,0.6738784121256929,5281,-0.007757617029937473,-0.00681485069265148,-0.0009427663372859928,0.5646464574300323,2,2011-01-05,2014-01-05,False
ict_fvg_bullish_formed,19936,0.00492984428854571,0.008278836811389509,-0.003348992522843799,0.9050322881427922,6606,0.007685185301563855,0.008425849168294463,-0.0007406638667306073,0.555311428074832,2,2011-01-05,2014-01-05,False
ict_liquidity_buyside_pool_formed,9797,0.008147522687725974,0.007383984094989193,0.0007635385927367809,0.4220674157860387,3118,0.007253136423701454,0.006239126115466868,0.0010140103082345855,0.4005520349428078,2,2011-01-05,2014-01-05,True
ict_liquidity_buyside_swept,7599,0.006118176319830638,0.007489826987592899,-0.0013716506677622607,0.6676232159251009,2406,0.006605539354907465,0.0067646127631810285,-0.00015907340827356342,0.5144362235401788,2,2011-01-05,2014-01-05,False
ict_liquidity_sellside_pool_formed,8047,-0.01154272495623088,-0.007103000025963631,-0.004439724930267249,0.8885087571641737,2418,-0.014329809333729522,-0.005703662065761927,-0.008626147267967595,0.8970531367989325,2,2011-01-05,2014-01-05,False
ict_liquidity_sellside_swept,4951,-0.013698939461127147,-0.006935805892970969,-0.0067631335681561785,0.8864265914295977,1430,-0.013614870318776033,-0.004903466614018926,-0.008711403704757106,0.9040020066803744,2,2011-01-05,2014-01-05,False
ict_mss_bearish,6409,-0.01185494055333581,-0.007857909584500744,-0.003997030968835066,0.7913632114856632,2128,-0.004599318680277428,-0.007128003276091468,0.0025286845958140403,0.3340323010636968,2,2011-01-05,2014-01-05,False
ict_mss_bullish,6350,0.006916212228389219,0.007913375934422984,-0.000997163706033765,0.6148648843047554,2063,0.009757980499265913,0.007291562384842667,0.002466418114423246,0.3297302383208932,2,2011-01-05,2014-01-05,False
ict_nwog_gap_down,25757,-0.007275006991706722,-0.007914551511984863,0.0006395445202781415,0.445698786044968,6712,-0.0013059900054376242,-0.007131625613999237,0.005825635608561613,0.17837071986856295,2,2011-01-05,2014-01-05,False
ict_nwog_gap_up,22541,0.00944984322604013,0.008012366620731168,0.0014374766053089627,0.3469488484421376,8934,0.008175463494354539,0.00781343420116492,0.00036202929318961824,0.46492282228507975,2,2011-01-05,2014-01-05,True
ict_ob_bearish_formed,3383,-0.009577502159714922,-0.007444965135663961,-0.0021325370240509603,0.6124637149468706,1137,-0.011985105415363765,-0.005909587876883022,-0.006075517538480743,0.7794992871461451,2,2011-01-05,2014-01-05,False
ict_ob_bearish_mitigated,3149,0.0068008790384693615,0.007829891593387836,-0.0010290125549184742,0.6357824474773686,1092,0.0071004847776833776,0.00836977551772375,-0.001269290740040373,0.6307080665639124,2,2011-01-05,2014-01-05,False
ict_ob_bullish_formed,5756,0.005761587362495506,0.008506897511867234,-0.0027453101493717276,0.8669974940250743,1998,0.00463299209056548,0.008863373349418177,-0.004230381258852697,0.8808748175491697,2,2011-01-05,2014-01-05,False
ict_ob_bullish_mitigated,2767,-0.007619933995933579,-0.007332584398395733,-0.00028734959753784657,0.513314600700317,1133,-0.023174748396285198,-0.005599016713011478,-0.01757573168327372,0.9473720056722434,2,2011-01-05,2014-01-05,False
ict_sweep_buyside_bearish,11125,-0.007491839854416631,-0.00828495118217319,0.0007931113277565589,0.4004668811870816,4373,-0.007024792317909267,-0.008201407059959111,0.0011766147420498446,0.3760965280079491,2,2011-01-05,2014-01-05,True
ict_sweep_sellside_bullish,7462,0.011119121265530689,0.007620953073812431,0.003498168191718258,0.20863637286721765,2713,0.01582692664799378,0.0064985565559096915,0.009328370092084086,0.1187935437719227,2,2011-01-05,2014-01-05,True
ict_volume_imbalance_bearish,14407,-0.00881819955716132,-0.007805613182808718,-0.0010125863743526012,0.575555853648079,4757,-0.008815551275719254,-0.006913354423735,-0.001902196851984254,0.64834877375387,2,2011-01-05,2014-01-05,False
ict_volume_imbalance_bullish,20342,0.004959782228593062,0.008035437894052767,-0.0030756556654597048,0.8278208598278454,6544,0.004489150737374424,0.007930847910426302,-0.003441697173051878,0.7800208602576026,2,2011-01-05,2014-01-05,False
smc_equal_highs,1958,-0.011962390564104112,-0.007607383601227585,-0.0043550069628765275,0.9245290609025292,601,-0.0035059410896114717,-0.007892393483788441,0.00438645239417697,0.12916104139842804,2,2011-01-05,2014-01-05,False
smc_equal_lows,1765,0.00741097018353611,0.00775687253343724,-0.00034590234990113013,0.5352911532934613,550,0.0031444092335789473,0.007394295800449954,-0.004249886566871006,0.829689060910475,2,2011-01-05,2014-01-05,False
smc_fvg_bearish_formed,8671,-0.010860581784875223,-0.007719652585595877,-0.0031409291992793463,0.6566845133974031,2849,-0.016321602322757915,-0.007070674771966298,-0.009250927550791616,0.9007070243408115,2,2011-01-05,2014-01-05,False
smc_fvg_bullish_formed,9836,0.00459506478595159,0.008525424037483327,-0.003930359251531738,0.8646058209123121,2743,0.011968891313077499,0.00909314349932193,0.002875747813755568,0.3521293134259356,2,2011-01-05,2014-01-05,False
smc_internal_bos_bearish,2509,-0.015165493257971641,-0.007218513930720624,-0.007946979327251018,0.8227782879058023,807,-0.010387908618103918,-0.004993511765146077,-0.005394396852957842,0.780234058143231,2,2011-01-05,2014-01-05,False
smc_internal_bos_bullish,6039,0.003707831663351652,0.008820732684657032,-0.005112901021305381,0.9879417794254108,1988,0.0007957444433728234,0.009270674630613393,-0.008474930187240569,0.995688009312453,2,2011-01-05,2014-01-05,False
smc_internal_choch_bearish,4641,-0.010273737217779477,-0.007805804062103215,-0.0024679331556762612,0.6643043991258083,1581,-0.005460322098141591,-0.0073087710831464744,0.0018484489850048831,0.3812113483093263,2,2011-01-05,2014-01-05,False
smc_internal_choch_bullish,4564,0.005703831344764796,0.007885341009392288,-0.002181509664627492,0.7339761072577915,1547,0.007646111186740654,0.007674588157964656,-2.8476971224001765e-05,0.5027298818267166,2,2011-01-05,2014-01-05,False
smc_internal_ob_bearish_formed,7150,-0.011990298882792363,-0.007599718615999871,-0.0043905802667924924,0.7486940351423359,2388,-0.007125549200993181,-0.0065263530472895615,-0.0005991961537036199,0.538740688768182,2,2011-01-05,2014-01-05,False
smc_internal_ob_bearish_mitigated,6546,0.006855508141303702,0.007853895519705962,-0.00099838737840226,0.6296760816666614,2166,0.007020341147473379,0.008145678649012035,-0.0011253375015386558,0.6034696586330218,2,2011-01-05,2014-01-05,False
smc_internal_ob_bullish_formed,10603,0.004566998177165628,0.008418098750307478,-0.0038511005731418505,0.9323261578453373,3535,0.003793627711262507,0.00857218926337503,-0.004778561552112522,0.9074294166791401,2,2011-01-05,2014-01-05,False
smc_internal_ob_bullish_mitigated,6189,-0.00840674335178034,-0.007559029249054536,-0.0008477141027258047,0.5443641905274216,2316,-0.015940564496588417,-0.006217865054799189,-0.009722699441789228,0.8570144989956199,2,2011-01-05,2014-01-05,False
smc_swing_bos_bearish,108,0.00020114709829801815,-0.00574547081403918,0.0059466179123371975,0.32677645959555934,20,0.00842263663589649,0.002488592480323764,0.005934044155572727,0.37557685889407755,2,2011-01-05,2014-01-05,True
smc_swing_bos_bullish,878,0.0067863039494919656,0.008729645618122683,-0.001943341668630717,0.8137848487426872,384,0.004999564391433088,0.009031435501508341,-0.004031871110075253,0.8301017473232182,2,2011-01-05,2014-01-05,False
smc_swing_choch_bearish,297,-0.011371350988699213,-0.006403529815064752,-0.004967821173634462,0.6934689593518684,135,-0.024889476970314472,-0.0021491962460865955,-0.022740280724227877,0.9848903620296129,2,2011-01-05,2014-01-05,False
smc_swing_choch_bullish,374,0.007509251547096259,0.007085938569742578,0.00042331297735368097,0.4577158968729294,107,0.0058582356718959085,0.007204495431952847,-0.0013462597600569382,0.6020366811132315,2,2011-01-05,2014-01-05,False
smc_swing_ob_bearish_formed,405,-0.008285351498833285,-0.006228047414791271,-0.002057304084042014,0.5820661378860881,155,-0.02059113973080338,-0.0015507718942917102,-0.01904036783651167,0.9584980220321989,2,2011-01-05,2014-01-05,False
smc_swing_ob_bearish_mitigated,410,0.005497408431050456,0.007562037051356998,-0.002064628620306542,0.6982416163453411,131,0.0048732417690279545,0.009222104796490495,-0.004348863027462541,0.7852014532618322,2,2011-01-05,2014-01-05,False
smc_swing_ob_bullish_formed,1252,0.007002264334079831,0.008238634087696024,-0.001236369753616193,0.695757149314027,491,0.005186688275362867,0.008633303958855722,-0.0034466156834928553,0.8038038777656829,2,2011-01-05,2014-01-05,False
smc_swing_ob_bullish_mitigated,285,-0.01725033466319544,-0.006444828657099124,-0.010805506006096314,0.7820832115414309,126,-0.030582111013738467,-0.0024378549522363516,-0.028144256061502115,0.958254936230303,2,2011-01-05,2014-01-05,False
ict_bos_bearish,6283,-0.014587665787222997,-0.008815911370412998,-0.0057717544168099984,0.9111916308183395,2890,-0.009769090132696194,0.0012404124906160864,-0.01100950262331228,0.9790782704780733,3,2012-01-05,2015-01-05,False
ict_bos_bullish,15787,0.0059042802064527755,0.009942314007731668,-0.004038033801278893,0.9900387454337083,3897,-0.00387045989256671,0.004947264232870014,-0.008817724125436724,0.9799488182627647,3,2012-01-05,2015-01-05,False
ict_bpr_bearish,4208,-0.008965581649875985,-0.009575435129816302,0.0006098534799403171,0.4165104270450378,1648,-0.003478406501773785,-0.002089884071387257,-0.0013885224303865282,0.6321751483254758,3,2012-01-05,2015-01-05,False
ict_bpr_bullish,4375,0.009435312993674649,0.009685546124247015,-0.00025023313057236617,0.532805987230264,1687,-0.0022708510881436976,0.002275631214988661,-0.004546482303132359,0.7901292931371506,3,2012-01-05,2015-01-05,False
ict_displacement_bearish,31524,-0.010191370226412779,-0.009473795380200463,-0.0007175748462123158,0.606870944013173,11735,-0.004946662647154627,-0.0015619434821046408,-0.0033847191650499863,0.8056900659530098,3,2012-01-05,2015-01-05,False
ict_displacement_bullish,37929,0.00898645625613136,0.009689618856357548,-0.0007031626002261884,0.6291934743228847,11840,-0.002724702826572016,0.002786823355967878,-0.005511526182539894,0.8776281158809174,3,2012-01-05,2015-01-05,False
ict_fvg_bearish_formed,14294,-0.011289523215132229,-0.00941049735517372,-0.0018790258599585084,0.7140117259572217,5772,-0.007730655924320906,-0.0008832463132969274,-0.006847409611023978,0.9261630108033088,3,2012-01-05,2015-01-05,False
ict_fvg_bullish_formed,20512,0.008413382311613647,0.009800116128701838,-0.0013867338170881916,0.7296072405051834,6222,-0.0022891448405469557,0.0030616764055136003,-0.005350821246060556,0.8742422231590266,3,2012-01-05,2015-01-05,False
ict_liquidity_buyside_pool_formed,9279,0.010016721502134006,0.008744559230336083,0.001272162271797923,0.2785721739984259,3776,-0.0003824179841615669,0.0020127504220955866,-0.0023951684062571534,0.6829951476433199,3,2012-01-05,2015-01-05,True
ict_liquidity_buyside_swept,7356,0.009457924243773301,0.008884932739817384,0.000572991503955917,0.39160089451412144,2704,-0.003594490991547343,0.0026070053420045847,-0.006201496333551928,0.8794942568166497,3,2012-01-05,2015-01-05,False
ict_liquidity_sellside_pool_formed,7293,-0.013271543692488362,-0.00859425192154364,-0.004677291770944721,0.92114571162491,3546,-0.007419789460486321,-0.0010947992760154113,-0.00632499018447091,0.9348785190976884,3,2012-01-05,2015-01-05,False
ict_liquidity_sellside_swept,4302,-0.013827894392359189,-0.008316399123798529,-0.00551149526856066,0.9396371843670499,2299,-0.008808209285073969,-0.000306711559072616,-0.008501497726001353,0.9613643578790432,3,2012-01-05,2015-01-05,False
ict_mss_bearish,6272,-0.011015994589684592,-0.009428665004844008,-0.0015873295848405841,0.6833854027761689,2331,-0.00935873571387953,-0.0024087759632263716,-0.006949959750653158,0.9227432168102176,3,2012-01-05,2015-01-05,False
ict_mss_bullish,6146,0.010833494090201585,0.00944570795211686,0.0013877861380847244,0.294216089467613,2251,-0.005996275122064407,0.0024426070689872437,-0.00843888219105165,0.9412598381418954,3,2012-01-05,2015-01-05,True
ict_nwog_gap_down,22974,-0.008281134165464946,-0.009320435715940071,0.001039301550475125,0.368895637619016,8471,-0.001953038044428962,-0.002006303873674153,5.3265829245191e-05,0.4972575006949728,3,2012-01-05,2015-01-05,False
ict_nwog_gap_up,23741,0.010130569410346419,0.009633472179153772,0.0004970972311926468,0.430726490377001,7864,-0.0037048590746529366,0.002789900096319531,-0.006494759170972468,0.8771183164058897,3,2012-01-05,2015-01-05,False
ict_ob_bearish_formed,3054,-0.0123844104836136,-0.008859351639489753,-0.0035250588441238483,0.8017694426697819,1719,-0.009467167486659102,-0.0002264413451274754,-0.009240726141531626,0.960059070968789,3,2012-01-05,2015-01-05,False
ict_ob_bearish_mitigated,3289,0.010073225001812403,0.009427945105582364,0.0006452798962300384,0.3828732359946218,1048,-0.0003996068560883861,0.003652884478289607,-0.004052491334377993,0.8192662513185673,3,2012-01-05,2015-01-05,False
ict_ob_bullish_formed,6044,0.008185479216097587,0.009913731155118503,-0.0017282519390209167,0.8196440945704834,1876,-0.0017483407398463159,0.004424710238981814,-0.006173050978828129,0.9427214370162836,3,2012-01-05,2015-01-05,False
ict_ob_bullish_mitigated,2591,-0.01782625202633965,-0.008719196121974915,-0.009107055904364735,0.9372741955301656,1444,-0.013035133582617525,0.0012037992440203913,-0.014238932826637915,0.9955631485153753,3,2012-01-05,2015-01-05,False
ict_sweep_buyside_bearish,11644,-0.008411962403545989,-0.00964075504148905,0.0012287926379430606,0.29159418931858133,4116,-0.003912721485064946,-0.003608963563970151,-0.0003037579210947946,0.5347960850212921,3,2012-01-05,2015-01-05,True
ict_sweep_sellside_bullish,7280,0.012856483753421149,0.009005341096374568,0.0038511426570465804,0.1603458082018998,3781,0.0006321820882629626,0.0007774992949656559,-0.00014531720670269332,0.5112734966965299,3,2012-01-05,2015-01-05,True
ict_volume_imbalance_bearish,13334,-0.010037761646789677,-0.009265608934281924,-0.0007721527125077524,0.6065203153051683,6272,-0.0029521114413473518,-0.0017957476256878864,-0.0011563638156594654,0.5752399580684622,3,2012-01-05,2015-01-05,False
ict_volume_imbalance_bullish,19765,0.00811820547986168,0.009526505774527705,-0.0014083002946660254,0.7313797146068357,6824,-0.002786008705729826,0.0031793784036587345,-0.005965387109388561,0.8707432589212396,3,2012-01-05,2015-01-05,False
smc_equal_highs,1950,-0.011473930878027273,-0.009356423947176978,-0.0021175069308502943,0.7977944260017606,691,0.001208323124858874,-0.0025139998450528557,0.0037223229699117296,0.21740537070860766,3,2012-01-05,2015-01-05,False
smc_equal_lows,1766,0.010176873469064115,0.009299980733392235,0.00087689273567188,0.3688561827948947,601,-0.004136632718297218,0.0019362000837817512,-0.0060728328020789694,0.9073150684732136,3,2012-01-05,2015-01-05,False
smc_fvg_bearish_formed,7060,-0.015010534007343115,-0.009435996234455506,-0.005574537772887609,0.9303575400529844,3665,-0.013641950783051717,-0.0002384112591900139,-0.013403539523861703,0.9932380729489403,3,2012-01-05,2015-01-05,False
smc_fvg_bullish_formed,8417,0.009871314893472904,0.010014364913680244,-0.00014305002020733974,0.5187892425301989,3684,-0.0009703615798737342,0.0023837447424024183,-0.0033541063222761527,0.7516716137525203,3,2012-01-05,2015-01-05,False
smc_internal_bos_bearish,2252,-0.015623877808027473,-0.008903276253529291,-0.006720601554498181,0.9128701233293413,1281,-0.003273550839207391,0.0012472300835129878,-0.004520780922720379,0.7362404443027057,3,2012-01-05,2015-01-05,False
smc_internal_bos_bullish,6463,0.005421958584261973,0.010126508247316148,-0.004704549663054175,0.995891560646927,1628,-0.0035033592860307474,0.0052956187050658765,-0.008798977991096624,0.9905059590342608,3,2012-01-05,2015-01-05,False
smc_internal_choch_bearish,4576,-0.010273982518367647,-0.009426078147997887,-0.0008479043703697592,0.5988812303561519,1723,-0.007488567211421133,-0.002435220902116644,-0.0050533463093044885,0.8537961339204299,3,2012-01-05,2015-01-05,False
smc_internal_choch_bullish,4534,0.009861086161497851,0.00944885763716264,0.00041222852433521126,0.42887012490714416,1604,-0.0036086824695365687,0.0025583353350684367,-0.006167017804605005,0.8725007342119735,3,2012-01-05,2015-01-05,False
smc_internal_ob_bearish_formed,6828,-0.012038476395390777,-0.00925364846634246,-0.0027848279290483176,0.7755491430480044,3004,-0.00569115177440189,-0.0008649080816800409,-0.0048262436927218495,0.8035536016289524,3,2012-01-05,2015-01-05,False
smc_internal_ob_bearish_mitigated,6723,0.009962236434444638,0.00957972942887547,0.00038250700556916734,0.4297189775140137,2008,-0.0011028091323874623,0.003318484036905407,-0.004421293169292869,0.8457941834246192,3,2012-01-05,2015-01-05,False
smc_internal_ob_bullish_formed,10997,0.007252185412959568,0.009847116789060624,-0.0025949313761010557,0.9126422353780719,3232,-0.0035556298263597504,0.003937140200896352,-0.007492770027256103,0.9593242397072733,3,2012-01-05,2015-01-05,False
smc_internal_ob_bullish_mitigated,5867,-0.01384551709332849,-0.00907825858254111,-0.004767258510787381,0.8527085064438278,2581,-0.012359608588428323,-0.00017662023392727105,-0.012182988354501052,0.9963300899871913,3,2012-01-05,2015-01-05,False
smc_swing_bos_bearish,73,-0.01419876649094659,-0.006244277989395502,-0.007954488501551088,0.822688640814363,69,-0.004614754995759635,0.007724125695062867,-0.012338880690822502,0.9511842662386953,3,2012-01-05,2015-01-05,False
smc_swing_bos_bullish,1071,0.007255412245547329,0.009895223524735283,-0.0026398112791879537,0.8850654657701267,237,-0.0009770451867039918,0.006647296418161367,-0.007624341604865359,0.9720128420545575,3,2012-01-05,2015-01-05,False
smc_swing_choch_bearish,266,-0.02294854756386933,-0.007320132067212295,-0.015628415496657035,0.9946544999460354,182,-0.014987236014875173,0.0020232835349973358,-0.01701051954987251,0.9995095969381893,3,2012-01-05,2015-01-05,False
smc_swing_choch_bullish,377,0.01089183084400147,0.008913190665811043,0.001978640178190426,0.27960705705212585,83,0.003370679515715042,0.005011592549296167,-0.0016409130335811252,0.6006072457256642,3,2012-01-05,2015-01-05,True
smc_swing_ob_bearish_formed,339,-0.021064376418372693,-0.007088458475234051,-0.013975917943138643,0.9909904526311865,251,-0.012135836850257755,0.0035904473160512044,-0.01572628416630896,0.9994233151361362,3,2012-01-05,2015-01-05,False
smc_swing_ob_bearish_mitigated,425,0.009014504685946209,0.00957766391453358,-0.0005631592285873701,0.5657089833386815,92,0.0007925280900610167,0.005008435043473725,-0.004215906953412708,0.7308898485323487,3,2012-01-05,2015-01-05,False
smc_swing_ob_bullish_formed,1448,0.00820218697732717,0.009639542317681117,-0.001437355340353946,0.738478087136359,320,0.00015064590798594506,0.006223035727174453,-0.006072389819188508,0.9244270352442666,3,2012-01-05,2015-01-05,False
smc_swing_ob_bullish_mitigated,239,-0.0305318101837821,-0.007029390989052677,-0.023502419194729424,0.9938373329456589,262,-0.01835227423063612,0.004072227519229024,-0.02242450174986514,0.999396668787469,3,2012-01-05,2015-01-05,False
ict_bos_bearish,7002,-0.014833816642163468,-0.0059665096098594946,-0.008867307032303973,0.9905038363876978,2591,-0.012948702515800598,-0.008840670108161376,-0.004108032407639222,0.6961887006860422,4,2013-01-05,2016-01-05,False
ict_bos_bullish,14635,0.0032596457462711636,0.007805013082508178,-0.004545367336237014,0.9929882920177009,5099,0.008097196034725746,0.012023945086036008,-0.003926749051310262,0.8979352971474737,4,2013-01-05,2016-01-05,False
ict_bpr_bearish,4505,-0.008837449234399029,-0.0070935773576824785,-0.0017438718767165502,0.7587155203109723,1493,-0.011973064781258721,-0.010381833520792708,-0.0015912312604660136,0.6153702996583015,4,2013-01-05,2016-01-05,False
ict_bpr_bullish,4411,0.0079430028892349,0.007127244010621878,0.0008157588786130224,0.4003577380463527,1602,0.012190408851906549,0.010667027120759353,0.0015233817311471956,0.39854257309828334,4,2013-01-05,2016-01-05,True
ict_displacement_bearish,33070,-0.009252812973333512,-0.006980823463643528,-0.002271989509689984,0.8188524332921422,10290,-0.01164403843852333,-0.01027219498849841,-0.0013718434500249194,0.6234533233904461,4,2013-01-05,2016-01-05,False
ict_displacement_bullish,37139,0.006031082156825933,0.0073653868354710255,-0.001334304678645092,0.7108003623589265,13175,0.010005371183960589,0.010929765023252377,-0.0009243938392917879,0.6006947162697414,4,2013-01-05,2016-01-05,False
ict_fvg_bearish_formed,15536,-0.011557596946598728,-0.006767487680752394,-0.004790109265846334,0.946284489614107,4944,-0.013782687323907748,-0.00998892381718483,-0.0037937635067229174,0.7492956267902169,4,2013-01-05,2016-01-05,False
ict_fvg_bullish_formed,19733,0.006282174789408726,0.007474297566269099,-0.0011921227768603732,0.6863965665495106,6778,0.011111597882366668,0.011323270847229014,-0.00021167296486234582,0.5208398256615039,4,2013-01-05,2016-01-05,False
ict_liquidity_buyside_pool_formed,9222,0.007097100087744574,0.006290856795400913,0.0008062432923436613,0.36905139195904635,4173,0.011325292236244167,0.009831018263958536,0.0014942739722856313,0.3514552542612738,4,2013-01-05,2016-01-05,True
ict_liquidity_buyside_swept,7008,0.005267975670598854,0.006502703897592569,-0.0012347282269937155,0.6837217605372132,3273,0.008406940004939667,0.010236061639544653,-0.0018291216346049861,0.6885211867808485,4,2013-01-05,2016-01-05,False
ict_liquidity_sellside_pool_formed,7800,-0.011462593226845317,-0.006130439702101916,-0.005332153524743401,0.9548555196282391,3460,-0.010637747826246234,-0.008960423824308715,-0.0016773240019375187,0.6024385732435946,4,2013-01-05,2016-01-05,False
ict_liquidity_sellside_swept,4792,-0.012694605646834825,-0.005764435783676391,-0.0069301698631584335,0.9817144694277318,2149,-0.011775975618607692,-0.00858648899396179,-0.0031894866246459028,0.6578849934196107,4,2013-01-05,2016-01-05,False
ict_mss_bearish,6562,-0.010571721155870867,-0.007080327245869788,-0.0034913939100010795,0.8598573504881549,2228,-0.015407912874158262,-0.01021386510912508,-0.005194047765033183,0.7667888526658048,4,2013-01-05,2016-01-05,False
ict_mss_bullish,6334,0.006904273122943099,0.007108754977226546,-0.00020448185428344721,0.5273827410361658,2292,0.007363848780785583,0.010425469870122252,-0.0030616210893366688,0.7008301983251168,4,2013-01-05,2016-01-05,False
ict_nwog_gap_down,21898,-0.00855379407561572,-0.006950196678048027,-0.0016035973975676932,0.687755260664211,6977,-0.01487863359964585,-0.011012961885860128,-0.0038656717137857226,0.7030401112702713,4,2013-01-05,2016-01-05,False
ict_nwog_gap_up,24784,0.006514362888514127,0.007313844088539976,-0.0007994812000258486,0.6034777254980163,9168,0.013056653878135625,0.01116616477596081,0.0018904891021748142,0.3480984672038263,4,2013-01-05,2016-01-05,False
ict_ob_bearish_formed,3674,-0.012977230053818655,-0.006349193350603621,-0.006628036703215034,0.9637267162935095,1386,-0.011995243015508838,-0.009157359614685182,-0.0028378834008236566,0.591715007077265,4,2013-01-05,2016-01-05,False
ict_ob_bearish_mitigated,3176,0.00718883608608417,0.007179870430491205,8.965655592965e-06,0.4983260170069795,1557,0.011813714232013516,0.012518600743821601,-0.0007048865118080856,0.5654874935985504,4,2013-01-05,2016-01-05,False
ict_ob_bullish_formed,5981,0.005170035578329556,0.007710623876344035,-0.0025405882980144793,0.9056779096498065,1999,0.00780834863548165,0.011652010329890057,-0.0038436616944084075,0.8582306988526434,4,2013-01-05,2016-01-05,False
ict_ob_bullish_mitigated,3178,-0.01837954969932179,-0.0059673183026937434,-0.012412231396628046,0.9936734898069133,1294,-0.015449888548811729,-0.0088780265894601,-0.006571861959351629,0.6967633080446376,4,2013-01-05,2016-01-05,False
ict_sweep_buyside_bearish,12143,-0.008104883014147699,-0.007393099948180406,-0.000711783065967293,0.6354092051830382,3578,-0.010315686745917808,-0.01081079171144874,0.0004951049655309327,0.4492987390826801,4,2013-01-05,2016-01-05,False
ict_sweep_sellside_bullish,8461,0.010901899354649759,0.006607801122366939,0.00429409823228282,0.1206245384320731,2979,0.013170513163815246,0.00939884514619984,0.0037716680176154063,0.26504394054362906,4,2013-01-05,2016-01-05,True
ict_volume_imbalance_bearish,14699,-0.009840308517233678,-0.006874201639341401,-0.0029661068778922776,0.8672872527427353,4656,-0.012005499164918932,-0.010507335619281308,-0.001498163545637624,0.5839197414732641,4,2013-01-05,2016-01-05,False
ict_volume_imbalance_bullish,19546,0.0065269560345986724,0.00728247385609035,-0.0007555178214916775,0.626455120136459,7094,0.013660680084758663,0.011363130516322274,0.0022975495684363894,0.30738864007675537,4,2013-01-05,2016-01-05,False
smc_equal_highs,1900,-0.00788059441147785,-0.007015370743689476,-0.0008652236677883732,0.6364059518203922,708,-0.009129770072687012,-0.010520535478537017,0.001390765405850005,0.38269209895548717,4,2013-01-05,2016-01-05,False
smc_equal_lows,1650,0.005574173614560703,0.006698204710876067,-0.0011240310963153647,0.6757649563741255,561,0.008239996619662416,0.010588169477206207,-0.0023481728575437903,0.6982630181703198,4,2013-01-05,2016-01-05,False
smc_fvg_bearish_formed,8647,-0.016122086646387743,-0.006753982390372163,-0.009368104256015579,0.9957887860420208,3559,-0.021312511435083347,-0.009880607601900274,-0.011431903833183073,0.9213405628983109,4,2013-01-05,2016-01-05,False
smc_fvg_bullish_formed,9119,0.007280935699505748,0.007535130722770699,-0.0002541950232649512,0.5325276647256717,4107,0.014228635099835664,0.011751873223013777,0.002476761876821887,0.3137826134368924,4,2013-01-05,2016-01-05,False
smc_internal_bos_bearish,2598,-0.013073998208777249,-0.006026793596839355,-0.007047204611937894,0.9562925130550861,1060,-0.01645226675077961,-0.008731708433809849,-0.00772055831696976,0.7413561031822986,4,2013-01-05,2016-01-05,False
smc_internal_bos_bullish,5910,0.002994190363010465,0.008041849056012598,-0.005047658693002133,0.9960208616812646,1967,0.008009346535491405,0.01201727362949199,-0.004007927094000585,0.8958579618957074,4,2013-01-05,2016-01-05,False
smc_internal_choch_bearish,4700,-0.009987686092547549,-0.007032597343561403,-0.0029550887489861455,0.8178391033337509,1560,-0.014666142265976635,-0.0104042999121635,-0.004261842353813135,0.7022715838956483,4,2013-01-05,2016-01-05,False
smc_internal_choch_bullish,4521,0.006422768604099553,0.007089622170217353,-0.0006668535661177996,0.5953506742782835,1693,0.009674898406282956,0.010685744025466395,-0.0010108456191834387,0.582786654295372,4,2013-01-05,2016-01-05,False
smc_internal_ob_bearish_formed,7298,-0.01108637599087103,-0.006674543337808612,-0.0044118326530624185,0.9018265610689641,2620,-0.01538877278272898,-0.009727602596493684,-0.005661170186235296,0.735134619732144,4,2013-01-05,2016-01-05,False
smc_internal_ob_bearish_mitigated,6341,0.0077039835034880474,0.0072452096711056535,0.0004587738323823939,0.4200939284655035,2726,0.010309502805822003,0.011935906979941067,-0.0016264041741190643,0.6484274841360878,4,2013-01-05,2016-01-05,True
smc_internal_ob_bullish_formed,10431,0.0044802034229245455,0.007629135246149656,-0.0031489318232251103,0.9311556549521444,3660,0.008779778042936786,0.011401350236154458,-0.002621572193217672,0.7636887749820278,4,2013-01-05,2016-01-05,False
smc_internal_ob_bullish_mitigated,6393,-0.01564254015664931,-0.006467259722927275,-0.009175280433722037,0.9897179660072517,2400,-0.017815239738174712,-0.009285727082870635,-0.008529512655304078,0.8188158541404192,4,2013-01-05,2016-01-05,False
smc_swing_bos_bearish,109,-0.004059082454075462,-0.0016056015755610805,-0.002453480878514381,0.6438494763744564,99,-0.005881666359289125,-0.010174972915418152,0.004293306556129027,0.41593421988132717,4,2013-01-05,2016-01-05,False
smc_swing_bos_bullish,995,0.005696790552952008,0.007842143062085428,-0.00214535250913342,0.8314035137799691,268,0.007259399818773574,0.011814145902489432,-0.004554746083715858,0.9219807186852661,4,2013-01-05,2016-01-05,False
smc_swing_choch_bearish,367,-0.019456317679721894,-0.004744641083321757,-0.014711676596400138,0.9973810851293868,166,-0.011020590010669573,-0.007466963546498167,-0.003553626464171406,0.5900331698480208,4,2013-01-05,2016-01-05,False
smc_swing_choch_bullish,278,0.008762551886529376,0.006206793850684161,0.0025557580358452157,0.23557015928659308,264,0.009332674184678324,0.012500452191930887,-0.0031677780072525627,0.7652712370187426,4,2013-01-05,2016-01-05,True
smc_swing_ob_bearish_formed,476,-0.01593048020158017,-0.0040258274145278175,-0.011904652787052352,0.9927900870101806,265,-0.009100765703172727,-0.00847863497111356,-0.000622130732059167,0.5148076512894517,4,2013-01-05,2016-01-05,False
smc_swing_ob_bearish_mitigated,378,0.007226577766142814,0.006936808422665951,0.0002897693434768629,0.46422322744987726,310,0.016630599622688633,0.014150814043577669,0.002479785579110964,0.3669680341752137,4,2013-01-05,2016-01-05,False
smc_swing_ob_bullish_formed,1273,0.006366296955728526,0.007485012598008795,-0.001118715642280269,0.6880955660691559,532,0.008288242737192473,0.012154718948377661,-0.003866476211185188,0.877524348462191,4,2013-01-05,2016-01-05,False
smc_swing_ob_bullish_mitigated,431,-0.022962478797985242,-0.003920746432313613,-0.01904173236567163,0.9969671932978224,187,-0.02371468239650447,-0.009339809190898878,-0.014374873205605591,0.7842091271256569,4,2013-01-05,2016-01-05,False
ict_bos_bearish,7863,-0.011359940371403148,-0.005095195122553277,-0.006264745248849872,0.9281223141320065,1929,-0.013965564522550001,-0.006042323544486626,-0.007923240978063375,0.9997560567493164,5,2014-01-05,2017-01-05,False
ict_bos_bullish,13919,0.0026187404280632017,0.006119564759380106,-0.003500824331316904,0.9550804440158672,5767,0.00815005832548332,0.011293556640000776,-0.0031434983145174553,0.9309654734072936,5,2014-01-05,2017-01-05,False
ict_bpr_bearish,4522,-0.006391994282503724,-0.005562972827691672,-0.0008290214548120518,0.6125231800651303,1390,-0.012690760985912129,-0.00904929001815885,-0.0036414709677532794,0.8970182629309922,5,2014-01-05,2017-01-05,False
ict_bpr_bullish,4663,0.006112346896000344,0.005513553780709638,0.000598793115290706,0.43681209545944544,1468,0.010040139604025198,0.00899709742573035,0.0010430421782948486,0.31784750369071624,5,2014-01-05,2017-01-05,False
ict_displacement_bearish,32879,-0.007280731358713731,-0.005533670924555919,-0.001747060434157812,0.7468702122640312,10710,-0.012150314932946023,-0.008774661060233118,-0.0033756538727129047,0.9614373794992347,5,2014-01-05,2017-01-05,False
ict_displacement_bullish,37246,0.005124587178006028,0.005802279132011326,-0.0006776919540052977,0.6023412737706226,12126,0.009543107894905053,0.009993176448192016,-0.00045006855328696277,0.5865787724022921,5,2014-01-05,2017-01-05,False
ict_fvg_bearish_formed,15787,-0.009449089371898723,-0.005397622552368794,-0.004051466819529928,0.8943841634421061,4803,-0.011512709077685208,-0.00815056477596665,-0.003362144301718559,0.936442866838116,5,2014-01-05,2017-01-05,False
ict_fvg_bullish_formed,19528,0.0057147641000685695,0.005838383364256045,-0.00012361926418747587,0.5173327165174691,6682,0.00956001550926999,0.010370850285362452,-0.000810834776092461,0.6732214197981133,5,2014-01-05,2017-01-05,False
ict_liquidity_buyside_pool_formed,10993,0.006177638267329644,0.005268590992245613,0.0009090472750840307,0.366422387521936,2939,0.0113900445648022,0.0072748936946696475,0.0041151508701325525,0.04201635258203275,5,2014-01-05,2017-01-05,False
ict_liquidity_buyside_swept,8310,0.004096124094049826,0.005411402714652274,-0.0013152786206024484,0.6855849104826979,2249,0.012034038191507146,0.007904867121042033,0.004129171070465112,0.03481538596465392,5,2014-01-05,2017-01-05,False
ict_liquidity_sellside_pool_formed,9330,-0.010335744137142583,-0.005182702517843493,-0.00515304161929909,0.9311762757646347,2348,-0.00988525204281744,-0.006211937685382543,-0.0036733143574348964,0.9353903359759465,5,2014-01-05,2017-01-05,False
ict_liquidity_sellside_swept,5833,-0.010920796324827297,-0.004994314845980043,-0.005926481478847254,0.9277381319434208,1435,-0.010259094171924457,-0.005348694524961042,-0.004910399646963415,0.9857130150773468,5,2014-01-05,2017-01-05,False
ict_mss_bearish,6579,-0.0097866219825094,-0.0055649185483662034,-0.004221703434143197,0.8764860627895985,2080,-0.01339064179295724,-0.008961773172773921,-0.004428868620183319,0.9384232037979554,5,2014-01-05,2017-01-05,False
ict_mss_bullish,6576,0.003540498415936962,0.005576365029921335,-0.0020358666139843732,0.7207985939106915,2118,0.011450132694053818,0.009113876564678448,0.00233625612937537,0.1253779494711998,5,2014-01-05,2017-01-05,False
ict_nwog_gap_down,22099,-0.005809257067777635,-0.0055235929237723025,-0.00028566414400533254,0.5261202963656408,5954,-0.01212445116135118,-0.009325113175448993,-0.002799337985902187,0.8804039264215692,5,2014-01-05,2017-01-05,False
ict_nwog_gap_up,25379,0.0061838168634254665,0.005745754921374539,0.0004380619420509277,0.44311775398529596,9232,0.009999303604943758,0.009872962230388057,0.000126341374555701,0.47780999717277284,5,2014-01-05,2017-01-05,False
ict_ob_bearish_formed,4225,-0.01076534790819009,-0.005236784367419829,-0.005528563540770261,0.8570764197574713,1108,-0.013705076715636292,-0.006900573581333612,-0.00680450313430268,0.9954896585511073,5,2014-01-05,2017-01-05,False
ict_ob_bearish_mitigated,3678,0.007009254289816706,0.005587090916407991,0.0014221633734087151,0.2984893438663454,1242,0.008982236350902137,0.0092041041893612,-0.0002218678384590632,0.5298278764881404,5,2014-01-05,2017-01-05,False
ict_ob_bullish_formed,5829,0.003730598509754522,0.005978268160997455,-0.002247669651242933,0.8428627325035513,2307,0.009979943423569155,0.010459699189060158,-0.0004797557654910023,0.5960112168325078,5,2014-01-05,2017-01-05,False
ict_ob_bullish_mitigated,3862,-0.016661391437187038,-0.005006359077818075,-0.011655032359368963,0.9752974616235667,889,-0.010956577089332436,-0.0056153349770499085,-0.005341242112282527,0.9612607609508751,5,2014-01-05,2017-01-05,False
ict_sweep_buyside_bearish,11966,-0.006922631597927111,-0.005800727767386027,-0.0011219038305410834,0.6967757829771012,4310,-0.01052942339960065,-0.009543556611564348,-0.000985866788036303,0.6473766402513896,5,2014-01-05,2017-01-05,False
ict_sweep_sellside_bullish,9437,0.008787562539188401,0.005311576700036124,0.003475985839152277,0.18571246118109924,2573,0.010246634382483535,0.007640018582248267,0.0026066158002352683,0.17831977150628842,5,2014-01-05,2017-01-05,True
ict_volume_imbalance_bearish,15589,-0.00740643911077366,-0.005468604635654775,-0.0019378344751188855,0.6902538248541042,3734,-0.011172230089803219,-0.008438832020481192,-0.002733398069322027,0.8846609545778159,5,2014-01-05,2017-01-05,False
ict_volume_imbalance_bullish,20274,0.0052532775174475395,0.005747042408146652,-0.0004937648906991124,0.5645416060165843,6844,0.007716947802176062,0.010150181586575855,-0.0024332337843997933,0.8922228693754573,5,2014-01-05,2017-01-05,False
smc_equal_highs,1951,-0.0038666433619771695,-0.005663448849690977,0.0017968054877138076,0.26476502779646527,700,-0.011803415370381631,-0.008757528467185144,-0.0030458869031964875,0.9008433859443066,5,2014-01-05,2017-01-05,True
smc_equal_lows,1692,0.0021601592727378887,0.005497654236693156,-0.003337494963955267,0.8866924353650828,693,0.009770592816626966,0.008354845393329754,0.0014157474232972117,0.2648579271985695,5,2014-01-05,2017-01-05,False
smc_fvg_bearish_formed,10028,-0.017105121210007644,-0.0053785889096459516,-0.011726532300361692,0.99782879720442,2491,-0.009551521725104251,-0.007676385211501565,-0.001875136513602686,0.7637338620297407,5,2014-01-05,2017-01-05,False
smc_fvg_bullish_formed,10505,0.008337940009234492,0.005737446541683105,0.002600493467551387,0.22848703375526946,2496,0.009395335114790472,0.009101858083150342,0.0002934770316401301,0.45411790831772997,5,2014-01-05,2017-01-05,True
smc_internal_bos_bearish,3124,-0.009166102864259036,-0.0048977497222358396,-0.004268353142023197,0.7676424325590184,696,-0.013583549152596018,-0.005394817882473281,-0.008188731270122738,0.9989167376141806,5,2014-01-05,2017-01-05,False
smc_internal_bos_bullish,5526,0.0021412326101128308,0.006166705575825057,-0.004025472965712226,0.9742208236883989,2453,0.008727130025061407,0.01137552222803564,-0.0026483922029742323,0.8905846373198933,5,2014-01-05,2017-01-05,False
smc_internal_choch_bearish,4796,-0.009090811510997839,-0.005626986875480737,-0.0034638246355171015,0.8083145254643197,1498,-0.011491653052036857,-0.008644476208538586,-0.002847176843498271,0.8520509553689086,5,2014-01-05,2017-01-05,False
smc_internal_choch_bullish,4809,0.00469527739129901,0.005633014319715609,-0.0009377369284165986,0.6202773782262101,1511,0.009761828712726262,0.00876886414817125,0.000992964564555011,0.3336655908689818,5,2014-01-05,2017-01-05,False
smc_internal_ob_bearish_formed,7920,-0.009120509767006423,-0.0053393433317008064,-0.003781166435305616,0.8012564732307996,2194,-0.012155262753946235,-0.00761359097839207,-0.004541671775554165,0.9718937327001346,5,2014-01-05,2017-01-05,False
smc_internal_ob_bearish_mitigated,6856,0.006048970318987121,0.0056066817476771325,0.0004422885713099888,0.43432368487511175,2270,0.009564942687559948,0.009262942985425677,0.0003019997021342716,0.44856137725812534,5,2014-01-05,2017-01-05,False
smc_internal_ob_bullish_formed,10335,0.0033296604139565005,0.005918372605275433,-0.0025887121913189324,0.8639107488824197,3964,0.009121537118164736,0.010381914670347686,-0.0012603775521829504,0.7282761574922123,5,2014-01-05,2017-01-05,False
smc_internal_ob_bullish_mitigated,7269,-0.015202190390344626,-0.005275907913172024,-0.009926282477172602,0.9833062289643232,1839,-0.01058944995176688,-0.007181932094809302,-0.0034075178569575775,0.8868784345756695,5,2014-01-05,2017-01-05,False
smc_swing_bos_bearish,188,-0.003894948572122917,-0.0024902654182541277,-0.0014046831538687891,0.5554321254951836,30,-0.009644639261217614,-0.002381206662157202,-0.007263432599060411,0.7078633688339941,5,2014-01-05,2017-01-05,False
smc_swing_bos_bullish,887,0.0041455641870600714,0.006456295891318711,-0.002310731704258639,0.8267000128993374,375,0.008959066918533026,0.010143568622007035,-0.0011845017034740092,0.6865469133573706,5,2014-01-05,2017-01-05,False
smc_swing_choch_bearish,483,-0.016391665191451108,-0.004774569166985557,-0.011617096024465551,0.9575433689720073,106,-0.01652129026431761,-0.0027076425107543235,-0.013813647753563287,0.9958354416466567,5,2014-01-05,2017-01-05,False
smc_swing_choch_bullish,454,0.007423840531833235,0.0049263895548395595,0.002497450976993675,0.2149637970086261,103,0.01234572704317259,0.009412421260820494,0.002933305782352095,0.21243645649198822,5,2014-01-05,2017-01-05,True
smc_swing_ob_bearish_formed,671,-0.012890349655782405,-0.004134555598041429,-0.008755794057740976,0.885972902456051,136,-0.015004381954810258,-0.0026356346029755475,-0.01236874735183471,0.9867454169849075,5,2014-01-05,2017-01-05,False
smc_swing_ob_bearish_mitigated,533,0.011007116583605536,0.005312449549461249,0.005694667034144287,0.1301777109163086,175,0.009986762259889082,0.011138001293964918,-0.001151239034075836,0.6550625837581645,5,2014-01-05,2017-01-05,True
smc_swing_ob_bullish_formed,1341,0.0052554355222778305,0.005938341024233294,-0.0006829055019554634,0.6154957673101268,478,0.009688828409825651,0.00998602013204424,-0.0002971917222185892,0.5540669173779533,5,2014-01-05,2017-01-05,False
smc_swing_ob_bullish_mitigated,574,-0.02269098621777067,-0.004112620167987691,-0.01857836604978298,0.9923289242891129,98,-0.011350156291403485,-0.0005469846467589578,-0.010803171644644527,0.9928663715616829,5,2014-01-05,2017-01-05,False
ict_bos_bearish,7346,-0.01201010595316688,-0.005821558722121811,-0.006188547231045069,0.9473626891316028,3143,-0.01267674293371336,0.005133624026137873,-0.017810366959851234,0.9863190262162963,6,2015-01-05,2018-01-05,False
ict_bos_bullish,14572,0.004541020211164023,0.007268362306232739,-0.0027273420950687166,0.9310730771111907,4080,-0.005564009290016324,-0.00011822200800453731,-0.005445787282011787,0.8291074880981232,6,2015-01-05,2018-01-05,False
ict_bpr_bearish,4504,-0.00899270696106354,-0.006478761363342896,-0.0025139455977206447,0.8279201892392755,1818,0.004242327176387447,0.0031369951422903623,0.0011053320340970846,0.44917358445661837,6,2015-01-05,2018-01-05,False
ict_bpr_bullish,4706,0.006122422374569038,0.006544473458276064,-0.00042205108370702623,0.5548983673804693,1583,-0.004600911543332588,-0.0022962800276282594,-0.0023046315157043288,0.6832375646971485,6,2015-01-05,2018-01-05,False
ict_displacement_bearish,32358,-0.009138645266374331,-0.006478807323169117,-0.0026598379432052144,0.8891456373851531,12882,-0.002084607637987651,0.0033623348026452773,-0.005446942440632928,0.798236017264903,6,2015-01-05,2018-01-05,False
ict_displacement_bullish,36781,0.005481359843961174,0.006808427000604635,-0.0013270671566434607,0.7257895699281105,12193,0.00153876559874201,-0.0018277096224316159,0.003366475221173626,0.26396072355703604,6,2015-01-05,2018-01-05,False
ict_fvg_bearish_formed,15384,-0.010693722171304022,-0.006274222840617056,-0.004419499330686966,0.946587967230858,6584,-0.001664720049948342,0.0036852873077062344,-0.0053500073576545765,0.7688057376533988,6,2015-01-05,2018-01-05,False
ict_fvg_bullish_formed,19442,0.0059633144560554555,0.0068914547667480374,-0.000928140310692582,0.6613656746132869,6294,-0.002757234502980053,-0.0013816815622629754,-0.0013755529407170775,0.612089010849162,6,2015-01-05,2018-01-05,False
ict_liquidity_buyside_pool_formed,10827,0.007176150314448164,0.006216012360826595,0.0009601379536215687,0.35172622202080217,3549,-0.0039039379857267104,-0.0030357003084327087,-0.0008682376772940017,0.5655539048293061,6,2015-01-05,2018-01-05,True
ict_liquidity_buyside_swept,8170,0.00529816844736295,0.006351603427740717,-0.0010534349803777666,0.6624269160942278,2461,-0.0044413238022546295,-0.0021792492725463334,-0.002262074529708296,0.6878024610573061,6,2015-01-05,2018-01-05,False
ict_liquidity_sellside_pool_formed,9289,-0.009149309167489197,-0.0059753700796385395,-0.003173939087850658,0.8553404267297955,3850,-0.002277200158555943,0.004158315323989788,-0.006435515482545732,0.849837110577938,6,2015-01-05,2018-01-05,False
ict_liquidity_sellside_swept,5840,-0.010218843473946438,-0.005814476424932802,-0.004404367049013635,0.8819337645687102,2574,-0.0030814444983999507,0.004980683434550899,-0.00806212793295085,0.8648544977464472,6,2015-01-05,2018-01-05,False
ict_mss_bearish,6581,-0.012404361351777088,-0.006536865378322173,-0.005867495973454914,0.9673345304499797,2472,0.0011578449689303725,0.0026636007414957918,-0.0015057557725654193,0.5808660266726942,6,2015-01-05,2018-01-05,False
ict_mss_bullish,6593,0.0037594096497116456,0.006546807859691449,-0.0027873982099798035,0.8288712634124145,2285,-0.0048606851861998845,-0.002644172199489444,-0.0022165129867104407,0.6210573781966254,6,2015-01-05,2018-01-05,False
ict_nwog_gap_down,21240,-0.008838415486073538,-0.006647413278496677,-0.002191002207576861,0.7043857664806167,6642,-0.0032474439020629487,0.0031887856901417354,-0.0064362295922046845,0.7776930624994354,6,2015-01-05,2018-01-05,False
ict_nwog_gap_up,25795,0.0064829723825188985,0.006801574222798053,-0.00031860184027915437,0.5462668478540154,9544,-0.00042915586918013885,-0.0024953368053273165,0.0020661809361471775,0.3812614085397963,6,2015-01-05,2018-01-05,False
ict_ob_bearish_formed,4196,-0.011368762739541622,-0.006092578019913067,-0.005276184719628554,0.8628865584098468,1817,-0.007871847783894449,0.004590631479178553,-0.012462479263073003,0.9275381638638805,6,2015-01-05,2018-01-05,False
ict_ob_bearish_mitigated,3808,0.0073876436055929145,0.006598116351823122,0.0007895272537697924,0.37686911425478703,1037,-0.0072227355777193395,-0.001110269064636315,-0.006112466513083024,0.8740200102276333,6,2015-01-05,2018-01-05,False
ict_ob_bullish_formed,6112,0.005480647921646477,0.0070597556530019685,-0.0015791077313554915,0.7966499155149196,1833,-0.0048365366288028715,-0.00031106568362321524,-0.004525470945179656,0.7716405830405786,6,2015-01-05,2018-01-05,False
ict_ob_bullish_mitigated,3614,-0.013465520633767982,-0.00582813391392604,-0.0076373867198419425,0.933517918546801,1989,-0.014217173268583929,0.005078972539440358,-0.019296145808024287,0.9618472285355572,6,2015-01-05,2018-01-05,False
ict_sweep_buyside_bearish,11912,-0.008025682547577906,-0.006783909125889477,-0.0012417734216884288,0.7394073599826197,4358,0.0026371848226990286,0.001069178956088466,0.0015680058666105625,0.4097487352874016,6,2015-01-05,2018-01-05,False
ict_sweep_sellside_bullish,9287,0.007154472129989451,0.0061718558464422335,0.0009826162835472173,0.3745983109609411,3657,0.005792705863936307,-0.0036992894969935563,0.009491995360929862,0.061918284152083405,6,2015-01-05,2018-01-05,True
ict_volume_imbalance_bearish,14582,-0.007851540234142041,-0.00645091412249616,-0.0014006261116458812,0.6404760309453266,5195,-0.006764124867381504,0.0037336762351559837,-0.010497801102537488,0.9253979061404559,6,2015-01-05,2018-01-05,False
ict_volume_imbalance_bullish,20485,0.006025118329145296,0.006835014855215797,-0.0008098965260705006,0.6176178997279567,6473,-0.005818578889946861,-0.002182603747637174,-0.0036359751423096867,0.7627499263660804,6,2015-01-05,2018-01-05,False
smc_equal_highs,2079,-0.006134844798975406,-0.006496527297321631,0.00036168249834622485,0.44411186005222103,564,0.0018773721658447682,0.0033742148731805517,-0.0014968427073357834,0.6122792736004301,6,2015-01-05,2018-01-05,False
smc_equal_lows,1832,0.004668238038076908,0.0063685595243021705,-0.0017003214862252626,0.7589408213933185,445,-0.004756112695867661,-0.0026068819940197794,-0.0021492307018478817,0.6433506781125625,6,2015-01-05,2018-01-05,False
smc_fvg_bearish_formed,9660,-0.015416106011856744,-0.005961568472866008,-0.009454537538990736,0.9933432753457305,6022,-0.0057815304180719035,0.003480038956138171,-0.009261569374210075,0.8518157390781733,6,2015-01-05,2018-01-05,False
smc_fvg_bullish_formed,10198,0.007296347937844838,0.006422537454682665,0.0008738104831621735,0.3843462464519519,4277,-0.0013154321575533105,-0.0011935915860806347,-0.00012184057147267583,0.5079851273139857,6,2015-01-05,2018-01-05,True
smc_internal_bos_bearish,3010,-0.010315599508465362,-0.005774007088886573,-0.004541592419578789,0.781440479574014,1224,-0.005502744458102346,0.005934066051015519,-0.011436810509117865,0.8769393280171793,6,2015-01-05,2018-01-05,False
smc_internal_bos_bullish,5956,0.0047706676105877055,0.0072805200693027055,-0.002509852458715,0.9204420483945694,1677,-0.004568663246742345,0.00047765831030749134,-0.005046321557049836,0.8324329026524809,6,2015-01-05,2018-01-05,False
smc_internal_choch_bearish,4747,-0.010897465863601864,-0.006526302226651895,-0.004371163636949969,0.8923142110603703,1760,0.0010478341509821186,0.002822273759889387,-0.0017744396089072682,0.5827929825094976,6,2015-01-05,2018-01-05,False
smc_internal_choch_bullish,4748,0.004871668492555908,0.00655489343653979,-0.001683224943983882,0.7266496745734088,1454,-0.009260655373734867,-0.0025104992868289593,-0.006750156086905908,0.8756808970677616,6,2015-01-05,2018-01-05,False
smc_internal_ob_bearish_formed,7757,-0.010671680414464198,-0.006234384170099928,-0.0044372962443642704,0.8535890210341865,2984,-0.0016391324098487747,0.004098692581718603,-0.0057378249915673776,0.7521237981320319,6,2015-01-05,2018-01-05,False
smc_internal_ob_bearish_mitigated,6931,0.006570186945410948,0.006608602572708356,-3.841562729740844e-05,0.5065436674048299,1881,-0.0042886357145596335,-0.0013570135599117134,-0.0029316221546479204,0.7183038629125356,6,2015-01-05,2018-01-05,False
smc_internal_ob_bullish_formed,10704,0.004815468823927115,0.006958652052453086,-0.0021431832285259715,0.8528179795808009,3131,-0.006747569842924755,-0.0009100073384425566,-0.005837562504482198,0.8713628228620014,6,2015-01-05,2018-01-05,False
smc_internal_ob_bullish_mitigated,6793,-0.013833031266161604,-0.006097405634488255,-0.007735625631673349,0.9751042572056816,3408,-0.0083837031047091,0.004402756174752714,-0.012786459279461815,0.9015063836232586,6,2015-01-05,2018-01-05,False
smc_swing_bos_bearish,198,-0.006010314354108923,-0.004053458932354774,-0.0019568554217541485,0.5781208090008816,81,-0.015642095305458056,0.01116064159323911,-0.026802736898697166,0.9617131853246159,6,2015-01-05,2018-01-05,False
smc_swing_bos_bullish,872,0.00541979384773106,0.007478485287918958,-0.002058691440187898,0.8633030178449366,252,-0.001379718276802468,1.5839646762385298e-05,-0.0013955579235648532,0.6088791309247651,6,2015-01-05,2018-01-05,False
smc_swing_choch_bearish,453,-0.013997529450015485,-0.005442653653330258,-0.008554875796685226,0.9210104490553994,271,-0.01668125805441494,0.006976108134448619,-0.023657366188863556,0.964396217905733,6,2015-01-05,2018-01-05,False
smc_swing_choch_bullish,444,0.0090080329122066,0.006094360340975929,0.0029136725712306704,0.17081237935052285,96,0.002981267442666509,0.001488883067898492,0.001492384374768017,0.3973562516079582,6,2015-01-05,2018-01-05,True
smc_swing_ob_bearish_formed,651,-0.011568238222689065,-0.005020133599946012,-0.006548104622743053,0.8288302768727014,352,-0.016442132535478837,0.007939026345136204,-0.02438115888061504,0.9692384372644395,6,2015-01-05,2018-01-05,False
smc_swing_ob_bearish_mitigated,573,0.012058909512493141,0.0063949241606738524,0.005663985351819289,0.10552894697374332,146,-0.0019325968631490153,0.0008265096562159884,-0.0027591065193650036,0.6556869764644491,6,2015-01-05,2018-01-05,True
smc_swing_ob_bullish_formed,1316,0.006630415538177216,0.007011500883327236,-0.0003810853451500203,0.5779510879033548,348,-0.00017668773350068047,0.0004221964525930356,-0.000598884186093716,0.5546885887022933,6,2015-01-05,2018-01-05,False
smc_swing_ob_bullish_mitigated,546,-0.018907615045328837,-0.004793600944157344,-0.014114014101171492,0.9800961697143411,355,-0.017768466355774278,0.008060362603670997,-0.025828828959445275,0.9709099636377974,6,2015-01-05,2018-01-05,False
ict_bos_bearish,7554,-0.011880398696150752,-0.005478730336815242,-0.00640166835933551,0.9381460645213471,1995,-0.017321472254036192,-0.009141860428413185,-0.008179611825623007,0.8473562368381189,7,2016-01-05,2019-01-05,False
ict_bos_bullish,14932,0.004316726574496948,0.006792361018090491,-0.002475634443593543,0.8651257047623717,6024,0.008424485962215117,0.012398293324353112,-0.003973807362137994,0.8697062714898451,7,2016-01-05,2019-01-05,False
ict_bpr_bearish,4688,-0.005788757570952136,-0.006136460593695712,0.00034770302274357654,0.46726373775320895,1585,-0.016101502139486374,-0.010721420310280274,-0.0053800818292061,0.8733672080382638,7,2016-01-05,2019-01-05,False
ict_bpr_bullish,4606,0.005186792342210463,0.006347864038239889,-0.0011610716960294256,0.653345334818493,1752,0.013433833808632343,0.010714074085955731,0.0027197597226766117,0.24389316368752434,7,2016-01-05,2019-01-05,False
ict_displacement_bearish,33479,-0.007300413892405545,-0.006038291901267191,-0.0012621219911383534,0.666141640989325,10691,-0.013207956209862362,-0.010401983487450849,-0.002805972722411513,0.7541387666378219,7,2016-01-05,2019-01-05,False
ict_displacement_bullish,36709,0.005974560486637969,0.0064668892467596075,-0.0004923287601216386,0.5900575547674232,13360,0.010054718784340565,0.011423308132846503,-0.0013685893485059376,0.6366254112585994,7,2016-01-05,2019-01-05,False
ict_fvg_bearish_formed,16189,-0.0076019473698083345,-0.00589576145621103,-0.0017061859135973044,0.6809514738645915,5230,-0.018187006226038263,-0.010050005940083572,-0.00813700028595469,0.9625180144902712,7,2016-01-05,2019-01-05,False
ict_fvg_bullish_formed,19513,0.005563246587498196,0.006562993029393686,-0.00099974644189549,0.6669016340988282,7337,0.01017922505139291,0.01167211850404721,-0.0014928934526542998,0.6605003391337306,7,2016-01-05,2019-01-05,False
ict_liquidity_buyside_pool_formed,10581,0.005883057850574837,0.00548585086169435,0.0003972069888804868,0.44015574215660536,4238,0.014240035185373324,0.010559407592745769,0.0036806275926275552,0.18110267482732717,7,2016-01-05,2019-01-05,False
ict_liquidity_buyside_swept,7921,0.005075015693301027,0.0056302112592079056,-0.0005551955659068783,0.5927717685431952,3359,0.013103048138677869,0.011025651414506036,0.0020773967241718323,0.28157299973343597,7,2016-01-05,2019-01-05,False
ict_liquidity_sellside_pool_formed,9482,-0.0063786549183436295,-0.00525345352200789,-0.0011252013963357396,0.6257874561916758,2932,-0.012836252639350967,-0.009785175170646318,-0.003051077468704649,0.7036175347964682,7,2016-01-05,2019-01-05,False
ict_liquidity_sellside_swept,6098,-0.007165896045339213,-0.005101670052329488,-0.002064225993009725,0.6877385523266176,1765,-0.015096958384507479,-0.009022388281949737,-0.0060745701025577414,0.8046163403575182,7,2016-01-05,2019-01-05,False
ict_mss_bearish,6751,-0.008596235032062857,-0.006165036533533359,-0.002431198498529498,0.7271981607104855,2056,-0.010402790204610022,-0.010479595135467723,7.680493085770145e-05,0.4942170469233199,7,2016-01-05,2019-01-05,False
ict_mss_bullish,6568,0.0032457401012374776,0.006178907077222671,-0.0029331669759851933,0.8171039442683183,2282,0.017699310573460022,0.01064464744454555,0.007054663128914472,0.016066109398897393,7,2016-01-05,2019-01-05,False
ict_nwog_gap_down,19239,-0.008330360068563768,-0.006222457496466388,-0.00210790257209738,0.7118265340553237,8414,-0.011968640796776979,-0.01088456733401935,-0.0010840734627576287,0.5730447791888245,7,2016-01-05,2019-01-05,False
ict_nwog_gap_up,27612,0.006948071227641395,0.0063622262470678604,0.000585844980573535,0.42451830041601823,8860,0.010944739503185683,0.011181836030871087,-0.00023709652768540493,0.527641630319417,7,2016-01-05,2019-01-05,True
ict_ob_bearish_formed,4254,-0.009762004644105208,-0.005616110426036469,-0.004145894218068739,0.7841892651063016,1033,-0.013572647411283867,-0.008736444607377257,-0.004836202803906609,0.76686218897804,7,2016-01-05,2019-01-05,False
ict_ob_bearish_mitigated,3832,0.005701772998978481,0.006163042528761955,-0.0004612695297834743,0.5658370863356459,1417,0.00800458458884629,0.012086957949925821,-0.004082373361079531,0.8461623465684875,7,2016-01-05,2019-01-05,False
ict_ob_bullish_formed,6135,0.004822932113890449,0.006556515084908537,-0.001733582971018088,0.7604189882846312,2119,0.009869633324226232,0.011920961721598048,-0.002051328397371816,0.7190539716262102,7,2016-01-05,2019-01-05,False
ict_ob_bullish_mitigated,4056,-0.011531085919852765,-0.0052893699219233765,-0.0062417159979293885,0.8502493564619765,766,-0.009519676030668769,-0.008256146121717867,-0.0012635299089509017,0.5757363535551362,7,2016-01-05,2019-01-05,False
ict_sweep_buyside_bearish,12207,-0.00570081838302291,-0.006261363225556999,0.000560544842534089,0.42570721658469834,4007,-0.007467175416465183,-0.011334949292660544,0.0038677738761953608,0.18796016275849514,7,2016-01-05,2019-01-05,True
ict_sweep_sellside_bullish,8817,0.007298564992030919,0.00564819390298729,0.0016503710890436287,0.28495523225072217,2380,0.01300648189266026,0.00951097303915805,0.0034955088535022095,0.24968702833777134,7,2016-01-05,2019-01-05,True
ict_volume_imbalance_bearish,13293,-0.007694001006564478,-0.006031167876252556,-0.0016628331303119217,0.6931624300064355,4200,-0.014662941229504031,-0.010595179933959266,-0.004067761295544765,0.793566196797642,7,2016-01-05,2019-01-05,False
ict_volume_imbalance_bullish,20218,0.005062114267837299,0.006417039844320698,-0.001354925576483399,0.6915243877946478,9069,0.011106723320669263,0.011401583345366983,-0.0002948600246977205,0.5424174702654845,7,2016-01-05,2019-01-05,False
smc_equal_highs,1965,-0.006545201635977887,-0.005881583602696552,-0.0006636180332813355,0.6053763873401248,763,-0.012484891298197232,-0.010840021621763044,-0.0016448696764341884,0.6502224359911541,7,2016-01-05,2019-01-05,False
smc_equal_lows,1696,0.0054023063342561305,0.006058242365353214,-0.0006559360310970834,0.6057615289697349,570,0.010049315091962607,0.010737230232552348,-0.0006879151405897403,0.5566064725468034,7,2016-01-05,2019-01-05,False
smc_fvg_bearish_formed,11834,-0.009558648513315535,-0.005810899925009432,-0.003747748588306103,0.7675424195506699,3861,-0.018634178323111254,-0.009707106992046114,-0.00892707133106514,0.9411420359676942,7,2016-01-05,2019-01-05,False
smc_fvg_bullish_formed,10558,0.005625635137934541,0.006298379081143655,-0.0006727439432091141,0.5814774369268769,3896,0.011006200153585393,0.01136354847325944,-0.0003573483196740463,0.5313616700643735,7,2016-01-05,2019-01-05,False
smc_internal_bos_bearish,2963,-0.010691876157715345,-0.005288658155167281,-0.005403218002548065,0.8220560936966437,724,-0.02141916186492991,-0.00813021074444014,-0.013288951120489771,0.9277887580659991,7,2016-01-05,2019-01-05,False
smc_internal_bos_bullish,6096,0.004829076841924666,0.0068063274066255475,-0.0019772505647008814,0.8252140279780125,2191,0.008625312658597452,0.012693610722509659,-0.004068298063912207,0.9099670663277273,7,2016-01-05,2019-01-05,False
smc_internal_choch_bearish,4785,-0.007644508961247779,-0.00605121035540813,-0.0015932986058396492,0.6399621338767941,1442,-0.010910392289644211,-0.010204402048571181,-0.0007059902410730297,0.5411385000874507,7,2016-01-05,2019-01-05,False
smc_internal_choch_bullish,4640,0.003570565974876061,0.006048734603541249,-0.0024781686286651883,0.78553221240486,1771,0.015833432507763125,0.010554694427623674,0.0052787380801394505,0.065549780817254,7,2016-01-05,2019-01-05,False
smc_internal_ob_bearish_formed,7748,-0.008809886994692978,-0.00575959417454679,-0.0030502928201461884,0.7438155967696145,2166,-0.014423018869748942,-0.009511089719766533,-0.004911929149982409,0.7591501442082454,7,2016-01-05,2019-01-05,False
smc_internal_ob_bearish_mitigated,6859,0.005926279283444508,0.0061918900135551555,-0.0002656107301106476,0.5415625761305004,2610,0.008785256317114314,0.01172791194586308,-0.0029426556287487655,0.7825160512139161,7,2016-01-05,2019-01-05,False
smc_internal_ob_bullish_formed,10736,0.004285160073751648,0.006478902797244849,-0.0021937427234932014,0.8239277617331444,3962,0.011847316760786349,0.011737522696703735,0.00010979406408261408,0.48557056501400286,7,2016-01-05,2019-01-05,False
smc_internal_ob_bullish_mitigated,7446,-0.00987869619668183,-0.005625253090448833,-0.004253443106232997,0.7989857505613445,1811,-0.007148828106474542,-0.009310838957822103,0.002162010851347561,0.368487969162956,7,2016-01-05,2019-01-05,False
smc_swing_bos_bearish,208,-0.008938603290880734,-0.0027493170688425886,-0.006189286222038145,0.707874340048426,59,-0.024412284806813515,-0.003637696501067972,-0.020774588305745544,0.9377126419857893,7,2016-01-05,2019-01-05,False
smc_swing_bos_bullish,895,0.0055390840671809835,0.007024467979709461,-0.001485383912528477,0.7552841498092678,268,0.00851560506014114,0.013425594692944505,-0.004909989632803365,0.8702969722743014,7,2016-01-05,2019-01-05,False
smc_swing_choch_bearish,530,-0.012869974850242305,-0.004978304752323877,-0.007891670097918427,0.8391343281835103,56,-0.011661068932165513,-0.003347371579694066,-0.008313697352471446,0.8073373225697111,7,2016-01-05,2019-01-05,False
smc_swing_choch_bullish,463,0.008686042213170278,0.005768469692479106,0.002917572520691172,0.15743028931338326,242,0.004464165105897999,0.011934714827943406,-0.007470549722045407,0.8753355592158615,7,2016-01-05,2019-01-05,True
smc_swing_ob_bearish_formed,738,-0.011761946009663434,-0.004350080581369801,-0.0074118654282936325,0.8124297390531436,115,-0.01820299707655014,-0.003496320887181549,-0.01470667618936859,0.921574110937541,7,2016-01-05,2019-01-05,False
smc_swing_ob_bearish_mitigated,631,0.010492884526932344,0.0061917757823601195,0.004301108744572225,0.16746359433652552,235,0.007961441756115928,0.012598479604180283,-0.004637037848064355,0.8627675925148115,7,2016-01-05,2019-01-05,True
smc_swing_ob_bullish_formed,1358,0.0066120160418444915,0.006596244705049928,1.5771336794563086e-05,0.49681135169997287,510,0.0065931570818532174,0.01271815758053222,-0.006125000498679003,0.8929700026886604,7,2016-01-05,2019-01-05,False
smc_swing_ob_bullish_mitigated,605,-0.0140228913822678,-0.004143775124637377,-0.009879116257630422,0.8858602967418132,68,-0.015130550133719441,-0.0021895934267586134,-0.012940956706960828,0.8920576671234308,7,2016-01-05,2019-01-05,False
ict_bos_bearish,7031,-0.014307147846980145,-0.0060366806617983765,-0.00827046718518177,0.9713096147042289,2824,-0.0026735227421084964,-0.0073548942448533544,0.004681371502744858,0.4473896069328427,8,2017-01-05,2020-01-05,False
ict_bos_bullish,15695,0.004542159966586756,0.007763551478195889,-0.0032213915116091323,0.9166342990839154,5090,0.0049403306157501615,0.012380186882484231,-0.00743985626673407,0.877201871693994,8,2017-01-05,2020-01-05,False
ict_bpr_bearish,4763,-0.0073385831126772175,-0.006823521607293703,-0.0005150615053835144,0.5486127888368713,1677,-0.01852425162855434,-0.008994208047622432,-0.009530043580931907,0.7049287851124121,8,2017-01-05,2020-01-05,False
ict_bpr_bullish,4767,0.006264191714609375,0.00696243838723722,-0.0006982466726278454,0.6050823608065888,1710,0.021108684238049284,0.009457153929132512,0.011651530308916773,0.17580216224588818,8,2017-01-05,2020-01-05,False
ict_displacement_bearish,33916,-0.008680634534727377,-0.0067617015832592605,-0.001918932951468116,0.738638904947928,13201,-0.012116170779368347,-0.009072499519887653,-0.0030436712594806934,0.581793139049389,8,2017-01-05,2020-01-05,False
ict_displacement_bullish,37239,0.006946005649069998,0.00736411156084632,-0.0004181059117763222,0.5687017397977595,13408,0.006516143518834029,0.010482918362991731,-0.003966774844157702,0.6394376557279453,8,2017-01-05,2020-01-05,False
ict_fvg_bearish_formed,16478,-0.009669517958402526,-0.006555612955687044,-0.0031139050027154825,0.8077705951485936,5882,-0.006914424371959372,-0.008389744357740814,0.0014753199857814418,0.4767734154503203,8,2017-01-05,2020-01-05,False
ict_fvg_bullish_formed,20158,0.005817587114579002,0.007450024460667339,-0.0016324373460883373,0.7626490890507716,6904,0.011634497320791932,0.01092270747734271,0.0007117898434492211,0.4661078765090032,8,2017-01-05,2020-01-05,False
ict_liquidity_buyside_pool_formed,10584,0.00734380871550688,0.006304410570047008,0.001039398145459872,0.35456395899327087,4419,0.01560353558631927,0.008698097523009702,0.0069054380633095675,0.2159221171328214,8,2017-01-05,2020-01-05,True
ict_liquidity_buyside_swept,7976,0.007350579651907643,0.0065357028842942914,0.0008148767676133513,0.37141663921747975,3371,0.014943127666067504,0.009251512164675013,0.005691615501392491,0.19502982131293245,8,2017-01-05,2020-01-05,True
ict_liquidity_sellside_pool_formed,9083,-0.007594438911991197,-0.005998630702032991,-0.001595808209958206,0.6822051862060191,3653,0.0038662101768278086,-0.008102386633193457,0.011968596810021267,0.29955720595904045,8,2017-01-05,2020-01-05,False
ict_liquidity_sellside_swept,5742,-0.00847153036266633,-0.005737810129309683,-0.0027337202333566476,0.743440360586039,2406,0.0037382584831091325,-0.007334064733003988,0.01107232321611312,0.34165286346369594,8,2017-01-05,2020-01-05,False
ict_mss_bearish,6569,-0.006992734225131508,-0.006989901644747482,-2.8325803840259164e-06,0.5003143498647988,2276,-0.006756593993975219,-0.009162473253201495,0.0024058792592262764,0.45866064180901944,8,2017-01-05,2020-01-05,False
ict_mss_bullish,6628,0.007835697840157132,0.007006755859986732,0.0008289419801704003,0.4050892976171929,2220,0.014022046731611889,0.00930490929459453,0.0047171374370173595,0.33344018293100064,8,2017-01-05,2020-01-05,True
ict_nwog_gap_down,20856,-0.009183306741497099,-0.006979407980844599,-0.0022038987606524995,0.725217914342103,9012,-0.0005640415164866316,-0.009356966402403298,0.008792924885916667,0.3259478773894921,8,2017-01-05,2020-01-05,False
ict_nwog_gap_up,27268,0.006683480679330694,0.007163611672133946,-0.0004801309928032524,0.566391097876612,11091,0.020069619313030595,0.010697054941441143,0.009372564371589452,0.21387669496808898,8,2017-01-05,2020-01-05,False
ict_ob_bearish_formed,3940,-0.010980186690719252,-0.006245682331478661,-0.004734504359240591,0.8539958465115738,1271,0.01119065576446951,-0.007744440347039772,0.01893509611150928,0.32215585001584335,8,2017-01-05,2020-01-05,False
ict_ob_bearish_mitigated,3668,0.0038494640345070647,0.0070416764027433805,-0.003192212368236316,0.894344727071527,1197,0.010907366020354836,0.010613606345619479,0.0002937596747353572,0.4872119291738161,8,2017-01-05,2020-01-05,False
ict_ob_bullish_formed,6200,0.005393967416993237,0.007558669399982857,-0.00216470198298962,0.8122345920046032,2156,0.006694961880984584,0.011229315671357851,-0.004534353790373267,0.7051924400307694,8,2017-01-05,2020-01-05,False
ict_ob_bullish_mitigated,3637,-0.012434202343643664,-0.006003070705387543,-0.006431131638256121,0.8457653475409401,2247,0.012206775836633476,-0.007650352929565488,0.019857128766198964,0.36161390397100024,8,2017-01-05,2020-01-05,False
ict_sweep_buyside_bearish,12552,-0.004933654822163953,-0.007244544361554457,0.0023108895393905036,0.21981315640360938,4553,-0.001807456719990476,-0.010278065017326544,0.008470608297336068,0.258258558328622,8,2017-01-05,2020-01-05,True
ict_sweep_sellside_bullish,8575,0.009123264101209169,0.006526219959671127,0.0025970441415380414,0.21465226418832095,2557,0.005667798626356219,0.008135152363612213,-0.0024673537372559935,0.5366883288212237,8,2017-01-05,2020-01-05,True
ict_volume_imbalance_bearish,13027,-0.010374426779196018,-0.00669311749681409,-0.0036813092823819275,0.8605316822070557,5822,-0.006984578403998704,-0.008943706038041968,0.001959127634043264,0.4678912912737475,8,2017-01-05,2020-01-05,False
ict_volume_imbalance_bullish,22100,0.005105677239040568,0.0073546391509274256,-0.0022489619118868575,0.8400503404607953,7809,0.0013744360003236469,0.010982059006328695,-0.009607623006005048,0.8406357500891266,8,2017-01-05,2020-01-05,False
smc_equal_highs,1985,-0.008093411831930089,-0.006565461631154092,-0.0015279502007759967,0.7316870777165759,613,-0.013052617285746375,-0.008397240614789832,-0.004655376670956543,0.6845770815494263,8,2017-01-05,2020-01-05,False
smc_equal_lows,1694,0.005991953632511428,0.006835705335347081,-0.0008437517028356527,0.630207978090395,578,0.017580248013364868,0.008408722026514891,0.009171525986849977,0.050920708114835414,8,2017-01-05,2020-01-05,False
smc_fvg_bearish_formed,12324,-0.01048106225240744,-0.006438420288591201,-0.004042641963816239,0.7961861687051441,7188,-0.011572928920654158,-0.007772274410973418,-0.003800654509680741,0.5545744552185438,8,2017-01-05,2020-01-05,False
smc_fvg_bullish_formed,10626,0.005628005214549946,0.007097497534426379,-0.0014694923198764337,0.6718616492808394,7006,0.01672551101548079,0.009687743706980702,0.007037767308500087,0.2719258020115475,8,2017-01-05,2020-01-05,False
smc_internal_bos_bearish,2628,-0.011874288651264966,-0.0058211289195228885,-0.006053159731742077,0.8644182118925392,917,0.023473869787149694,-0.006312259593871675,0.02978612938102137,0.22727324663848303,8,2017-01-05,2020-01-05,False
smc_internal_bos_bullish,6254,0.004987284391731895,0.007910266102303908,-0.0029229817105720125,0.9204063725922746,2135,0.008108859304379917,0.013108929059668826,-0.005000069755288909,0.7893824648809866,8,2017-01-05,2020-01-05,False
smc_internal_choch_bearish,4673,-0.006611973175199246,-0.006797111743777015,0.0001851385685777687,0.48199988293577756,1767,-0.006577891222508669,-0.00902196909853822,0.002444077876029551,0.46167820480576055,8,2017-01-05,2020-01-05,False
smc_internal_choch_bullish,4696,0.00592241075750035,0.0068476360845707235,-0.0009252253270703734,0.6187725913892779,1714,0.0074846571059650835,0.009095891527576307,-0.0016112344216112238,0.5748450880839804,8,2017-01-05,2020-01-05,False
smc_internal_ob_bearish_formed,7301,-0.008506147270679415,-0.0064458060511130115,-0.0020603412195664035,0.6856176176059843,2684,0.003689420568048976,-0.00809618533707054,0.011785605905119517,0.34521476266487144,8,2017-01-05,2020-01-05,False
smc_internal_ob_bearish_mitigated,6703,0.005291718444325899,0.006972781296335653,-0.001681062852009754,0.7621794698122466,2425,0.013555263794204613,0.010137162947519929,0.0034181008466846845,0.33285411812889953,8,2017-01-05,2020-01-05,False
smc_internal_ob_bullish_formed,10950,0.005388321233160996,0.007454548242644087,-0.002066227009483091,0.8187985367707382,3849,0.007830895529871467,0.011321881429113714,-0.003490985899242247,0.6963928307997428,8,2017-01-05,2020-01-05,False
smc_internal_ob_bullish_mitigated,7039,-0.008629246261396275,-0.006410880543819132,-0.0022183657175771426,0.6653023659750303,3653,0.012903235376895954,-0.008448681997415457,0.021351917374311413,0.3204934124798984,8,2017-01-05,2020-01-05,False
smc_swing_bos_bearish,170,-0.01762749235988605,-0.0019950079685228496,-0.0156324843913632,0.9643478430565935,72,0.03372620563042126,-0.004723626637102688,0.03844983226752395,0.28540234557816524,8,2017-01-05,2020-01-05,False
smc_swing_bos_bullish,883,0.005709290136886198,0.008345715241251007,-0.002636425104364809,0.8692145052104867,202,0.0049907655294727975,0.013320179357569448,-0.008329413828096651,0.8098749881014919,8,2017-01-05,2020-01-05,False
smc_swing_choch_bearish,433,-0.01599283501377687,-0.005421047417977043,-0.010571787595799825,0.8894437666057018,347,0.07620424012949335,-0.008217098158053803,0.08442133828754715,0.0831575914886113,8,2017-01-05,2020-01-05,False
smc_swing_choch_bullish,437,0.005985221645879981,0.0060473717446563385,-6.215009877635728e-05,0.5063211237798609,353,0.01015201828930051,0.010456035614064151,-0.0003040173247636415,0.5175010756079814,8,2017-01-05,2020-01-05,False
smc_swing_ob_bearish_formed,603,-0.016453683685150933,-0.004455165649474201,-0.011998518035676732,0.9310805422347788,419,0.06890491200554778,-0.0076167880160287905,0.07652170002157657,0.09458438937619507,8,2017-01-05,2020-01-05,False
smc_swing_ob_bearish_mitigated,553,0.005532884453153309,0.006621952476053615,-0.0010890680229003061,0.6579480714078948,351,0.010168529008365065,0.013161072845955118,-0.002992543837590053,0.6657247910463142,8,2017-01-05,2020-01-05,False
smc_swing_ob_bullish_formed,1320,0.0058006401894848975,0.0075848242503329215,-0.001784184060848024,0.7685780261926017,555,0.00827350827581367,0.011498480724312924,-0.0032249724484992547,0.6778346914786113,8,2017-01-05,2020-01-05,False
smc_swing_ob_bullish_mitigated,521,-0.016216887297409464,-0.004289086494611552,-0.011927800802797912,0.8912527823879115,739,0.01768458449907208,-0.006886355252888156,0.024570939751960234,0.36145358885777246,8,2017-01-05,2020-01-05,False
ict_bos_bearish,7924,-0.010095728761667333,-0.005969733575099065,-0.004125995186568268,0.621122883933327,2655,-0.021084362682450355,-0.007838464540024197,-0.013245898142426158,0.9954499058230334,9,2018-01-05,2021-01-05,False
ict_bos_bullish,15059,0.003237879289370928,0.007828715839531283,-0.004590836550160355,0.9276191268580467,5499,0.006565463761532956,0.012360638636541799,-0.0057951748750088425,0.9603492814665533,9,2018-01-05,2021-01-05,False
ict_bpr_bearish,5060,-0.009444976582906288,-0.006567767245104672,-0.002877209337801616,0.6584642434221311,1539,-0.012807973547066732,-0.010518166588368917,-0.0022898069586978157,0.6529469880284144,9,2018-01-05,2021-01-05,False
ict_bpr_bullish,5024,0.010305302867145242,0.006875921102727771,0.0034293817644174707,0.2514998339083341,1629,0.010454916933161263,0.010457263006825077,-2.346073663813189e-06,0.500266490824978,9,2018-01-05,2021-01-05,False
ict_displacement_bearish,36235,-0.008382487058322726,-0.006695643051777078,-0.0016868440065456484,0.6107944339776388,12438,-0.012131744927606975,-0.010168076165917169,-0.0019636687616898067,0.6830404709357305,9,2018-01-05,2021-01-05,False
ict_displacement_bullish,38642,0.005982594578589288,0.007375212271506052,-0.0013926176929167635,0.6226077678088757,13218,0.01080596681041297,0.011243388656580018,-0.0004374218461670482,0.5682892847695395,9,2018-01-05,2021-01-05,False
ict_fvg_bearish_formed,17620,-0.00813288590825106,-0.00641415799186067,-0.0017187279163903904,0.5750951823202607,5474,-0.014019090422122881,-0.00983019657290195,-0.004188893849220932,0.7892221431113509,9,2018-01-05,2021-01-05,False
ict_fvg_bullish_formed,20418,0.006532649561936369,0.007469875330133908,-0.0009372257681975393,0.6030642429342827,7227,0.010168911190891163,0.011488632340587857,-0.0013197211496966937,0.6788804094889108,9,2018-01-05,2021-01-05,False
ict_liquidity_buyside_pool_formed,12114,0.009311433650091416,0.00630987787972167,0.003001555770369746,0.23045334000629136,3384,0.012316177183302605,0.008744207348406152,0.0035719698348964535,0.10763125058894996,9,2018-01-05,2021-01-05,False
ict_liquidity_buyside_swept,9111,0.008993318207734989,0.006580995346091956,0.0024123228616430327,0.23267729307882035,2616,0.011269336767468649,0.009224235521154098,0.002045101246314551,0.1903355474232964,9,2018-01-05,2021-01-05,False
ict_liquidity_sellside_pool_formed,10347,-0.002725932990027469,-0.0060750844802879185,0.0033491514902604493,0.34921167436999756,2767,-0.016512871091748777,-0.007572309242199019,-0.008940561849549758,0.9935124618442535,9,2018-01-05,2021-01-05,False
ict_liquidity_sellside_swept,6694,-0.0034330213035308936,-0.005800121323367366,0.0023671000198364723,0.4108987141612792,1720,-0.020593539634469565,-0.006732106356296402,-0.013861433278173163,0.9980780882351731,9,2018-01-05,2021-01-05,False
ict_mss_bearish,6743,-0.004513047572917529,-0.00682365544777003,0.0023106078748525013,0.39181094027864133,2285,-0.014889038618225095,-0.010215888407053541,-0.004673150211171553,0.7679798600705464,9,2018-01-05,2021-01-05,False
ict_mss_bullish,6727,0.008840852970156668,0.006916423676787896,0.001924429293368772,0.3484948702575104,2375,0.012273163984386664,0.01022663316888613,0.0020465308155005347,0.2197917918831559,9,2018-01-05,2021-01-05,False
ict_nwog_gap_down,24007,-0.005232718034928411,-0.00679913952577484,0.0015664214908464296,0.4224677945101965,7131,-0.013512646461885623,-0.01040932220068771,-0.0031033242611979133,0.7160117730546689,9,2018-01-05,2021-01-05,False
ict_nwog_gap_up,28818,0.009724019883875732,0.007200685082661963,0.0025233348012137684,0.31908750436735356,11055,0.007421162802150505,0.010829805747710777,-0.0034086429455602715,0.8081904834770872,9,2018-01-05,2021-01-05,False
ict_ob_bearish_formed,4096,-0.0031257080393822714,-0.0062293829301725044,0.003103674890790233,0.4123550191623653,1371,-0.02126215729843502,-0.00829017281709747,-0.01297198448133755,0.9904651334757415,9,2018-01-05,2021-01-05,False
ict_ob_bearish_mitigated,3633,0.004444428142446676,0.006950287581531076,-0.0025058594390844,0.7395436930721919,1439,0.008707426060056863,0.010973280570471313,-0.0022658545104144497,0.7870671985372373,9,2018-01-05,2021-01-05,False
ict_ob_bullish_formed,6068,0.004232094095139742,0.007626914357148165,-0.0033948202620084226,0.8141456987597064,2272,0.009587577603461293,0.01164288793743418,-0.002055310333972887,0.7730734689631283,9,2018-01-05,2021-01-05,False
ict_ob_bullish_mitigated,4991,-0.0015456513543765868,-0.006005974694585748,0.004460323340209162,0.43218674047007055,938,-0.021438983798693013,-0.00762442404343315,-0.013814559755259862,0.9964591982622891,9,2018-01-05,2021-01-05,False
ict_sweep_buyside_bearish,12774,-0.0016525328574280693,-0.007207277457837131,0.005554744600409061,0.15225623369245023,4511,-0.010579921054722405,-0.010698994286216835,0.00011907323149443032,0.4887898531643769,9,2018-01-05,2021-01-05,False
ict_sweep_sellside_bullish,8510,0.007592832178140531,0.006619715997022536,0.0009731161811179952,0.4552530746879955,3183,0.014147239663527149,0.008731943353599912,0.005415296309927237,0.0733100374581603,9,2018-01-05,2021-01-05,False
ict_volume_imbalance_bearish,15191,-0.008959524003613642,-0.006588541485570064,-0.0023709825180435783,0.5958254985117453,4884,-0.015287193029778233,-0.009995674979249842,-0.005291518050528391,0.8848780369782308,9,2018-01-05,2021-01-05,False
ict_volume_imbalance_bullish,23147,0.0028731227071428223,0.0073079951291441375,-0.004434872422001315,0.875482698728909,7547,0.00492342884080349,0.011276251738386062,-0.006352822897582572,0.9868950448503196,9,2018-01-05,2021-01-05,False
smc_equal_highs,1902,-0.00830216973047096,-0.006419434027714057,-0.001882735702756903,0.6821791193072558,787,-0.0058531127268100155,-0.00933082799297382,0.003477715266163804,0.15698676816983698,9,2018-01-05,2021-01-05,False
smc_equal_lows,1572,0.008197727837633935,0.006676180649620397,0.0015215471880135377,0.3244318645465937,674,0.006210154661127681,0.009122127069367556,-0.0029119724082398747,0.7883486083172044,9,2018-01-05,2021-01-05,False
smc_fvg_bearish_formed,17021,-0.011008872121888244,-0.006127760230549761,-0.004881111891338483,0.6556919899850554,3902,-0.017436747068984484,-0.009955732620853414,-0.00748101444813107,0.9315807613854877,9,2018-01-05,2021-01-05,False
smc_fvg_bullish_formed,15115,0.010009218143795769,0.006988152197009889,0.0030210659467858796,0.30753466801109197,4650,0.01038575232510421,0.011375190716076206,-0.0009894383909719948,0.6200759773653791,9,2018-01-05,2021-01-05,False
smc_internal_bos_bearish,2849,8.952982362488667e-05,-0.005799067182245213,0.005888597005870099,0.3477192089660479,936,-0.017891930190894127,-0.0073114707329057305,-0.010580459457988398,0.9784872581916088,9,2018-01-05,2021-01-05,True
smc_internal_bos_bullish,5951,0.004459097374222864,0.008070197742795516,-0.0036111003685726515,0.888160246535439,2139,0.004932511445751123,0.012476833744850268,-0.007544322299099145,0.9891547667405773,9,2018-01-05,2021-01-05,False
smc_internal_choch_bearish,4915,-0.004734482808287791,-0.00667381634230751,0.0019393335340197196,0.421642001028503,1655,-0.014449230667195377,-0.010125172451312352,-0.004324058215883025,0.7853616477023349,9,2018-01-05,2021-01-05,False
smc_internal_choch_bullish,4908,0.005507079107493117,0.006723524616623013,-0.0012164455091298963,0.616583433122314,1705,0.01354256658028247,0.010174319528678786,0.0033682470516036844,0.10175602803187728,9,2018-01-05,2021-01-05,False
smc_internal_ob_bearish_formed,7764,-0.0029643112487412666,-0.006352827115489185,0.0033885158667479186,0.3797458095844606,2591,-0.0156929075310248,-0.009108721348097912,-0.006584186182926888,0.9052581100448829,9,2018-01-05,2021-01-05,False
smc_internal_ob_bearish_mitigated,6869,0.006718437308364366,0.006848213447955225,-0.0001297761395908587,0.5142786414395112,2605,0.009387406577829202,0.010921074263280291,-0.001533667685451089,0.7165522372607986,9,2018-01-05,2021-01-05,False
smc_internal_ob_bullish_formed,10859,0.004932759253483422,0.007461534725643403,-0.002528775472159981,0.7841794611344995,3844,0.0087514875134868,0.011455557278000005,-0.0027040697645132044,0.841509170941265,9,2018-01-05,2021-01-05,False
smc_internal_ob_bullish_mitigated,8847,0.0007414797553621919,-0.006289038782591698,0.00703051853795389,0.36209465257751433,2019,-0.01843016735861872,-0.008870040006370815,-0.009560127352247904,0.9567401090145535,9,2018-01-05,2021-01-05,True
smc_swing_bos_bearish,212,-0.001316262820536649,-0.00275090697855759,0.001434644158020941,0.4778069451677032,16,-0.005157002328611396,0.00493780258521128,-0.010094804913822676,0.7466197579019744,9,2018-01-05,2021-01-05,False
smc_swing_bos_bullish,717,0.004320368867162311,0.009073862555067112,-0.004753493687904801,0.8994990943914415,391,0.0063488081755208444,0.012045165021457162,-0.005696356845936318,0.9316901484102474,9,2018-01-05,2021-01-05,False
smc_swing_choch_bearish,674,0.0315567218575467,-0.005750378141209464,0.037307099998756164,0.15921292716619934,145,-0.02960853045969655,-0.0047130122624671564,-0.02489551819722939,0.9996715359391191,9,2018-01-05,2021-01-05,True
smc_swing_choch_bullish,689,0.007004847351582097,0.0061928175799162615,0.0008120297716658351,0.42170954312819026,124,0.002969383526458163,0.009929662172093217,-0.006960278645635054,0.8437240232919437,9,2018-01-05,2021-01-05,False
smc_swing_ob_bearish_formed,886,0.023690951257373263,-0.005032671723058004,0.028723622980431268,0.1987822922291576,161,-0.0271785649311415,-0.0037539250726357607,-0.02342463985850574,0.9993753904225364,9,2018-01-05,2021-01-05,True
smc_swing_ob_bearish_mitigated,728,0.0067153888671703955,0.006826599307077963,-0.00011121043990756745,0.5117280714989493,259,0.002754574033605776,0.011660067332253127,-0.008905493298647352,0.9764436622061891,9,2018-01-05,2021-01-05,False
smc_swing_ob_bullish_formed,1406,0.005635877882642561,0.007662027570800439,-0.0020261496881578784,0.7216305371563427,515,0.005535121463901869,0.011535801228600597,-0.006000679764698728,0.9422420162045851,9,2018-01-05,2021-01-05,False
smc_swing_ob_bullish_mitigated,1162,0.004933067968521065,-0.004986714210827884,0.00991978217934895,0.41076839258380904,95,-0.03521641257704275,-0.0038766606533205375,-0.03133975192372221,0.9999447625196137,9,2018-01-05,2021-01-05,True
ict_bos_bearish,7468,-0.01322072621420574,-0.010014284231000347,-0.003206441983205393,0.5903052752959601,3837,-0.00739041530830287,0.006407624066535575,-0.013798039374838445,0.941173281762764,10,2019-01-05,2022-01-05,False
ict_bos_bullish,16371,0.0070307700853550845,0.011555116843260833,-0.004524346757905749,0.9551652525606416,3772,-0.007946041174859407,0.0005791378386808444,-0.008525179013540251,0.8297242621016804,10,2019-01-05,2022-01-05,False
ict_bpr_bearish,4758,-0.016592134685420746,-0.010859749911106843,-0.005732384774313903,0.8058853565068951,2205,0.008954900422167872,0.004311496012557742,0.00464340440961013,0.3142456564113033,10,2019-01-05,2022-01-05,False
ict_bpr_bullish,4952,0.01549671936586151,0.010850501790884521,0.004646217574976989,0.16481199291956072,2121,-0.016381422997599454,-0.004507913451204488,-0.011873509546394965,0.8479878451455598,10,2019-01-05,2022-01-05,False
ict_displacement_bearish,36116,-0.012823314755191356,-0.010724629139289893,-0.002098685615901463,0.6435611843096215,13308,-0.0033744508219131168,0.003997775215606599,-0.007372226037519716,0.8079016089299231,10,2019-01-05,2022-01-05,False
ict_displacement_bullish,39406,0.009346702555141492,0.011187145689660727,-0.001840443134519235,0.6729430449471058,14724,-0.008503213414364419,-0.002756857285386631,-0.005746356128977788,0.7481440153291663,10,2019-01-05,2022-01-05,False
ict_fvg_bearish_formed,16509,-0.013164868570294691,-0.010595180670970835,-0.002569687899323856,0.607199253991648,7255,0.0029867255336610667,0.004833558960489523,-0.0018468334268284562,0.5830023083205979,10,2019-01-05,2022-01-05,False
ict_fvg_bullish_formed,20948,0.0109886554443136,0.011381934292047393,-0.00039327884773379326,0.549221724567565,7476,-0.011453181193410347,-0.002484004377846102,-0.008969176815564245,0.8276871690180181,10,2019-01-05,2022-01-05,False
ict_liquidity_buyside_pool_formed,11875,0.01430713827911409,0.010022769580029194,0.004284368699084896,0.12276734445363119,4218,-0.00424654245767059,-0.0012348400293482847,-0.003011702428322305,0.6346473253023468,10,2019-01-05,2022-01-05,False
ict_liquidity_buyside_swept,9155,0.013432177931844314,0.010276199033516467,0.0031559788983278464,0.13408178996826497,2928,-0.003327322138459593,-0.0003478189258219989,-0.002979503212637594,0.6314457190133915,10,2019-01-05,2022-01-05,False
ict_liquidity_sellside_pool_formed,9324,-0.007506323409692891,-0.009743395746671676,0.002237072336978785,0.40650812865842145,4690,-0.002720819105795627,0.0029732015028217087,-0.0056940206086173355,0.7707958154938845,10,2019-01-05,2022-01-05,False
ict_liquidity_sellside_swept,5877,-0.009226541778454679,-0.009441068768746844,0.00021452699029216558,0.49281428537447686,3252,-0.003104982117663318,0.004049546663321022,-0.00715452878098434,0.8503517961975215,10,2019-01-05,2022-01-05,False
ict_mss_bearish,6610,-0.01082748167497519,-0.010825053184042964,-2.428490932225927e-06,0.5001140979063197,2444,0.0027074053372748257,0.0025932089492333443,0.00011419638804148133,0.4928864598548645,10,2019-01-05,2022-01-05,False
ict_mss_bullish,6687,0.015021031039778908,0.010799791666395235,0.004221239373383673,0.13829099584201282,2260,-0.0024286059238378933,-0.0027271590691971357,0.00029855314535924245,0.4895734958493347,10,2019-01-05,2022-01-05,False
ict_nwog_gap_down,24392,-0.00850422216155898,-0.010816715872022235,0.0023124937104632547,0.3828435105696902,11037,0.009168021668083767,0.0031956032882350096,0.005972418379848758,0.2185625963305582,10,2019-01-05,2022-01-05,False
ict_nwog_gap_up,30558,0.013490598192759362,0.011079604229479637,0.0024109939632797252,0.30506884373363136,7844,0.008500778250819949,-0.0018309798391422008,0.010331758089962149,0.1963935739840893,10,2019-01-05,2022-01-05,False
ict_ob_bearish_formed,3669,-0.008021298275982502,-0.009982442277302802,0.0019611440013202995,0.44981993951842814,1932,-0.005706135469787522,0.005171215055515906,-0.010877350525303427,0.9333496579368343,10,2019-01-05,2022-01-05,False
ict_ob_bearish_mitigated,3965,0.009465648257726922,0.010634942720459048,-0.0011692944627321265,0.642237028059711,1184,-0.0010850226953042976,0.0015933947532855894,-0.0026784174485898872,0.6329608334639631,10,2019-01-05,2022-01-05,False
ict_ob_bullish_formed,6402,0.009025350022155218,0.011294889933844747,-0.0022695399116895287,0.7624966802073987,1519,-0.0034304660191347477,0.00033207308658258957,-0.0037625391057173373,0.6533150221132042,10,2019-01-05,2022-01-05,False
ict_ob_bullish_mitigated,3948,-9.815126133651968e-06,-0.010077797791673643,0.01006798266553999,0.37821910883110255,1954,-0.00953142905093272,0.005839917037675114,-0.015371346088607834,0.9805297544066195,10,2019-01-05,2022-01-05,True
ict_sweep_buyside_bearish,12966,-0.006808283940000131,-0.0109898551282393,0.004181571188239168,0.20509403170385693,3500,0.00911719544442738,0.0004733006976674339,0.008643894746759946,0.11567607089611143,10,2019-01-05,2022-01-05,False
ict_sweep_sellside_bullish,8056,0.011339677054239529,0.010164400127306274,0.0011752769269332553,0.4466733575636601,4099,-0.0009155856861982868,-0.0041843893600912035,0.003268803673892917,0.3394636574112509,10,2019-01-05,2022-01-05,False
ict_volume_imbalance_bearish,14800,-0.011995459715132288,-0.01071573008510999,-0.0012797296300222985,0.5515214477174397,6507,0.00017667348835982095,0.004083309468479994,-0.003906635980120173,0.6944583387687201,10,2019-01-05,2022-01-05,False
ict_volume_imbalance_bullish,24098,0.00632986340829312,0.0111941967534249,-0.004864333345131781,0.9202697015523,7376,1.377166261556651e-05,-0.0019385370752040153,0.0019523087378195817,0.40910328125990675,10,2019-01-05,2022-01-05,False
smc_equal_highs,2139,-0.010247321431462453,-0.01037380780553107,0.00012648637406861667,0.4854554271646749,612,0.004058324031513399,0.003887504684928032,0.00017081934658536718,0.4923715590798987,10,2019-01-05,2022-01-05,False
smc_equal_lows,1807,0.01098797206640839,0.010257163786231262,0.0007308082801771275,0.39667725100765694,594,-0.005524390507413407,-0.005469927452763909,-5.4463054649497855e-05,0.5022805875970057,10,2019-01-05,2022-01-05,False
smc_fvg_bearish_formed,14888,-0.015303483276946719,-0.010211692256335215,-0.005091791020611504,0.6457528372679937,7165,-0.001206584262168177,0.005194013392373313,-0.00640059765454149,0.7554932765332453,10,2019-01-05,2022-01-05,False
smc_fvg_bullish_formed,15329,0.01362719889064076,0.010802046181515737,0.0028251527091250218,0.30611767057223227,6524,-0.008681334040772195,-0.0030133579182701382,-0.005667976122502057,0.7284978677848705,10,2019-01-05,2022-01-05,False
smc_internal_bos_bearish,2572,-0.004396614690667061,-0.00964539312692584,0.005248778436258779,0.37463342603203337,1451,-0.017128968076817713,0.00799101496417174,-0.025119983040989453,0.9928892656916977,10,2019-01-05,2022-01-05,False
smc_internal_bos_bullish,6366,0.007703244865316372,0.01168771901163657,-0.003984474146320197,0.9385811238741223,1268,-0.011770378592306436,0.0017697899300658532,-0.01354016852237229,0.9731782937680857,10,2019-01-05,2022-01-05,False
smc_internal_choch_bearish,4855,-0.01070019609712409,-0.010683142924450762,-1.7053172673328273e-05,0.5007012857837363,1874,0.003078303981052672,0.0025411482912919524,0.0005371556897607196,0.467614578393164,10,2019-01-05,2022-01-05,False
smc_internal_choch_bullish,5033,0.012581279841281325,0.010671352840679217,0.0019099270006021074,0.2803826837430782,1686,0.0038557564366108145,-0.0025240942114569983,0.006379850648067812,0.30643555629633235,10,2019-01-05,2022-01-05,False
smc_internal_ob_bearish_formed,7427,-0.008517240478784587,-0.010323765991741184,0.0018065255129565971,0.4369982190175939,3325,-0.005739967223750314,0.004919420935607313,-0.010659388159357627,0.8996034697387976,10,2019-01-05,2022-01-05,False
smc_internal_ob_bearish_mitigated,7493,0.010755294945929326,0.010762761230357834,-7.466284428507899e-06,0.5009872283891045,2193,-0.0006130811768513985,-6.47870688924884e-05,-0.0005482941079589101,0.5258975883058946,10,2019-01-05,2022-01-05,False
smc_internal_ob_bullish_formed,11399,0.009857043447124568,0.01123896289808026,-0.0013819194509556917,0.6985043443800846,2954,-0.0028517382203516344,-0.0006809509848317532,-0.0021707872355198814,0.5863827263011648,10,2019-01-05,2022-01-05,False
smc_internal_ob_bullish_mitigated,7465,-0.0005581769145439077,-0.010351350347294487,0.009793173432750579,0.33723167838542856,3355,-0.00317949597488572,0.005022693763335293,-0.008202189738221014,0.8562777637021006,10,2019-01-05,2022-01-05,False
smc_swing_bos_bearish,147,0.006159523568235041,-0.007189449763059092,0.013348973331294133,0.35352293408469315,182,-0.012918801364658162,0.012072811501138158,-0.02499161286579632,0.9556032727215497,10,2019-01-05,2022-01-05,True
smc_swing_bos_bullish,841,0.007578154236644337,0.01214410322263344,-0.004565948985989102,0.921375863285413,175,-0.009774572080278288,0.005501361508504965,-0.015275933588783253,0.9776189890936015,10,2019-01-05,2022-01-05,False
smc_swing_choch_bearish,548,0.03922739881035935,-0.00963233204058125,0.0488597308509406,0.13205013743882094,340,-0.014038649521879262,0.004175168790608035,-0.018213818312487296,0.9819596178769644,10,2019-01-05,2022-01-05,True
smc_swing_choch_bullish,715,0.0072188335045889965,0.010245017339596475,-0.003026183835007478,0.7747184117386837,185,-0.0019511126404177567,0.0024513948984617897,-0.004402507538879547,0.726111119444977,10,2019-01-05,2022-01-05,False
smc_swing_ob_bearish_formed,695,0.0322331863490755,-0.009115636076846349,0.04134882242592185,0.1553495848508255,522,-0.013648204378940104,0.006928753030677921,-0.020576957409618027,0.986474588357256,10,2019-01-05,2022-01-05,True
smc_swing_ob_bearish_mitigated,838,0.007235768011599854,0.010484480345702745,-0.003248712334102891,0.8378200492709005,232,-0.0033218451739507196,0.004767725296611484,-0.008089570470562205,0.9171473969191115,10,2019-01-05,2022-01-05,False
smc_swing_ob_bullish_formed,1556,0.007413042203598341,0.011271451290518129,-0.0038584090869197875,0.894721929126248,360,-0.0057541832014610704,0.003934017556121667,-0.009688200757582737,0.9310183213760428,10,2019-01-05,2022-01-05,False
smc_swing_ob_bullish_mitigated,902,0.009639103482153306,-0.009339414773394238,0.018978518255547545,0.3683195266547592,384,-0.01353933014130089,0.007408204866537733,-0.020947535007838622,0.9844706160362298,10,2019-01-05,2022-01-05,True
ict_bos_bearish,9202,-0.009025283056269482,-0.005410514849590997,-0.003614768206678485,0.6210024284130676,3238,-0.009636451610383278,-0.004729248628226489,-0.0049072029821567885,0.7797357722306988,11,2020-01-05,2023-01-05,False
ict_bos_bullish,14303,0.0021479483241300555,0.006682940650585988,-0.0045349923264559324,0.9013391365486907,5032,0.01057584835005403,0.009721422008154953,0.0008544263418990769,0.4324952875389688,11,2020-01-05,2023-01-05,False
ict_bpr_bearish,5402,-0.005694378365338516,-0.005979113521342409,0.00028473515600389247,0.48468471771266397,1875,-0.010128704876972492,-0.007487986531843351,-0.0026407183451291408,0.6826044986806538,11,2020-01-05,2023-01-05,False
ict_bpr_bullish,5434,0.0032362938883328156,0.0060114820369597775,-0.002775188148626962,0.660677461450925,1956,0.007841124623579799,0.008047444552843046,-0.0002063199292632479,0.5142941501752236,11,2020-01-05,2023-01-05,False
ict_displacement_bearish,38618,-0.008686453037011667,-0.006002495514500064,-0.0026839575225116024,0.6723126142674312,12507,-0.007174958416737503,-0.006720864161783444,-0.0004540942549540591,0.534467493206975,11,2020-01-05,2023-01-05,False
ict_displacement_bullish,40936,0.001977001989837226,0.006287406930423646,-0.00431040494058642,0.8095998295240945,14559,0.00704652662216198,0.008699627011201987,-0.001653100389040007,0.6284788260188916,11,2020-01-05,2023-01-05,False
ict_fvg_bearish_formed,18536,-0.004926425698513871,-0.005867913418808874,0.0009414877202950029,0.45833477732028305,6464,-0.009434150226339474,-0.0063955888523092455,-0.003038561374030228,0.7098947553985112,11,2020-01-05,2023-01-05,False
ict_fvg_bullish_formed,21478,0.002911278018494008,0.006402680359400077,-0.0034914023409060692,0.7783617015898763,7818,0.008802921805577606,0.009229163885101574,-0.00042624207952396756,0.5329647417736114,11,2020-01-05,2023-01-05,False
ict_liquidity_buyside_pool_formed,11925,0.007423993959676057,0.005817145064118014,0.0016068488955580428,0.3692876263907662,4533,0.008782132950850709,0.006395106795658257,0.0023870261551924513,0.3171574088926579,11,2020-01-05,2023-01-05,False
ict_liquidity_buyside_swept,8829,0.0076302053938868105,0.005941454444492107,0.0016887509493947036,0.3415835082360408,3354,0.009443090673628328,0.00713691791447548,0.002306172759152848,0.31478969459540324,11,2020-01-05,2023-01-05,False
ict_liquidity_sellside_pool_formed,10991,-0.0037284250350121534,-0.005559843668509801,0.001831418633497648,0.41420424178874427,4046,-0.006164906945690959,-0.004917061692628485,-0.0012478452530624738,0.5945371657316773,11,2020-01-05,2023-01-05,False
ict_liquidity_sellside_swept,7277,-0.004384691013597476,-0.005385665001011504,0.0010009739874140278,0.4592949435746035,2616,-0.006573926619769613,-0.004123585078495669,-0.002450341541273944,0.6762896767138386,11,2020-01-05,2023-01-05,False
ict_mss_bearish,6961,-0.005886862749662689,-0.0060436616672204825,0.0001567989175577933,0.492422877589141,2192,-0.004466064918537793,-0.00748193886091276,0.0030158739423749668,0.28637451838461636,11,2020-01-05,2023-01-05,False
ict_mss_bullish,6749,0.007577435643296504,0.006072368385174417,0.0015050672581220868,0.3888997209509752,2361,0.009094770838464897,0.007665944479107629,0.0014288263593572681,0.40806727709508045,11,2020-01-05,2023-01-05,False
ict_nwog_gap_down,27039,0.00027620541071134353,-0.00606980317077871,0.006346008581490053,0.19841142772362996,8929,-0.008871577359972948,-0.007695947587659119,-0.0011756297723138284,0.5890032269150638,11,2020-01-05,2023-01-05,True
ict_nwog_gap_up,29489,0.011845255655701636,0.006267347291187034,0.005577908364514602,0.16739367287211654,8275,0.004559499877248923,0.007624975193095147,-0.003065475315846224,0.6673682898828541,11,2020-01-05,2023-01-05,False
ict_ob_bearish_formed,4546,-0.005481998212475095,-0.005538592323307257,5.659411083216211e-05,0.4982268763090264,1569,-0.0071174202112291125,-0.004877165008532012,-0.0022402552026971004,0.6304568784400023,11,2020-01-05,2023-01-05,False
ict_ob_bearish_mitigated,3813,0.006370925145294763,0.00656306888579438,-0.000192143740499617,0.5201044281510229,1639,0.011929769748227128,0.00946029480305134,0.0024694749451757876,0.3265882315644518,11,2020-01-05,2023-01-05,False
ict_ob_bullish_formed,5921,0.005129138697593748,0.006486114256382712,-0.0013569755587889646,0.6350167160021243,1967,0.00882232995414432,0.009236100413772057,-0.0004137704596277377,0.5339911913426181,11,2020-01-05,2023-01-05,False
ict_ob_bullish_mitigated,5120,-0.0019865016054084724,-0.005447945205036651,0.0034614435996281785,0.4455546058848011,1223,-0.006815103770956095,-0.003390595121673103,-0.003424508649282992,0.6902512909933994,11,2020-01-05,2023-01-05,False
ict_sweep_buyside_bearish,12531,-0.0018220924546792343,-0.00615396673221956,0.004331874277540325,0.21800316030313616,3695,-0.007891928407896317,-0.008397376746607491,0.000505448338711174,0.46437707133198647,11,2020-01-05,2023-01-05,False
ict_sweep_sellside_bullish,9713,0.0051817920048273505,0.005692316806214521,-0.0005105248013871702,0.5259226222610561,3604,0.0066866267904065035,0.005964944088099707,0.0007216827023067965,0.4596368381986257,11,2020-01-05,2023-01-05,False
ict_volume_imbalance_bearish,17123,-0.006342815518382039,-0.0060297164009694626,-0.00031309911741257603,0.5140379663284509,6155,-0.00982231430791008,-0.006995878136722115,-0.0028264361711879647,0.6919741890100101,11,2020-01-05,2023-01-05,False
ict_volume_imbalance_bullish,22428,0.0017057406517525433,0.00636284947604704,-0.0046571088242944965,0.8529384084317141,7190,0.006506709449441515,0.007659733705519907,-0.0011530242560783928,0.5954011547793943,11,2020-01-05,2023-01-05,False
smc_equal_highs,1988,-0.0052195362674134485,-0.005721522161020621,0.0005019858936071726,0.4542921424671196,708,-0.006000817593693572,-0.0077753900411975715,0.0017745724475039994,0.37216232363937074,11,2020-01-05,2023-01-05,False
smc_equal_lows,1798,0.005141303116321678,0.00552928573630627,-0.00038798261998459257,0.5384156571188139,654,0.005751758512448367,0.007340766544365745,-0.0015890080319173779,0.6125439748865392,11,2020-01-05,2023-01-05,False
smc_fvg_bearish_formed,18197,-0.008654495411243029,-0.0058045241225867465,-0.0028499712886562827,0.5969587922100259,4084,-0.009946767208384838,-0.005487746108194826,-0.004459021100190011,0.7553652392725506,11,2020-01-05,2023-01-05,False
smc_fvg_bullish_formed,18140,0.0058313392438323645,0.0063205487438281,-0.0004892094999957358,0.5328758569561733,4411,0.0115379693773167,0.009146552096224045,0.002391417281092656,0.34232460172140167,11,2020-01-05,2023-01-05,False
smc_internal_bos_bearish,3282,-0.005859389214244409,-0.005211329207148639,-0.0006480600070957699,0.519086795229863,1261,-0.00944373404453371,-0.00420693165355384,-0.0052368023909798705,0.7926435438233924,11,2020-01-05,2023-01-05,False
smc_internal_bos_bullish,5512,0.0022417296331984984,0.006821984518840536,-0.004580254885642038,0.9160465738583188,1826,0.006755752287356933,0.009969640485618997,-0.0032138881982620637,0.6985569109429499,11,2020-01-05,2023-01-05,False
smc_internal_choch_bearish,5261,-0.005486962999412523,-0.006009859067475389,0.0005228960680628662,0.4770109932324509,1674,-0.0037570090409203053,-0.007512245488274518,0.0037552364473542126,0.23235170988647752,11,2020-01-05,2023-01-05,False
smc_internal_choch_bullish,5075,0.008260010173364932,0.0060064282865910845,0.0022535818867738472,0.32744146233873417,1842,0.009991551816819468,0.007676015492587897,0.0023155363242315704,0.33739372915875154,11,2020-01-05,2023-01-05,False
smc_internal_ob_bearish_formed,8543,-0.005630039534245515,-0.005703084515023986,7.3044980778471e-05,0.4971360822311911,2935,-0.006200266359338195,-0.0060921430195921425,-0.00010812333974605237,0.5080070490142824,11,2020-01-05,2023-01-05,False
smc_internal_ob_bearish_mitigated,7202,0.0077199316116274746,0.0064894873782564,0.0012304442333710749,0.37173396994676783,2970,0.01148964079166355,0.009259504435388408,0.002230136356275142,0.3245841571246175,11,2020-01-05,2023-01-05,False
smc_internal_ob_bullish_formed,10587,0.005126661506377364,0.006431038275460357,-0.001304376769082993,0.6358636542158891,3668,0.008380709412021596,0.008817825535465434,-0.00043711612344383803,0.5335801945808906,11,2020-01-05,2023-01-05,False
smc_internal_ob_bullish_mitigated,8993,5.259390397199378e-05,-0.005681065829198261,0.005733659733170255,0.3844418706414506,2425,-0.007503580703399034,-0.004962843007118133,-0.0025407376962809005,0.6600652890346235,11,2020-01-05,2023-01-05,True
smc_swing_bos_bearish,266,0.0018817952951093809,-0.0032196558644050095,0.00510145115951439,0.40529210943652727,114,-0.004093323314821196,0.0010166187007276868,-0.005109942015548883,0.7006613518173427,11,2020-01-05,2023-01-05,False
smc_swing_bos_bullish,767,0.0024550453590476786,0.007126983801378816,-0.0046719384423311375,0.8889657181068127,279,0.01203007492642587,0.012908837186965292,-0.0008787622605394216,0.5609973076190307,11,2020-01-05,2023-01-05,False
smc_swing_choch_bearish,830,0.020865072220150847,-0.005383942763512365,0.026249014983663214,0.20609296875169325,173,-0.014909725724670964,-0.0017396788241824683,-0.013170046900488496,0.9592523632086692,11,2020-01-05,2023-01-05,True
smc_swing_choch_bullish,661,0.005334699502885539,0.006183208147131595,-0.0008485086442460562,0.5792628676785642,265,0.009932265979946892,0.010223624275552208,-0.0002913582956053165,0.516107921083172,11,2020-01-05,2023-01-05,False
smc_swing_ob_bearish_formed,1096,0.01625781705403677,-0.00485866875332755,0.02111648580736432,0.2296634032443698,287,-0.010613315011350847,-0.0006448428735212917,-0.009968472137829556,0.9013829746913589,11,2020-01-05,2023-01-05,True
smc_swing_ob_bearish_mitigated,842,0.004170926693923356,0.006792541574778467,-0.0026216148808551106,0.763337325554978,280,0.0028033128562281718,0.011800553609172065,-0.008997240752943893,0.937675032669732,11,2020-01-05,2023-01-05,False
smc_swing_ob_bullish_formed,1428,0.0037879945110622626,0.0066901240622629825,-0.00290212955120072,0.7994210559408349,544,0.011008164318306516,0.011600783103280604,-0.0005926187849740888,0.5412189001864598,11,2020-01-05,2023-01-05,False
smc_swing_ob_bullish_mitigated,1217,0.003680961876405789,-0.005001382120741142,0.008682343997146931,0.4182159209236749,206,-0.014050046620226544,0.00016783530417770063,-0.014217881924404244,0.9209942009237981,11,2020-01-05,2023-01-05,True
ict_bos_bearish,9718,-0.011879509662792349,-0.004519565397277526,-0.007359944265514823,0.9495022971964093,2696,-0.011595740799186516,-0.004614294819172792,-0.006981445980013724,0.8917152259606675,12,2021-01-05,2024-01-05,False
ict_bos_bullish,14095,0.004452834454045014,0.0058820688970169545,-0.00142923444297194,0.6654466380142916,5069,0.005703892899234173,0.01187283863887946,-0.006168945739645287,0.974352414933457,12,2021-01-05,2024-01-05,False
ict_bpr_bearish,5548,-0.0033914921661616555,-0.005323023186109743,0.0019315310199480872,0.3516109788372155,1675,-0.006742517913389903,-0.008230277586757245,0.0014877596733673419,0.4125849424507053,12,2021-01-05,2024-01-05,True
ict_bpr_bullish,5672,-0.0003885999643962668,0.005325036538546509,-0.005713636502942775,0.8614259095758192,1663,0.007394428494843535,0.00892436398628288,-0.0015299354914393446,0.6465716878256786,12,2021-01-05,2024-01-05,False
ict_displacement_bearish,37925,-0.0076114649031485725,-0.005197675823029573,-0.0024137890801189995,0.7381250145336222,12283,-0.007470322547272241,-0.007769974729923727,0.00029965218265148603,0.4759168463531532,12,2021-01-05,2024-01-05,False
ict_displacement_bullish,42120,0.0029480476968971854,0.005559581614262205,-0.00261153391736502,0.7585943537531147,12959,0.00792766837569891,0.009752856144592658,-0.001825187768893748,0.7247413741012476,12,2021-01-05,2024-01-05,False
ict_fvg_bearish_formed,19021,-0.006007290170865544,-0.005091432418931083,-0.0009158577519344608,0.583182898348642,5713,-0.008289862679035013,-0.007153725681528115,-0.0011361369975068977,0.5759282028892222,12,2021-01-05,2024-01-05,False
ict_fvg_bullish_formed,22314,0.0026597455399008586,0.005627253618704399,-0.0029675080788035403,0.7719208685167529,6960,0.006098334059264497,0.01044989946341732,-0.004351565404152823,0.9074423829681998,12,2021-01-05,2024-01-05,False
ict_liquidity_buyside_pool_formed,12020,0.005431777705042878,0.005134731331986471,0.00029704637305640654,0.4690304631347899,3288,0.0067040724738301185,0.005615540476691338,0.0010885319971387806,0.371333964348793,12,2021-01-05,2024-01-05,False
ict_liquidity_buyside_swept,8808,0.006009198988691721,0.0052828052157551895,0.0007263937729365313,0.4211614760983828,2384,0.004440426388766512,0.006543528125862604,-0.002103101737096092,0.7505611041863629,12,2021-01-05,2024-01-05,False
ict_liquidity_sellside_pool_formed,11453,-0.0072843094840828225,-0.0048214616448712735,-0.002462847839211549,0.7372778946256264,3138,-0.010721128383673029,-0.004400252650799685,-0.006320875732873344,0.9256887344583931,12,2021-01-05,2024-01-05,False
ict_liquidity_sellside_swept,7571,-0.008332688319825405,-0.004638992423939012,-0.003693695895886393,0.8276199740704009,2007,-0.009975410859949704,-0.003212245070383276,-0.006763165789566428,0.9104786456778334,12,2021-01-05,2024-01-05,False
ict_mss_bearish,6874,-0.005355962013082374,-0.005405993909661945,5.003189657957086e-05,0.4947931691816179,2477,-0.00969845892897338,-0.008103466438672394,-0.0015949924903009855,0.6016626602215993,12,2021-01-05,2024-01-05,False
ict_mss_bullish,6968,0.006481512680911171,0.005394296258529747,0.0010872164223814243,0.4025868960892656,2195,0.007255401957485947,0.00830109041300061,-0.0010456884555146628,0.6219676002965334,12,2021-01-05,2024-01-05,False
ict_nwog_gap_down,26641,-0.002983521278878924,-0.005299140311450702,0.002315619032571778,0.2935112470809982,7546,-0.01341373097211314,-0.00798451177819436,-0.005429219193918781,0.875183946318881,12,2021-01-05,2024-01-05,True
ict_nwog_gap_up,27004,0.007062753203466557,0.005547518135832009,0.0015152350676345475,0.3677291624188974,9806,0.007508824639170368,0.0093581973582165,-0.0018493727190461318,0.6479509940061541,12,2021-01-05,2024-01-05,False
ict_ob_bearish_formed,4860,-0.010458059550498547,-0.004750240439742763,-0.005707819110755783,0.9148019173570444,1408,-0.007087059345497171,-0.004980755887913804,-0.0021063034575833674,0.6479612534351308,12,2021-01-05,2024-01-05,False
ict_ob_bearish_mitigated,4224,0.0075977524609565856,0.00573768021979563,0.0018600722411609557,0.2807653139304076,1412,0.005492585553810463,0.00969333685358955,-0.004200751299779087,0.9607572328503511,12,2021-01-05,2024-01-05,False
ict_ob_bullish_formed,5720,0.006005772589337544,0.0058621983860810785,0.00014357420325646596,0.4815248168356056,2233,0.005056195379611841,0.009975724652376032,-0.00491952927276419,0.9538343704543347,12,2021-01-05,2024-01-05,False
ict_ob_bullish_mitigated,4113,-0.011441900203995489,-0.004476433686797543,-0.006965466517197946,0.9423159114054722,1165,-0.013237332767335908,-0.004383989187354416,-0.008853343579981491,0.8892265879423116,12,2021-01-05,2024-01-05,False
ict_sweep_buyside_bearish,11610,-0.003899257220640125,-0.005736342846700245,0.00183708562606012,0.3040730042340396,4536,-0.009864211459572985,-0.008852235831399392,-0.001011975628173593,0.583771731930674,12,2021-01-05,2024-01-05,False
ict_sweep_sellside_bullish,10862,0.005999502206300034,0.005028251298159847,0.0009712509081401871,0.40539197567143376,2877,0.008323730296820313,0.006308960186136509,0.002014770110683804,0.305687544983279,12,2021-01-05,2024-01-05,False
ict_volume_imbalance_bearish,17303,-0.007796321612633096,-0.005275834721037301,-0.002520486891595795,0.7428465631936069,5377,-0.012722829098757531,-0.007190630264022065,-0.005532198834735466,0.8618821214129035,12,2021-01-05,2024-01-05,False
ict_volume_imbalance_bullish,21873,0.003947585829767928,0.005573194758677283,-0.0016256089289093554,0.6828555811846289,7978,0.006944267766348324,0.00968711376892686,-0.0027428460025785365,0.7834851874595792,12,2021-01-05,2024-01-05,False
smc_equal_highs,2078,-0.0029459056168088175,-0.005055919998091266,0.0021100143812824482,0.27370692667899954,708,-0.00947201568675423,-0.0073703772142893935,-0.0021016384724648366,0.6694947078946099,12,2021-01-05,2024-01-05,True
smc_equal_lows,1900,0.0024630416650694292,0.004940302900652682,-0.002477261235583253,0.7383605923185506,605,0.010125345972102082,0.0062563794282089235,0.0038689665438931585,0.19361744998024577,12,2021-01-05,2024-01-05,False
smc_fvg_bearish_formed,15090,-0.00771586173327294,-0.00493454689666685,-0.00278131483660609,0.7067538248284277,3774,-0.012502903375996396,-0.007255277641364818,-0.005247625734631578,0.8034597154734079,12,2021-01-05,2024-01-05,False
smc_fvg_bullish_formed,15505,0.002874662114146449,0.00546122791583161,-0.0025865658016851613,0.7172393074887542,3476,0.007070836582999614,0.00993961520989997,-0.002868778626900355,0.7938398294649258,12,2021-01-05,2024-01-05,False
smc_internal_bos_bearish,3640,-0.014663492743606526,-0.004432674238240652,-0.010230818505365873,0.980177815649124,909,-0.012639469768086591,-0.0027664004542653853,-0.009873069313821207,0.962666646032753,12,2021-01-05,2024-01-05,False
smc_internal_bos_bullish,5146,0.0016679782666903873,0.006120818266852899,-0.004452840000162512,0.9135533832679408,2151,0.00511152448348945,0.01168238744649178,-0.00657086296300233,0.9716046845565828,12,2021-01-05,2024-01-05,False
smc_internal_choch_bearish,5113,-0.004598912542218255,-0.005390763673294265,0.00079185113107601,0.41608941687095136,1761,-0.009888225843125166,-0.00776853972730669,-0.0021196861158184754,0.6411984187213602,12,2021-01-05,2024-01-05,False
smc_internal_choch_bullish,5212,0.00930018823224026,0.005346603788726873,0.003953584443513386,0.19104952055400526,1535,0.005859299501872059,0.0080868111352269,-0.0022275116333548414,0.7219572533071953,12,2021-01-05,2024-01-05,True
smc_internal_ob_bearish_formed,8753,-0.008784342901301232,-0.004992335072403702,-0.0037920078288975305,0.8269325267759206,2670,-0.010824885291735626,-0.006065564221990383,-0.004759321069745243,0.8139865342474499,12,2021-01-05,2024-01-05,False
smc_internal_ob_bearish_mitigated,7701,0.007599423608040103,0.005670779519457997,0.0019286440885821054,0.26912261725399944,2508,0.006140566448200988,0.00925208817284558,-0.0031115217246445925,0.8505653574917291,12,2021-01-05,2024-01-05,True
smc_internal_ob_bullish_formed,10358,0.00550839903715244,0.005731244424412966,-0.0002228453872605259,0.525742384326536,3686,0.005422928350341676,0.010185043540417021,-0.004762115190075345,0.9344709816211086,12,2021-01-05,2024-01-05,False
smc_internal_ob_bullish_mitigated,7777,-0.008464057360762322,-0.004805767477613076,-0.003658289883149246,0.8028132477717792,2310,-0.012614104612534056,-0.005808031905314241,-0.006806072707219815,0.8519678230556355,12,2021-01-05,2024-01-05,False
smc_swing_bos_bearish,312,-0.00929606648562559,-0.0021451155105548323,-0.007150950975070758,0.7910383926090738,61,-0.019830122402563176,0.004777405509401748,-0.024607527911964924,0.9795624402648853,12,2021-01-05,2024-01-05,False
smc_swing_bos_bullish,837,0.004977019150512741,0.007061091785171949,-0.002084072634659208,0.7330193538125516,307,0.006828566571506732,0.01158316742965508,-0.004754600858148349,0.9232237880708489,12,2021-01-05,2024-01-05,False
smc_swing_choch_bearish,658,-0.017698723866965083,-0.004298938136895234,-0.01339978573006985,0.9948887706208309,123,-0.02011467310536695,-0.0005392610814352859,-0.019575412023931666,0.9903004077612056,12,2021-01-05,2024-01-05,False
smc_swing_choch_bullish,559,0.006069498203737287,0.005059919845347042,0.0010095783583902451,0.4093881257163098,162,0.0034226484399806265,0.007302672514389706,-0.0038800240744090793,0.7898181372584361,12,2021-01-05,2024-01-05,False
smc_swing_ob_bearish_formed,970,-0.014996013451523927,-0.003606162199350691,-0.011389851252173237,0.976074357861778,184,-0.020020338361502656,0.0012233294731356873,-0.021243667834638345,0.9934566035152004,12,2021-01-05,2024-01-05,False
smc_swing_ob_bearish_mitigated,753,0.0017590849284911138,0.00595354907076933,-0.004194464142278216,0.899624900732509,306,0.004901411890114942,0.010997473087107053,-0.006096061196992111,0.9732926547025187,12,2021-01-05,2024-01-05,False
smc_swing_ob_bullish_formed,1396,0.005414480318673574,0.006259762906689049,-0.000845282588015475,0.6027741244872776,469,0.0056521087094444115,0.010104616947196676,-0.004452508237752264,0.9344911539396327,12,2021-01-05,2024-01-05,False
smc_swing_ob_bullish_mitigated,685,-0.016699228573496747,-0.0035534019094579827,-0.013145826664038764,0.97901862594797,127,-0.025674744940991423,0.002059504067201824,-0.027734249008193247,0.9993020187281492,12,2021-01-05,2024-01-05,False
ict_bos_bearish,9663,-0.009111980548191522,-0.003738357971263159,-0.0053736225769283625,0.8860613535440389,2788,-0.009534127891904878,-0.0026933733488677097,-0.006840754543037168,0.8603573511247041,13,2022-01-05,2025-01-05,False
ict_bos_bullish,13855,0.0037418791189013055,0.0057028664295440306,-0.001960987310642725,0.7207433881952657,4735,0.002403642695107976,0.00980605999946132,-0.007402417304353344,0.9716765226190268,13,2022-01-05,2025-01-05,False
ict_bpr_bearish,5745,-0.0018197778466481796,-0.004725726212260621,0.0029059483656124416,0.2742863391761544,1749,-0.00928099741321274,-0.005864327221102123,-0.0034166701921106166,0.7167871869605161,13,2022-01-05,2025-01-05,True
ict_bpr_bullish,5710,-0.0013370396938380195,0.004958240797149565,-0.006295280490987584,0.8850906677983204,1820,0.005075586265966409,0.0063489312507431775,-0.0012733449847767688,0.5903841217975181,13,2022-01-05,2025-01-05,False
ict_displacement_bearish,37888,-0.00582500021353592,-0.004514427379995556,-0.0013105728335403638,0.6351186914005735,12256,-0.009666074270949735,-0.005504258818754601,-0.004161815452195134,0.8036047455025759,13,2022-01-05,2025-01-05,False
ict_displacement_bullish,41976,0.0018346283523737676,0.005117127298806965,-0.0032824989464331975,0.8097895974062308,13336,0.0031595403088625507,0.007093856052770504,-0.003934315743907953,0.7932899550239582,13,2022-01-05,2025-01-05,False
ict_fvg_bearish_formed,19375,-0.004420449661452577,-0.0043949901194137815,-2.545954203879517e-05,0.5023982072769999,6037,-0.00836912366811486,-0.005199281800589101,-0.0031698418675257583,0.7046545161989881,13,2022-01-05,2025-01-05,False
ict_fvg_bullish_formed,22148,0.0011656771850090996,0.005246983242707638,-0.0040813060576985385,0.8459506628144069,6737,0.0033809425797606952,0.007962896715095152,-0.004581954135334456,0.8533618542155685,13,2022-01-05,2025-01-05,False
ict_liquidity_buyside_pool_formed,11978,0.003604519471662724,0.004130689418566343,-0.0005261699469036188,0.5543158358713838,4242,0.006387880009459784,0.0055207813442083985,0.0008670986652513854,0.43339127956518003,13,2022-01-05,2025-01-05,False
ict_liquidity_buyside_swept,8644,0.0036469469035231078,0.004320813978385571,-0.0006738670748624633,0.5709273165358941,3072,0.004390636316304757,0.0063355768219069295,-0.0019449405056021721,0.6405123211748027,13,2022-01-05,2025-01-05,False
ict_liquidity_sellside_pool_formed,11758,-0.006012510032537906,-0.0037134540997847167,-0.0022990559327531893,0.7259451167408446,3773,-0.010345167053930996,-0.004271981272365389,-0.0060731857815656065,0.880451739377031,13,2022-01-05,2025-01-05,False
ict_liquidity_sellside_swept,7791,-0.0059460751470690075,-0.0035501352206151063,-0.002395939926453901,0.7391603788122011,2395,-0.007674040046218021,-0.00328017631136549,-0.004393863734852531,0.8088059843832264,13,2022-01-05,2025-01-05,False
ict_mss_bearish,7087,-0.003906775978421961,-0.004752020354069807,0.0008452443756478464,0.4065320763055438,2289,-0.008428405917378583,-0.005688664956619615,-0.002739740960758968,0.7156417068235108,13,2022-01-05,2025-01-05,False
ict_mss_bullish,6770,0.004456635731785,0.004798123757600808,-0.00034148802581580786,0.5296478808867648,2484,0.001954500652525532,0.005838213457768149,-0.003883712805242617,0.6595163628129866,13,2022-01-05,2025-01-05,False
ict_nwog_gap_down,26783,-0.002740518414815006,-0.004622594642061021,0.0018820762272460153,0.32663892847882003,8545,-0.017832336788518047,-0.005999927602712526,-0.01183240918580552,0.9810741255365973,13,2022-01-05,2025-01-05,True
ict_nwog_gap_up,25869,0.0068470506377098575,0.005007357584133697,0.0018396930535761608,0.34904509197861433,9562,-0.0009392508866007894,0.007545599715211791,-0.008484850601812581,0.8748408584609217,13,2022-01-05,2025-01-05,True
ict_ob_bearish_formed,4896,-0.006615009925909996,-0.003876183911575964,-0.002738826014334032,0.754027383882298,1668,-0.007534281917328718,-0.003761330435762018,-0.0037729514815667,0.7509627777198543,13,2022-01-05,2025-01-05,False
ict_ob_bearish_mitigated,4232,0.006149494355222948,0.004958667555034453,0.0011908268001884952,0.3550612050640584,1353,0.004761793717677766,0.008670027052326366,-0.0039082333346486,0.8184036109544881,13,2022-01-05,2025-01-05,False
ict_ob_bullish_formed,5716,0.0040866209572033825,0.005328701234626963,-0.0012420802774235802,0.6533749656511109,1981,0.004675021539769575,0.008394503633172597,-0.003719482093403022,0.7965349998730011,13,2022-01-05,2025-01-05,False
ict_ob_bullish_mitigated,4321,-0.009769907937480721,-0.003476572537144526,-0.006293335400336195,0.9216355674175317,1579,-0.014060897884918721,-0.0034280046569399856,-0.010632893227978736,0.9811255977073551,13,2022-01-05,2025-01-05,False
ict_sweep_buyside_bearish,11721,-0.003596427348881705,-0.004945275273083576,0.0013488479242018715,0.35136778981871486,4074,-0.006073561214744542,-0.006899761773389725,0.0008262005586451822,0.4171033673223234,13,2022-01-05,2025-01-05,False
ict_sweep_sellside_bullish,10442,0.004220798172485872,0.004268156520156892,-4.735834767101953e-05,0.5045203961590116,3689,0.006084097925608807,0.004494179428730339,0.0015899184968784681,0.4015834790683621,13,2022-01-05,2025-01-05,False
ict_volume_imbalance_bearish,17792,-0.007095057309026411,-0.004415648551380909,-0.002679408757645502,0.7567183126324908,5341,-0.01295647865928818,-0.005228031989935428,-0.007728446669352752,0.9159676264066449,13,2022-01-05,2025-01-05,False
ict_volume_imbalance_bullish,22391,0.004511077272810298,0.004985857131473422,-0.00047477985866312394,0.5550616366332008,6996,0.0045629904061262475,0.007302664754188049,-0.0027396743480618017,0.7318522752533173,13,2022-01-05,2025-01-05,False
smc_equal_highs,2017,-0.00413691893202502,-0.00432515439641449,0.00018823546438946973,0.4801831393142123,665,-0.009955396028420806,-0.0046808578957772285,-0.005274538132643577,0.8385890087018496,13,2022-01-05,2025-01-05,False
smc_equal_lows,1821,0.0032691133526821766,0.0043637265074621,-0.0010946131547799236,0.6037078171322441,614,0.007200082144869074,0.0053990217602144855,0.0018010603846545887,0.3137556207608889,13,2022-01-05,2025-01-05,False
smc_fvg_bearish_formed,14995,-0.006417284513565224,-0.004138987245613213,-0.0022782972679520107,0.6743667907806421,4901,-0.010506798641741293,-0.005356580901259362,-0.005150217740481931,0.778615691021759,13,2022-01-05,2025-01-05,False
smc_fvg_bullish_formed,14345,0.001318895814481076,0.0047820876785985,-0.0034631918641174243,0.7647236036016227,4580,0.00419084761588324,0.007831167065381355,-0.0036403194494981144,0.8372129176645351,13,2022-01-05,2025-01-05,False
smc_internal_bos_bearish,3599,-0.013260484013024394,-0.0034520973194664337,-0.00980838669355796,0.9754250618722878,1242,-0.009679008042178808,-0.002508921508686975,-0.007170086533491833,0.8557958185754944,13,2022-01-05,2025-01-05,False
smc_internal_bos_bullish,5237,0.001642240513586242,0.005794229149182838,-0.004151988635596596,0.900443905063836,1726,0.005656321696235312,0.01025325962054382,-0.004596937924308508,0.9057282225181755,13,2022-01-05,2025-01-05,False
smc_internal_choch_bearish,5287,-0.003347458080240866,-0.00469732748344604,0.0013498694032051746,0.35230371610447136,1604,-0.00926647751800617,-0.005241246345884272,-0.004025231172121897,0.7889726808386212,13,2022-01-05,2025-01-05,True
smc_internal_choch_bullish,5049,0.006611634670884815,0.004757300381416848,0.001854334289467967,0.3502393002754861,1740,0.0057054111254910755,0.005603765483883695,0.0001016456416073801,0.49420009499391937,13,2022-01-05,2025-01-05,True
smc_internal_ob_bearish_formed,8886,-0.007362423231274843,-0.004192985444265012,-0.003169437787009831,0.7913468076308412,2846,-0.009446506650480666,-0.004048854410607029,-0.005397652239873638,0.8487512877558794,13,2022-01-05,2025-01-05,False
smc_internal_ob_bearish_mitigated,7658,0.006184215315893676,0.00496877774098524,0.0012154375749084357,0.35248408045688256,2398,0.004705837197815622,0.007456788010738793,-0.002750950812923171,0.7672854055718847,13,2022-01-05,2025-01-05,False
smc_internal_ob_bullish_formed,10286,0.0040815241126724265,0.005285240878868774,-0.0012037167661963473,0.6331895554780698,3466,0.0056809655528149506,0.007919122344782533,-0.0022381567919675825,0.6871748155536561,13,2022-01-05,2025-01-05,False
smc_internal_ob_bullish_mitigated,8045,-0.007224091302715152,-0.0039048300393449034,-0.0033192612633702484,0.7821972161993719,2773,-0.012822722050056625,-0.004000396454478682,-0.008822325595577944,0.9578289712335294,13,2022-01-05,2025-01-05,False
smc_swing_bos_bearish,356,-0.011195892183900888,-0.0017770901899303512,-0.009418801993970537,0.8759291634912982,106,-0.010852015605808224,0.0010265630601182995,-0.011878578665926523,0.8519262217070589,13,2022-01-05,2025-01-05,False
smc_swing_bos_bullish,761,0.004917491101020611,0.006971564812597054,-0.0020540737115764436,0.7338367468248855,275,0.0067038853797444465,0.010501862672971509,-0.0037979772932270625,0.8545401866380267,13,2022-01-05,2025-01-05,False
smc_swing_choch_bearish,631,-0.015408882443290533,-0.003269773748950055,-0.012139108694340478,0.9885112742865206,207,-0.016974238833547997,-0.001280429625821441,-0.015693809207726558,0.9964092836250172,13,2022-01-05,2025-01-05,False
smc_swing_choch_bullish,612,0.004616934139682194,0.0041387711269871945,0.00047816301269499976,0.45433388948306375,160,0.003648609691679707,0.00993735751714649,-0.0062887478254667825,0.88187585941548,13,2022-01-05,2025-01-05,False
smc_swing_ob_bearish_formed,987,-0.013889303383166206,-0.0027313792737615906,-0.011157924109404615,0.9751733954184669,313,-0.014900898059936444,-0.0004991477577396117,-0.014401750302196831,0.9835074891326676,13,2022-01-05,2025-01-05,False
smc_swing_ob_bearish_mitigated,818,0.0018509676745262756,0.004912172801050355,-0.0030612051265240794,0.84165959112163,214,0.0037583141995042126,0.01357099640114877,-0.009812682201644558,0.9858278378750903,13,2022-01-05,2025-01-05,False
smc_swing_ob_bullish_formed,1373,0.0047835210643570195,0.0057088774596522375,-0.000925356395295218,0.6145726881903212,435,0.005580105816318336,0.010294228592668056,-0.00471412277634972,0.9326374803624318,13,2022-01-05,2025-01-05,False
smc_swing_ob_bullish_mitigated,714,-0.01614893502763502,-0.0022976549451373205,-0.013851280082497698,0.9859210625567736,317,-0.02027154606054202,-0.0013449927261762397,-0.01892655333436578,0.9990513626185048,13,2022-01-05,2025-01-05,False
